Individual,song,Begin.Path,selec.file,species,location,year,Vocalization.type,Song.number,old_name,original_dir,sound.files_selec,Notes,sound.files,selec,Channel,Q1.Time..s.,Q3.Time..s.,Time.5...s.,Time.95...s.,Delta.Time..s.,Dur.90...s.,IQR.Dur..s.,Max.Time..s.,Peak.Time..s.,Center.Time..s.,Q1.Freq..Hz.,Q3.Freq..Hz.,Center.Freq..Hz.,Delta.Freq..Hz.,IQR.BW..Hz.,BW.90...Hz.,Max.Freq..Hz.,Peak.Freq..Hz.,PFC.Avg.Slope..Hz.ms.,PFC.Min.Freq..Hz.,PFC.Min.Slope..Hz.ms.,PFC.Max.Freq..Hz.,PFC.Max.Slope..Hz.ms.,PFC.Num.Inf.Pts,Energy..dB.,Avg.Entropy..bits.,Agg.Entropy..bits.,Min.Entropy..bits.,Max.Entropy..bits.,duration,meanfreq,sd,freq.median,freq.Q25,freq.Q75,freq.IQR,time.median,time.Q25,time.Q75,time.IQR,skew,kurt,sp.ent,time.ent,entropy,sfm,meandom,mindom,maxdom,dfrange,modindx,startdom,enddom,dfslope,meanpeakf,start,bottom.freq,File.Offset..s.,end,top.freq,num.elms,elm.duration,freq.range,song.duration,song.rate,gap.duration,freq.range.Min5toMax95,spp_loc,area,mst,PC1,PC2,PC3,PC4,PC5,PC6,PC7,PC8,PC9,PC10,PC11,PC12,PC13,PC14,PC15,PC16,PC17,PC18,PC19,PC20,PC21,PC22
C_18_53,C_18_53_A.wav_Palustris_complex_1,H:\Sporophila_vocalizations\M-F consolidated\converted_sound_files\C_18_53_A.wav,Palustris_final_kjochecked_CecilasImageCorrections.txt,Palustris,E_Iberá,2019,complex,1,C_18_53_A.wav,D:/Sporophila_vocalizations/E_Iberá/2019/Palustris,C_18_53_A.wav_609,NANANANANANANANANA,C_18_53_A.wav,1,1,6.148761667,6.206811444,6.124896667,6.268086444,0.227495444,0.143189889,0.05805,6.166821556,6.166821556,6.178431556,3435.744444,3885.533333,3646.277778,2369.688889,449.8333333,957.0333333,3713.266667,-0.667580516,-0.209363281,2928.5,-56.06666667,4612.877778,80.77777778,1.222222222,123.5888889,1.686555556,3.527555556,1.274555556,2.815777778,0.227495364,3.601438548,-0.991065984,3.567572217,-0.627523434,-1.021481095,-1.020707801,-0.487253394,-0.467910914,0.141698932,0.088772614,-1.003284101,-0.882481109,0.882424974,-0.580145846,0.228413292,0.333255209,-0.449859484,0.491480474,-0.488818082,1.927333333,17.69223986,3.348333333,3.054333333,-1.826712386,3.740333333,4.716,1.9355,4.716,7.711252673,8.0729,-0.214227088,-0.196583514,6.1374,-0.327417545,0.711625335,-0.871696272,-0.613283737,Palustris_E_Iberá,2697.792023,-0.28161795,-2421.4597,-1437.719645,405.5861246,-522.5198958,-221.0168352,-302.2402629,-479.6632819,-78.81140454,486.7502035,-181.2885589,-193.264082,-181.5640225,112.7914719,160.8955786,53.0172274,187.5592311,63.49295331,56.09741003,-25.12649699,6.665895343,-91.84330655,1.12E-11
C_18_53,C_18_53_A.wav_Palustris_complex_2,H:\Sporophila_vocalizations\M-F consolidated\converted_sound_files\C_18_53_A.wav,Palustris_final_kjochecked_CecilasImageCorrections.txt,Palustris,E_Iberá,2019,complex,2,C_18_53_A.wav,D:/Sporophila_vocalizations/E_Iberá/2019/Palustris,C_18_53_A.wav_619,NANANANAfaintfaint,C_18_53_A.wav,1,1,33.01973167,33.07487917,32.99264183,33.111644,0.197663667,0.1190025,0.0551475,33.04682167,33.04682167,33.04682167,3502.75,3904.666667,3718.05,2207.616667,401.95,890.05,3732.383333,-0.605319115,-0.78430312,3057.7,-34.6,4665.516667,42.03333333,0.333333333,104.5666667,1.583166667,3.589166667,1.286166667,3.348,0.197663551,3.696368421,-1.330255811,3.67354065,-0.179898391,-0.772303172,-1.10494747,-0.584119398,-0.477378096,0.122716608,0.069987596,-1.868293855,-1.366459036,0.876618936,-0.540731872,0.060000141,0.311725036,-1.0358109,0.635085884,-0.438598657,1.911,15.0625,3.773,3.185,-2.230209637,3.871,32.17,2.1371,32.17,33.85211215,5.8871,-0.481280373,-0.647028995,3.75,-0.636128333,1.113072985,-1.115130651,-0.708340301,Palustris_E_Iberá,126.2180305,-0.942733823,-3093.441393,-2070.36573,1336.475645,-661.8575264,115.2089289,-666.3684326,-262.6914842,-60.51096718,141.4309281,-129.7338106,-318.838912,57.14048881,-473.8763066,153.8513582,-305.8116097,-337.8461631,259.5995327,363.6246465,70.57028696,-72.64707635,51.15390481,1.35E-11
C_18_53,C_18_53_A.wav_Palustris_complex_46,H:\Sporophila_vocalizations\M-F consolidated\converted_sound_files\C_18_53_A.wav,Palustris_final_kjochecked_CecilasImageCorrections.txt,Palustris,E_Iberá,2019,complex,46,C_18_53_A.wav,D:/Sporophila_vocalizations/E_Iberá/2019/Palustris,C_18_53_A.wav_923,NANANAfaintfaintNA,C_18_53_A.wav,1,1,12.8270785,12.8831935,12.800956,12.944146,0.180661833,0.14319,0.056115,12.841591,12.841591,12.849331,3416.6,3732.433333,3574.483333,2262.55,315.8333333,961.8,3617.55,-0.979321778,0.194772149,3100.766667,-42.03333333,4148.7,42.01666667,4.666666667,122.5333333,2.103,3.467333333,1.541666667,3.118166667,0.18066208,3.601410362,-0.867033304,3.54821478,-0.726361582,-0.934675242,-0.761819696,-0.909390974,-1.056059313,0.120868774,0.080200046,-1.062480285,-0.982124639,0.902585763,0.510557094,1.044577302,0.509507476,-0.923672673,0.922296706,-0.890573483,1.519,23.12962963,4.312,3.283,-4.671798783,3.675,11.931,2.5185,11.931,13.60218743,7.4444,-0.481280373,-0.903742725,4.9259,-0.638696663,1.53424143,-0.884739409,-0.613283737,Palustris_E_Iberá,1368.380697,-0.709984858,-2512.750144,-2560.556376,345.8315803,-1055.287588,876.6468381,626.5460208,-740.9743829,-629.0428691,632.4561418,189.77495,249.8957031,178.4985069,-389.1307106,339.521676,92.31350609,12.43028046,197.6197701,-1.536181323,-182.49686,-17.50245746,12.8943767,-2.83E-12
C_18_53,C_18_53_B.wav_Palustris_complex_3,H:\Sporophila_vocalizations\M-F consolidated\converted_sound_files\C_18_53_B.wav,Palustris_final_kjochecked_CecilasImageCorrections.txt,Palustris,E_Iberá,2019,complex,3,C_18_53_B.wav,D:/Sporophila_vocalizations/E_Iberá/2019/Palustris,C_18_53_B.wav_625,NANANANANANA,C_18_53_B.wav,1,1,49.36948217,49.44301217,49.34529467,49.5058995,0.234112,0.160605,0.07353,49.38205967,49.38205967,49.40527967,3976.466667,4507.6,4263.566667,3870.966667,531.1666667,1191.533333,4421.466667,1.638968277,-1.264690518,3459.666667,-69.25,5555.566667,12.36666667,0.166666667,126.7166667,1.5045,4.008833333,1.242333333,3.794,0.23411215,4.154474564,-0.844471846,4.124895433,1.396230666,0.528184287,-0.684712959,-0.301398155,-0.396282554,0.147866028,0.093446905,-1.00189907,-1.022958365,0.833832605,-1.106903718,-1.333403919,0.101308235,1.36076237,1.64032376,2.197921161,3.283,2.146927147,5.488,3.724,-7.120294431,4.312,4.243,2.621,4.243,6.309457944,7.7016,-0.481280373,-0.096673358,5.0806,-0.545771139,0.364942645,-0.696119284,-1.564180592,Palustris_E_Iberá,92.00240402,-1.357844671,-605.0757483,-264.6528848,4709.989473,1389.691288,-855.2178323,-888.8518449,426.5877582,696.8436218,538.019411,330.5243945,54.73315158,-553.3946944,-290.8198518,-204.0040209,322.2604336,9.261085586,199.0506692,246.4890595,-180.7814637,18.25684442,75.45854122,4.51E-12
C_18_53,C_18_53_B.wav_Palustris_complex_4,H:\Sporophila_vocalizations\M-F consolidated\converted_sound_files\C_18_53_B.wav,Palustris_final_kjochecked_CecilasImageCorrections.txt,Palustris,E_Iberá,2019,complex,4,C_18_53_B.wav,D:/Sporophila_vocalizations/E_Iberá/2019/Palustris,C_18_53_B.wav_631,NANANANANA,C_18_53_B.wav,1,1,56.198084,56.2677436,56.17022,56.3211496,0.2158878,0.15093,0.06966,56.192279,56.192279,56.2317528,3979.32,4530.56,4272.18,3411.32,551.24,1188.64,4565.02,2.106509604,-1.099986267,3497,-44.52,5323.02,5.94,0.2,123.66,1.4532,3.9748,1.1512,3.34,0.21588785,4.160190242,-0.984279894,4.146749866,1.435762842,0.549810056,-0.692797234,-0.519023109,-0.644330016,0.135517895,0.086268324,-0.881970005,-0.889667878,0.839246118,-1.085377188,-1.165819332,0.124313244,1.444519272,2.44451406,1.550090577,2.5872,3.488333333,5.3214,3.7338,-7.848434443,4.4394,11.312,2.9435,11.312,12.86524299,7.2984,-0.570298135,-0.371851177,4.3549,-0.666424633,0.96688703,-0.871991768,-1.469124028,Palustris_E_Iberá,126.7220184,-1.197380602,-597.674546,-767.3714497,5072.818929,1367.69601,-884.1882213,-251.2837054,-61.18516803,141.873127,847.2372026,135.9698029,-153.8004827,-121.7541072,-456.5461818,-578.3285685,261.8812639,227.1233447,-96.17154158,88.60206468,-147.290799,-14.07058335,122.9972494,-1.15E-11
C_18_53,C_18_53_B.wav_Palustris_complex_5,H:\Sporophila_vocalizations\M-F consolidated\converted_sound_files\C_18_53_B.wav,Palustris_final_kjochecked_CecilasImageCorrections.txt,Palustris,E_Iberá,2019,complex,5,C_18_53_B.wav,D:/Sporophila_vocalizations/E_Iberá/2019/Palustris,C_18_53_B.wav_636,NANANANANANA,C_18_53_B.wav,1,1,62.90865083,62.9667005,62.8844635,63.0150755,0.212259667,0.1306125,0.05805,62.91929333,62.91929333,62.93380567,3502.75,3962.083333,3703.716667,3353.083333,459.3833333,961.8333333,3861.6,-0.184471125,-0.90325619,3029.016667,-37.08333333,4608.116667,0,0,119.1833333,1.469166667,3.614333333,1.256833333,3.281833333,0.212259853,3.644291022,-1.220329766,3.61753101,-0.42032568,-0.936961446,-1.1119182,-0.66569376,-0.620991129,0.125253649,0.075517672,-0.714561001,-0.931538969,0.816742128,-0.69081812,-1.784108435,0.125456107,-0.306252066,0.060664241,0.31469272,2.597,7.273232323,4.312,3.136,-5.61391415,3.773,17.835,1.7742,17.835,19.66235677,7.4597,-0.481280373,-0.426632131,5.6855,-0.601982268,0.713430026,-0.969266254,-0.708340301,Palustris_E_Iberá,225.947018,-0.893855789,-2590.305378,-1658.739025,1149.048479,1291.95843,-600.9342353,-751.4790832,413.6739395,511.3126796,-259.5445193,-253.007309,50.17729529,-302.9498633,-42.89859997,-238.1806661,224.0918235,-204.3986661,-22.74877598,15.73533015,-165.8739758,-0.957418043,75.30659671,4.21E-12
C_18_54,C_18_54_A.wav_Palustris_complex_47,H:\Sporophila_vocalizations\M-F consolidated\converted_sound_files\C_18_54_A.wav,Palustris_final_kjochecked_CecilasImageCorrections.txt,Palustris,E_Iberá,2019,complex,47,C_18_54_A.wav,D:/Sporophila_vocalizations/E_Iberá/2019/Palustris,C_18_54_A.wav_933,NANANANAnoicenoiceNANANANANANANANANANANANANA,C_18_54_A.wav,1,1,120.0596807,120.1110091,120.0309613,120.1565325,0.200724526,0.125571263,0.051328421,120.0767902,120.0767902,120.0841228,3613.036842,4297.568421,3966.631579,3325.036842,684.5315789,1400.810526,4025.557895,0.34952617,-0.490291584,3041.836842,-127.2842105,4936.773684,147.6,2.578947368,117.8210526,2.021736842,3.844842105,1.480526316,3.512368421,0.200724587,3.923003142,0.445457673,3.857087926,-0.060996946,0.331671015,0.630938997,-0.60120946,-0.460369935,0.124795439,0.07171196,-0.448919809,-0.233808416,0.874864682,0.66602163,0.220730045,0.381905641,0.523836235,-0.249221119,0.536715441,2.847157895,11.34833105,4.587947368,3.179842105,-8.253297329,3.860684211,33.577,1.4074,33.577,39.53372897,7.3333,0.675950529,-0.600808885,5.9259,0.368806253,0.533328231,-0.864371851,1.00334028,Palustris_E_Iberá,5690.482155,0.870441927,1668.991684,-1642.71103,61.73737896,-220.322085,316.5885915,-737.8364942,-433.6239858,110.6288361,-246.637416,-260.6693235,-110.9338592,-157.504693,273.1678843,-173.7661091,121.3555866,35.58162395,-177.8205487,212.6590183,-1.553517455,116.3432482,-103.632025,-1.44E-12
C_18_54,C_18_54_A.wav_Palustris_complex_48,H:\Sporophila_vocalizations\M-F consolidated\converted_sound_files\C_18_54_A.wav,Palustris_final_kjochecked_CecilasImageCorrections.txt,Palustris,E_Iberá,2019,complex,48,C_18_54_A.wav,D:/Sporophila_vocalizations/E_Iberá/2019/Palustris,C_18_54_A.wav_952,NANANANANANAfaintfaintfaintNANA,C_18_54_A.wav,1,1,141.2432786,141.3002731,141.2110873,141.3567397,0.216652455,0.145652636,0.056994545,141.2580549,141.2580549,141.2670264,3656.727273,4110.872727,3891.627273,2475.236364,454.1727273,1166.718182,3985.581818,0.219327397,-1.312105378,3273.045455,-110.5909091,4917.381818,84.97272727,2.090909091,109.1818182,1.958909091,3.600181818,1.347272727,3.413,0.216652506,3.906270351,-0.442697031,3.832650032,0.343197208,-0.229676956,-0.777395452,-0.510712604,-0.414199575,0.137806644,0.083760929,-0.826477095,-0.829678071,0.889459348,0.369981681,0.60448598,0.445812114,0.507403235,1.300892789,0.300996513,2.164909091,22.23958996,4.557,3.461181818,-5.463814825,3.942272727,55.8,2.2266,55.8,59.83268224,6.7188,-0.036191565,-0.360305254,4.4922,-0.083524607,-0.223129376,-0.283904286,1.003229878,Palustris_E_Iberá,5870.322116,0.427934462,201.0477766,-1250.59162,1500.903209,-1148.921969,-428.7342875,-289.7275533,235.7015738,-734.3469539,-175.2691669,-1338.034931,-189.523468,-585.366094,107.1144448,405.0547843,324.8933402,-19.79938926,-111.5509343,-73.17526694,46.98071475,51.75532633,-40.6651889,3.21E-12
C_18_54,C_18_54_A.wav_Palustris_complex_6,H:\Sporophila_vocalizations\M-F consolidated\converted_sound_files\C_18_54_A.wav,Palustris_final_kjochecked_CecilasImageCorrections.txt,Palustris,E_Iberá,2019,complex,6,C_18_54_A.wav,D:/Sporophila_vocalizations/E_Iberá/2019/Palustris,C_18_54_A.wav_641,NANANANANANANANANAdifficultNAdifficultdifficultNA,C_18_54_A.wav,1,1,88.30215907,88.36767236,88.27064629,88.40789271,0.195997071,0.137246714,0.065513571,88.31625686,88.31625686,88.33035471,3746.771429,4558.892857,4122.05,4274.942857,812.1214286,1556.557143,4189.735714,0.884239742,0.72744661,3285.335714,-110.2285714,5334.085714,138.8571429,2.714285714,107.2571429,2.114642857,4.032142857,1.522714286,4.032571429,0.195997154,4.19417667,0.829839188,4.129600667,0.735767001,1.166245261,1.143515387,-0.553108743,-0.50557287,0.131819611,0.079678205,0.083171889,0.092760149,0.856342782,1.190721486,-0.247614529,0.330043325,0.898373227,-0.595817636,1.627571976,3.675,10.96002259,4.326,3.57,-0.213160795,4.221,2.864,1.1111,2.864,6.990542056,7.35,0.23086172,-0.672190759,6.2389,-0.061458776,0.926986005,-1.025003311,0.717949781,Palustris_E_Iberá,3003.837949,0.413773082,2645.897739,-1133.691238,716.8047274,1163.26618,1086.94208,-204.5258726,-1120.307108,552.8262074,-623.4458428,553.0768173,412.4366082,-106.7373092,-122.7424281,58.84538616,242.1055649,-17.94095054,260.1099119,341.5224966,-299.7383163,89.58955199,-94.06100332,-5.71E-12
C_18_54,C_18_54_A.wav_Palustris_complex_7,H:\Sporophila_vocalizations\M-F consolidated\converted_sound_files\C_18_54_A.wav,Palustris_final_kjochecked_CecilasImageCorrections.txt,Palustris,E_Iberá,2019,complex,7,C_18_54_A.wav,D:/Sporophila_vocalizations/E_Iberá/2019/Palustris,C_18_54_A.wav_654,NANANANANA,C_18_54_A.wav,1,1,93.3813584,93.4463742,93.3569774,93.505585,0.2311644,0.148608,0.065016,93.3848414,93.3848414,93.4103834,3858.74,4341.08,4099.92,3349.32,482.36,1068.06,4323.88,1.321136579,-0.968222866,3324.72,-97.94,5133.48,59.34,0.6,113.72,1.5152,3.894,1.2538,3.017,0.231164441,4.029113736,-0.742721768,3.992663441,0.879880604,0.152022632,-0.737864673,-0.44035112,-0.437497308,0.142169177,0.088609009,-1.143246821,-1.142048804,0.85101108,-1.083324751,-0.80860895,0.180214624,0.917394257,0.893575624,1.007720786,2.7636,8.025656566,5.0862,3.2634,-7.886803634,4.1454,9.293,2.7055,9.293,10.95164322,6.7466,-0.570298135,-0.141182287,4.0411,-0.641645726,0.895725826,-0.780245161,-1.944627657,Palustris_E_Iberá,98.01485146,-1.373928527,-1506.087093,-664.6855852,3725.671365,961.498442,-312.0626734,-663.7761776,166.5596402,531.4251635,464.7462129,973.182325,-374.6035573,-235.8963383,-34.12621226,-343.9729485,61.6566776,187.9248464,45.79045371,67.64565677,15.91556495,-68.03789461,-23.7943155,5.97E-12
C_18_54,C_18_54_A.wav_Palustris_complex_8,H:\Sporophila_vocalizations\M-F consolidated\converted_sound_files\C_18_54_A.wav,Palustris_final_kjochecked_CecilasImageCorrections.txt,Palustris,E_Iberá,2019,complex,8,C_18_54_A.wav,D:/Sporophila_vocalizations/E_Iberá/2019/Palustris,C_18_54_A.wav_659,NANANANAfaintNANA,C_18_54_A.wav,1,1,97.90609814,97.96166014,97.88453686,98.004783,0.219102714,0.120246429,0.055562143,97.91604957,97.91604957,97.93263514,3408.385714,3765.228571,3592.942857,2369.085714,356.8428571,873.6428571,3679.057143,-0.778998104,-0.249014305,2965.414286,-59.34285714,4343.557143,38.14285714,1,109.9428571,1.444,3.373285714,1.240714286,2.651857143,0.219102808,3.510908276,-1.364163531,3.4988652,-0.904848014,-1.321206448,-1.214772486,-0.728614549,-0.685666004,0.120857763,0.072469675,-1.50353826,-1.228251536,0.850818636,-0.710762322,-0.754353618,0.19223065,-0.755420899,0.327360004,-0.438598657,2.016,10.15958565,3.927,3.339,-3.092499536,3.717,13.595,2.089,13.595,15.68120469,7.2603,-0.392262611,-0.323306916,5.1713,-0.541128809,1.569707694,-1.20549886,-0.423170607,Palustris_E_Iberá,1355.983961,-0.578241686,-3335.606317,-2319.382982,572.3086895,84.14997319,-234.5791599,-688.4762827,-666.584071,270.5868855,20.12618598,-379.6310143,-21.00069972,316.3097644,44.15812415,-69.51948124,286.2668358,55.61623546,88.16580564,175.7501387,-20.44163384,-56.09764389,-16.16771252,-9.42E-13
C_18_54,C_18_54_A.wav_Palustris_complex_9,H:\Sporophila_vocalizations\M-F consolidated\converted_sound_files\C_18_54_A.wav,Palustris_final_kjochecked_CecilasImageCorrections.txt,Palustris,E_Iberá,2019,complex,9,C_18_54_A.wav,D:/Sporophila_vocalizations/E_Iberá/2019/Palustris,C_18_54_A.wav_665,NANANANANANANANANA,C_18_54_A.wav,1,1,110.5411627,110.5998576,110.5172978,110.6675824,0.238835444,0.150284889,0.058695,110.5534177,110.5534177,110.5669626,3426.177778,3818.555556,3655.844444,2810.577778,392.3888889,937.9111111,3722.833333,-0.636422674,-0.438119185,2995.5,-49.45555556,4612.888889,37.91111111,1.222222222,108.0222222,1.482666667,3.544666667,1.258333333,3.472444444,0.238835631,3.589999114,-0.935467686,3.54624233,-0.743953235,-1.104141241,-1.029034723,-0.47503908,-0.351764913,0.142862824,0.087515909,-1.440971823,-1.233224068,0.855009369,-0.768500707,-0.637997766,0.229200451,-0.356750089,0.300006593,0.164034444,2.417333333,10.81851852,4.687666667,3.413666667,-5.565122449,3.675,25.87,2.1111,25.87,28.66780526,7.4315,-0.214227088,-0.025351152,5.3204,-0.373836148,1.033554705,-1.345190209,-0.708340301,Palustris_E_Iberá,1930.88019,-0.45990168,-2707.172239,-1683.660078,836.6841768,91.51559754,-252.8714746,-1229.767579,-559.0826469,441.254837,271.2697324,-192.5626653,86.59929193,-193.5348393,131.3542439,22.07220616,284.6031981,135.2388083,63.6099488,131.2791565,81.37336904,-30.98465116,-111.3094402,-1.89E-11
C_18_54,C_18_54_B.wav_Palustris_complex_11,H:\Sporophila_vocalizations\M-F consolidated\converted_sound_files\C_18_54_B.wav,Palustris_final_kjochecked_CecilasImageCorrections.txt,Palustris,E_Iberá,2019,complex,11,C_18_54_B.wav,D:/Sporophila_vocalizations/E_Iberá/2019/Palustris,C_18_54_B.wav_674,noicenoicenoicenoiceNAnoicenoice,C_18_54_B.wav,1,1,162.4882556,162.5405006,162.4608891,162.6026969,0.216341429,0.141807857,0.052245,162.4990363,162.4990363,162.5123049,3396.1,3728.3,3543.742857,2152.085714,332.2571429,910.5571429,3679.071429,-0.778951577,-0.268621954,2977.742857,-89.01428571,4355.857143,72.05714286,1,124.5,1.601285714,3.338428571,1.264428571,2.998,0.216341682,3.524614108,-1.074111083,3.492487247,-0.932619565,-1.290315695,-1.131017431,-0.643129735,-0.581346938,0.131463515,0.080901315,-1.635413185,-1.260706512,0.879947097,-0.611916491,0.14763469,0.350897496,-0.606692919,0.573540708,-0.632302153,1.806,10.11352041,4.263,3.045,-4.764326841,3.591,8.498,2.089,8.498,10.54980526,7.6357,-0.392262611,-0.364998542,5.5467,-0.549215891,1.642026116,-1.237267598,-0.518227172,Palustris_E_Iberá,2106.454913,-0.458410849,-3137.487871,-2278.658669,655.0096186,-589.461986,172.8752454,-609.1752465,-854.2250411,-31.65334092,398.8911622,-256.7786594,-148.9179915,291.8560005,138.5625333,110.4618891,188.052649,251.9020227,-72.30059427,151.6180805,85.10629856,-58.6857479,-61.82119909,-7.15E-12
C_18_54,C_18_54_B.wav_Palustris_complex_50,H:\Sporophila_vocalizations\M-F consolidated\converted_sound_files\C_18_54_B.wav,Palustris_final_kjochecked_CecilasImageCorrections.txt,Palustris,E_Iberá,2019,complex,50,C_18_54_B.wav,D:/Sporophila_vocalizations/E_Iberá/2019/Palustris,C_18_54_B.wav_964,faintfaintfaintfaintfaintfaintfaint,C_18_54_B.wav,1,1,157.2985957,157.3566456,157.2720587,157.3939634,0.165420857,0.121905,0.05805,157.3184986,157.3184986,157.3267913,3285.342857,3777.528571,3445.3,1891.842857,492.2142857,1156.642857,3482.228571,-1.420052473,-0.943125076,3002.357143,-44.52857143,4269.714286,21.2,0.571428571,114.4857143,2.213714286,3.639,1.513428571,3.333285714,0.165420561,3.527505678,-0.634827412,3.474184348,-1.100435801,-1.120197658,-0.652941687,-0.948773637,-1.023049053,0.111839235,0.07048254,-1.665051446,-1.264396274,0.925982816,-0.524042576,1.565947328,0.611371867,-0.861161798,0.327360004,-1.148844812,1.554,18.97142857,3.885,3.423,-1.826738355,3.507,3.28,1.9531,3.28,5.138616822,6.0156,-0.392262611,-1.13388205,4.0625,-0.594633234,1.618812197,-0.893139336,0.337613119,Palustris_E_Iberá,1011.726631,-0.712587967,-2687.105468,-3001.445215,124.6793694,-1789.507992,1228.828175,-135.61692,-186.3030151,-46.12154855,673.6302412,-655.713169,-611.0702442,524.274285,468.5573293,531.5627812,-252.3450979,-301.1227422,-144.2130567,142.1728766,19.21244019,31.41960326,66.93012516,-2.40E-12
C_18_54,C_18_54_C.wav_Palustris_complex_17,H:\Sporophila_vocalizations\M-F consolidated\converted_sound_files\C_18_54_C.wav,Palustris_final_kjochecked_CecilasImageCorrections.txt,Palustris,E_Iberá,2019,complex,17,C_18_54_C.wav,D:/Sporophila_vocalizations/E_Iberá/2019/Palustris,C_18_54_C.wav_710,NANANANANANANA,C_18_54_C.wav,1,1,286.3633964,286.4181293,286.3426643,286.4761791,0.215799286,0.133515,0.054732857,286.3841286,286.3841286,286.3915921,3383.785714,3740.614286,3556.028571,2369.642857,356.8428571,873.6428571,3605.271429,-1.019312069,-0.209799007,2953.114286,-86.88571429,4282.028571,74.17142857,1.142857143,132.2142857,1.443571429,3.294428571,0.999857143,2.672,0.215799335,3.512656064,-1.283069791,3.478046743,-0.946656873,-1.335100365,-1.191012902,-0.707288266,-0.618355344,0.12270908,0.072918171,-1.474644663,-1.17382599,0.851370856,-0.78644991,-0.750410429,0.187512571,-0.551388276,0.819721412,-0.374030824,1.89,7.103401361,4.053,3.423,-2.956128619,3.675,106.581,2.186,106.581,108.7322546,7.3288,-0.392262611,-0.37318772,5.1428,-0.525835994,1.372536784,-1.019639757,-0.518227172,Palustris_E_Iberá,2226.359612,-0.44586921,-3276.521037,-2150.985589,695.8396198,-74.36046078,-414.5209507,-525.6973355,-623.4923011,261.6666064,313.3344865,-597.9486108,380.8505723,241.0747638,98.4307653,-34.25691989,193.1217426,158.5019269,-6.342308783,148.3641598,56.76802261,-50.54720794,-45.59206416,1.76E-12
C_18_54,C_18_54_C.wav_Palustris_complex_18,H:\Sporophila_vocalizations\M-F consolidated\converted_sound_files\C_18_54_C.wav,Palustris_final_kjochecked_CecilasImageCorrections.txt,Palustris,E_Iberá,2019,complex,18,C_18_54_C.wav,D:/Sporophila_vocalizations/E_Iberá/2019/Palustris,C_18_54_C.wav_716,NANANANANANANANANA,C_18_54_C.wav,1,1,292.4817623,292.5404573,292.4591873,292.5862522,0.230389111,0.127065,0.058695,292.4946623,292.4946623,292.5101423,3569.722222,3962.1,3780.244444,2915.877778,392.3888889,880.4666667,3856.833333,-0.199995764,-0.282565171,3081.644444,-75.82222222,4574.588889,62.62222222,1.777777778,133.1777778,1.483222222,3.397111111,1.242222222,2.852444444,0.230389119,3.684504474,-1.152915123,3.662877716,-0.272327448,-0.84288143,-1.119957286,-0.633140487,-0.574026311,0.126742021,0.076027252,-0.422676321,-0.399161996,0.827386818,-0.830225451,-1.48715767,0.138350512,-0.063663436,0.682954355,0.465350995,2.482666667,8.336806403,4.753,4.165,-2.375606551,3.903666667,112.228,2.093,112.228,115.3126894,7.4315,-0.214227088,-0.152889261,5.3385,-0.306391551,0.564828609,-0.771478612,-0.423170607,Palustris_E_Iberá,2672.18059,-0.275863516,-1883.262222,-1218.516192,952.4088459,1145.817651,-1111.864789,-320.0844066,-106.676062,372.7689145,211.3813092,-640.4835006,208.8497458,-188.9578493,-37.78805022,-69.81583989,364.3481987,155.4600407,124.2656953,107.0376233,-99.69779716,8.34697238,-44.45274074,-5.93E-12
C_18_54,C_18_54_C.wav_Palustris_complex_20,H:\Sporophila_vocalizations\M-F consolidated\converted_sound_files\C_18_54_C.wav,Palustris_final_kjochecked_CecilasImageCorrections.txt,Palustris,E_Iberá,2019,complex,20,C_18_54_C.wav,D:/Sporophila_vocalizations/E_Iberá/2019/Palustris,C_18_54_C.wav_735,NANANANANANANA,C_18_54_C.wav,1,1,313.5332313,313.5838177,313.5100113,313.637721,0.213731,0.12771,0.050586429,313.5481584,313.5481584,313.5539634,3420.7,3789.842857,3617.571429,2089.785714,369.1571429,836.7142857,3654.485714,-0.859025213,-0.115682292,3039.271429,-44.51428571,4306.642857,40.25714286,1.142857143,126.5285714,1.500571429,3.278571429,1.242285714,2.353571429,0.213730849,3.545842278,-1.351554591,3.529612936,-0.731973027,-1.222098893,-1.242437305,-0.779687054,-0.637260059,0.123482119,0.074085204,-1.315310933,-1.099716387,0.853786216,-0.733044748,-0.669171686,0.23826905,-0.501429867,0.450450356,-0.82600565,1.722,8.339795918,4.095,3.465,-2.622560508,3.759,133.736,1.8992,133.736,135.8725783,6.2403,-0.392262611,-0.404420821,4.3411,-0.529286299,1.452186498,-1.02005481,-0.518227172,Palustris_E_Iberá,1675.426436,-0.602232608,-3271.026051,-2143.939232,572.0938332,29.90436953,-370.8524089,-266.5500866,-676.7855121,82.84712167,96.99327938,-279.5193771,7.462342486,361.2799357,244.5731201,-74.80849369,50.38803574,-33.23444797,4.776952556,61.19496697,67.15097554,-75.68881834,-73.50720413,1.49E-12
C_18_54,C_18_54_C.wav_Palustris_complex_257,H:\Sporophila_vocalizations\M-F consolidated\converted_sound_files\C_18_54_C.wav,Palustris_final_kjochecked_CecilasImageCorrections.txt,Palustris,E_Iberá,2019,complex,257,C_18_54_C.wav,D:/Sporophila_vocalizations/E_Iberá/2019/Palustris,C_18_54_C.wav_2892,NANAnoicenoiceNANANAnoiceNANANANAfaintNANANANANANANANANANANANA,C_18_54_C.wav,1,1,206.9819678,207.0374635,206.9557293,207.0862253,0.18280384,0.13049632,0.0554958,207.0079742,207.0079742,207.0133148,3610.688,4427.216,4013.768,4152.352,816.548,1850.132,3968.988,0.165282704,-0.169956264,3083.536,-185.756,4950.916,202.98,5.08,120.74,2.59036,4.19324,1.8148,3.94028,0.182803738,4.08508248,1.748342651,4.011283376,-0.073896475,1.172232891,2.069649914,-0.763539717,-0.934042122,0.120523443,0.077311757,-0.416207724,-0.373801504,0.889213552,0.757615856,0.663724759,0.459432432,0.477817929,-1.002015798,0.845009849,3.30456,16.18232953,3.83964,3.41628,-1.567995141,4.0866,24.698,1.2016,24.698,31.40302804,8.2946,1.210057098,-0.871404747,7.093,0.544726492,1.210032582,-1.24502418,1.573790072,Palustris_E_Iberá,7837.820284,1.190729416,3307.62376,-2288.295959,-561.3182289,-371.0189879,1546.62759,-1107.792151,-942.9253149,1055.956675,-87.30407072,81.6942584,-73.16430047,374.6863376,423.356854,-393.4015895,-263.4164677,-88.67180659,105.5773413,-36.98737408,82.81257978,301.5672128,-6.101389157,-4.07E-12
C_18_54,C_18_54_C.wav_Palustris_complex_259,H:\Sporophila_vocalizations\M-F consolidated\converted_sound_files\C_18_54_C.wav,Palustris_final_kjochecked_CecilasImageCorrections.txt,Palustris,E_Iberá,2019,complex,259,C_18_54_C.wav,D:/Sporophila_vocalizations/E_Iberá/2019/Palustris,C_18_54_C.wav_2926,NANANANANANANANANANANA,C_18_54_C.wav,1,1,227.0299289,227.0848124,227.0045982,227.1238641,0.185556364,0.119266364,0.054883636,227.0531488,227.0531488,227.0573705,3601.9,4275.318182,3922.945455,3572.954545,673.4181818,1487.745455,4056.054545,0.448851238,-0.106769725,3155.572727,-102.5181818,5011.345455,163.2181818,1.363636364,126.0181818,2.1,3.832636364,1.633090909,3.834363636,0.1855565,3.99658229,0.410188948,4.004572585,0.079827104,0.453028403,0.677230763,-0.767056898,-0.718989853,0.117130205,0.069436619,-0.521418753,-0.695523301,0.860402995,0.691528029,-0.207326828,0.319411928,0.143320351,-0.657362812,0.794059959,3.153818182,12.35589828,4.075909091,3.087,-9.879322906,3.969,46.521,1.3178,46.521,50.10725234,7.8682,-0.036191565,-0.829839429,6.5504,-0.188477372,0.226241935,-0.415907644,1.383676942,Palustris_E_Iberá,3386.027306,0.300645699,1308.331546,-1518.054176,305.2995453,-8.840633064,811.3322752,-187.1897591,-217.4996945,854.5121277,-1179.22875,-449.2491578,-36.23474824,-234.285503,-62.14312124,-75.27295658,236.1990423,-325.1268348,21.11323769,91.82015509,-234.2294775,85.31099593,18.54494994,1.13E-11
C_18_54,C_18_54_C.wav_Palustris_complex_260,H:\Sporophila_vocalizations\M-F consolidated\converted_sound_files\C_18_54_C.wav,Palustris_final_kjochecked_CecilasImageCorrections.txt,Palustris,E_Iberá,2019,complex,260,C_18_54_C.wav,D:/Sporophila_vocalizations/E_Iberá/2019/Palustris,C_18_54_C.wav_2938,NANANANA,C_18_54_C.wav,1,1,230.7091043,230.7976305,230.678628,230.848424,0.23130825,0.16979625,0.08852625,230.742483,230.742483,230.7526418,3875.975,4565.025,4155.9,3062,689.075,1421.2,4242.05,1.054623041,-1.141162329,3337.625,-51.925,5447.925,107.55,1,134.1,1.59525,4.04025,1.27025,3.77625,0.231308412,4.17902355,-0.43925206,4.103562064,1.275565478,0.753827247,-0.16590743,-0.119364312,-0.300680264,0.160746829,0.104335259,-1.428540017,-1.193738317,0.880006053,-1.102919637,0.067136329,0.292207294,1.353942804,1.496718349,1.25630694,2.7195,10.20113636,4.41,3.528,-3.692349151,4.1895,51.24,2.6744,51.24,52.76794393,6.7829,-0.659315896,-0.139008401,4.1085,-0.672372279,0.291916841,0.17079889,-0.898563834,Palustris_E_Iberá,NA,-1.053192553,-350.6164426,33.32617095,4125.169405,-293.3772409,-34.42318883,-332.0840349,397.4967468,609.9123856,359.4684026,46.75315065,-97.90999737,-20.06659523,254.5956001,-71.13970142,-161.9762741,26.37596516,179.2806886,251.1870371,-10.33786292,28.64421396,86.01449096,-1.36E-11
C_18_54,C_18_54_C.wav_Palustris_complex_342,H:\Sporophila_vocalizations\M-F consolidated\converted_sound_files\C_18_54_C.wav,Palustris_final_kjochecked_CecilasImageCorrections.txt,Palustris,E_Iberá,2019,complex,342,C_18_54_C.wav,D:/Sporophila_vocalizations/E_Iberá/2019/Palustris,C_18_54_C.wav_3603,NANANAnoiceNANANANAnoice,C_18_54_C.wav,1,1,258.2826392,258.3445591,258.2574842,258.388419,0.224610667,0.130935,0.06192,258.2961842,258.2961842,258.3097292,3483.6,3914.266667,3703.7,2758.766667,430.6555556,918.7777778,3808.977778,-0.355857348,-0.511321074,3081.622222,-49.45555556,4651.155556,37.92222222,0.666666667,131.5555556,1.511777778,3.479111111,1.239333333,2.877666667,0.224610592,3.660204702,-1.075874791,3.628207096,-0.436208038,-0.932741729,-1.086800909,-0.5295785,-0.536615104,0.131365695,0.07987124,-1.038055226,-0.977317818,0.842807714,-0.731532558,-1.001915346,0.181678385,-0.124406587,0.395743533,0.164034444,2.384666667,9.194625999,4.459,3.217666667,-5.56231307,3.740333333,77.911,1.9231,77.911,81.18571963,7.9487,-0.214227088,-0.240142134,6.0256,-0.261716684,0.251174027,-0.388843293,-0.613394139,Palustris_E_Iberá,1675.914448,-0.582007274,-2270.826472,-1189.066789,989.1200054,171.0659074,-870.866929,-443.5577848,226.4640952,554.7326017,-47.48857127,-262.0208204,170.8316629,-331.5705895,119.360752,-44.70335032,306.441813,-49.58840321,11.95295707,102.4643618,-13.50432185,-5.59033463,40.116517,-6.69E-12
C_18_54,C_18_54_C.wav_Palustris_complex_51,H:\Sporophila_vocalizations\M-F consolidated\converted_sound_files\C_18_54_C.wav,Palustris_final_kjochecked_CecilasImageCorrections.txt,Palustris,E_Iberá,2019,complex,51,C_18_54_C.wav,D:/Sporophila_vocalizations/E_Iberá/2019/Palustris,C_18_54_C.wav_980,NANANAnoicenoiceNANANA,C_18_54_C.wav,1,1,212.7005783,212.7702381,212.6686509,212.837721,0.24113725,0.169070375,0.06966,212.7252494,212.7252494,212.7288775,3240.7375,3768.3125,3542.2,2699.6875,527.575,1130.5125,3552.9625,-1.189677921,0.004904749,2874.675,-111.275,4425.0625,116.85,2.375,127.825,1.6835,3.5225,1.279625,2.897875,0.241137171,3.562723875,-0.466893355,3.491107809,-1.060799111,-0.957266306,-0.421737984,-0.339381885,-0.204798926,0.149697404,0.091287574,-0.900669241,-0.551171583,0.87235529,-0.766683812,-0.109889381,0.307698107,-0.812427297,0.096565594,0.013376169,2.38875,16.94445631,3.675,3.78525,-0.126940512,3.56475,32.727,1.6406,32.727,35.56113084,7.7344,-0.30324485,0.009400956,6.0938,-0.365296239,0.474398912,-0.734901995,-0.423060204,Palustris_E_Iberá,2341.154463,-0.149447285,-2178.218551,-947.8466952,-386.2655034,-241.8509255,217.5694516,-622.3558982,-318.4800159,629.0553835,540.6482067,-485.0865589,283.8348112,-146.0366465,6.189122959,107.6890847,24.77460327,212.9700059,175.0041441,228.0627333,71.36794882,-20.34608651,-168.949778,-1.71E-11
C_18_54,C_18_54_C.wav_Palustris_complex_53,H:\Sporophila_vocalizations\M-F consolidated\converted_sound_files\C_18_54_C.wav,Palustris_final_kjochecked_CecilasImageCorrections.txt,Palustris,E_Iberá,2019,complex,53,C_18_54_C.wav,D:/Sporophila_vocalizations/E_Iberá/2019/Palustris,C_18_54_C.wav_992,NANANANANANANAfaint,C_18_54_C.wav,1,1,219.4053403,219.4800794,219.3618029,219.5584468,0.244981875,0.19664425,0.074739375,219.4256576,219.4256576,219.4401701,3768.325,4392.7625,4005.1625,3194.125,624.475,1442.725,4252.8125,1.089675613,-0.76028375,3337.6375,-77.9,5189.5125,63.0625,1.75,127.775,1.86925,4.03425,1.33325,3.488125,0.244981848,4.112766043,-0.040554817,4.041445701,0.888663048,0.58379398,-0.01627418,0.012019512,0.017133181,0.166911135,0.103876022,-0.596227182,-0.56909536,0.879746034,-0.745968344,0.121168689,0.317474235,0.644465941,1.065902117,1.369300647,2.94,19.4155303,4.263,3.822,-2.788027779,4.0425,39.317,1.5504,39.317,42.20804673,7.7209,-0.30324485,0.067453655,6.1705,-0.351915684,0.529969656,-0.687640472,0.622893216,Palustris_E_Iberá,875.3394224,-0.177514994,677.6230483,-168.7718042,2481.521173,217.0811886,189.4480407,-820.4102632,-396.7018401,276.8327913,225.5144096,-896.1600575,-537.4427443,158.3253508,-193.8225879,190.3319992,209.7213242,35.30003344,55.88168819,129.9433525,-149.3290801,62.4857332,7.404156948,-8.10E-12
C_18_54,C_18_54_C.wav_Palustris_complex_54,H:\Sporophila_vocalizations\M-F consolidated\converted_sound_files\C_18_54_C.wav,Palustris_final_kjochecked_CecilasImageCorrections.txt,Palustris,E_Iberá,2019,complex,54,C_18_54_C.wav,D:/Sporophila_vocalizations/E_Iberá/2019/Palustris,C_18_54_C.wav_1005,NANANANANANANANANANANANANANANANA,C_18_54_C.wav,1,1,238.0346373,238.1006688,238.0037982,238.1492856,0.215712688,0.145487625,0.066031875,238.0720067,238.0720067,238.0705556,3579.88125,4145.1375,3924.4125,3089.21875,565.25,1335.06875,3956.70625,0.125282061,0.312009549,3256.9,-101.08125,4715.7625,117.76875,3.1875,119.975,2.150375,3.6289375,1.59775,3.5978125,0.215712617,3.903481775,0.199335463,3.868568159,-0.017256069,0.2343326,0.416538905,-0.277739955,-0.195330258,0.141054634,0.082447467,0.00646533,0.566189332,0.874196306,-0.252262168,0.041361369,0.384146074,0.504179347,-0.011138464,0.550096275,2.774625,18.96363318,5.016375,3.840375,-7.74543518,4.116,56.352,1.4884,56.352,62.56817757,7.814,0.408897244,-0.374497117,6.3256,0.429800929,-0.322607132,-0.038955006,0.717949781,Palustris_E_Iberá,5628.89206,0.640084979,1285.835592,-171.2623529,-250.2067913,59.85735347,-358.6919277,187.1981729,-280.7161515,566.412867,198.0307756,-479.1186594,-21.08933099,-172.9285399,270.0015108,38.05652233,45.420418,50.63119856,-126.547908,504.3033018,-4.172963739,-6.132413503,-43.54149545,-1.10E-11
C_18_54,C_18_54_D.wav_Palustris_complex_21,H:\Sporophila_vocalizations\M-F consolidated\converted_sound_files\C_18_54_D.wav,Palustris_final_kjochecked_CecilasImageCorrections.txt,Palustris,E_Iberá,2019,complex,21,C_18_54_D.wav,D:/Sporophila_vocalizations/E_Iberá/2019/Palustris,C_18_54_D.wav_740,NANANANANANANANA,C_18_54_D.wav,1,1,350.1547279,350.2149546,350.1300566,350.2541384,0.197541875,0.124081875,0.060226875,350.175771,350.175771,350.1808503,3445.325,3843.675,3649.8625,2177.0375,398.3625,872.1125,3692.9375,-0.733790929,-0.777440442,3057.7125,-31.525,4446.6,1.85,0.25,135.15,1.46525,3.49,1.244625,2.591625,0.197541849,3.614813568,-1.420507204,3.589134333,-0.499809975,-1.015071684,-1.154333724,-0.698017949,-0.644345772,0.122636973,0.073387731,-1.687753278,-1.292316473,0.86695131,-0.895927127,-0.292002805,0.279205417,-0.48896385,0.742789942,-0.66458607,1.72725,8.511904762,4.00575,3.234,-3.650263594,3.7485,21.973,2.199,21.973,24.41907966,6.623,-0.30324485,-0.648866644,4.424,-0.456524545,0.890471139,-0.805886223,-0.803507269,Palustris_E_Iberá,529.7045803,-0.878150545,-3202.466283,-2010.008682,1216.282989,-575.275364,-454.3564512,-402.079524,-60.21418621,151.6612052,344.2791611,-214.4437329,-138.342241,19.17817637,103.7696604,-91.49202294,-213.3342088,-276.761658,-20.03159362,240.5376353,84.65298352,-31.0419598,52.75089894,4.46E-12
C_18_54,C_18_54_D.wav_Palustris_complex_22,H:\Sporophila_vocalizations\M-F consolidated\converted_sound_files\C_18_54_D.wav,Palustris_final_kjochecked_CecilasImageCorrections.txt,Palustris,E_Iberá,2019,complex,22,C_18_54_D.wav,D:/Sporophila_vocalizations/E_Iberá/2019/Palustris,C_18_54_D.wav_748,NANANANANANANANANANANANA,C_18_54_D.wav,1,1,368.9432993,369.0182805,368.9104043,369.0642366,0.212462583,0.1538325,0.07498125,368.9568443,368.9568443,368.980548,3832.883333,4529.141667,4163.075,4223.525,696.2333333,1492.983333,4220.5,0.984436475,-0.891818394,3251.5,-84.075,5397.658333,113.7583333,2,136.6333333,1.82725,4.173583333,1.328166667,3.699833333,0.212462458,4.196337007,0.085188752,4.14149104,1.192928507,0.839788552,0.073221059,-0.244432932,-0.329670112,0.145966182,0.09015879,-0.092654376,-0.44630072,0.850131397,-0.953756106,-0.812208009,0.22129658,1.450364055,0.778691295,1.89660461,3.381,6.180122873,5.047,3.381,-8.218410944,4.2385,39.338,2.1535,39.338,44.45807966,7.6513,0.052826197,-0.42357289,5.4978,0.172115447,-0.660250932,0.585387457,-0.518116769,Palustris_E_Iberá,677.1006838,-0.993031532,1040.402408,461.3761157,2886.596222,715.6460563,-830.3485387,-112.3743528,1128.268493,1262.352595,358.4511284,176.7429439,207.0548918,-385.8880357,195.4812759,163.2042499,76.06978078,-449.2432176,-16.24991112,33.71910395,-228.5158579,58.73065065,115.7347341,9.48E-13
C_18_54,C_18_54_D.wav_Palustris_complex_23,H:\Sporophila_vocalizations\M-F consolidated\converted_sound_files\C_18_54_D.wav,Palustris_final_kjochecked_CecilasImageCorrections.txt,Palustris,E_Iberá,2019,complex,23,C_18_54_D.wav,D:/Sporophila_vocalizations/E_Iberá/2019/Palustris,C_18_54_D.wav_760,NANANANANANANANANA,C_18_54_D.wav,1,1,381.743783,381.7998979,381.718628,381.8476278,0.210267667,0.129,0.056115,381.752168,381.752168,381.7689379,3474.022222,3971.688889,3761.133333,3431.844444,497.6777778,1110.166667,3875.977778,-0.137643892,-0.730926742,2976.355556,-89.02222222,4660.744444,79.13333333,0.777777778,131.3555556,1.671111111,3.623,1.322555556,3.290888889,0.210267562,3.683319872,-0.564043711,3.701441378,-0.706560872,-0.6936068,-0.375791772,-0.679042759,-0.639642616,0.123041613,0.073694352,-0.084330413,-0.395669977,0.832087515,-0.452459193,-1.275602884,0.208488052,-0.18620047,-0.082941169,0.214253869,2.580666667,9.05888448,4.589666667,3.283,-6.36313101,3.838333333,53.474,2.1026,53.474,56.24626678,7.4359,-0.214227088,-0.456714725,5.3333,-0.379840077,0.559755492,-0.97909552,-0.328114042,Palustris_E_Iberá,2156.091308,-0.376960622,-1388.678171,-1508.218241,298.9990339,1189.011301,-163.9551081,-522.75673,327.599469,447.1135721,119.8928308,-337.5980942,4.491450934,-317.8995139,67.74143089,-435.6913472,166.5349188,-48.34627769,-213.1380255,-107.4448506,-195.8011108,60.60278201,4.213130463,5.94E-13
C_18_54,C_18_54_D.wav_Palustris_complex_24,H:\Sporophila_vocalizations\M-F consolidated\converted_sound_files\C_18_54_D.wav,Palustris_final_kjochecked_CecilasImageCorrections.txt,Palustris,E_Iberá,2019,complex,24,C_18_54_D.wav,D:/Sporophila_vocalizations/E_Iberá/2019/Palustris,C_18_54_D.wav_768,NANANANANANA,C_18_54_D.wav,1,1,390.5722035,390.6660507,390.5412435,390.721198,0.271529,0.179955,0.0938475,390.5876833,390.5876833,390.6099358,3990.816667,4665.533333,4349.7,4051.266667,674.7166667,1363.766667,4493.25,1.872760653,-1.013059023,3273,-84.08333333,5526.85,111.2833333,1.833333333,137.2166667,1.632166667,4.080333333,1.249833333,3.878833333,0.271528941,4.274538486,-0.245445572,4.201442141,1.574733774,1.101807635,0.085200811,0.014155566,-0.069459945,0.173953532,0.112723104,-0.565429188,-0.818189953,0.850215087,-0.993048655,-0.817171652,0.187972392,1.683683897,0.922296706,2.122592023,3.479,8.663852814,4.9,3.969,-4.380897662,4.704,62.611,2.359,62.611,65.23499216,7.4872,-0.481280373,0.468301501,5.1282,-0.414698475,-0.216174251,0.146266882,-0.803507269,Palustris_E_Iberá,423.4636223,-0.999028542,754.9653023,930.1073655,4090.354493,937.4796185,-413.2696654,-668.4245149,585.8239757,910.0546139,-17.78926781,264.8275555,-200.5480316,-339.6512698,138.732202,-311.0117994,332.3637361,-9.430648942,312.2654955,87.6433257,-265.1610433,54.66356191,-58.73651943,2.05E-11
C_18_54,C_18_54_D.wav_Palustris_complex_343,H:\Sporophila_vocalizations\M-F consolidated\converted_sound_files\C_18_54_D.wav,Palustris_final_kjochecked_CecilasImageCorrections.txt,Palustris,E_Iberá,2019,complex,343,C_18_54_D.wav,D:/Sporophila_vocalizations/E_Iberá/2019/Palustris,C_18_54_D.wav_3612,NAnoicenoiceNANANANAnoiceNANAnoice,C_18_54_D.wav,1,1,401.0376304,401.0956803,401.011244,401.1722005,0.236788545,0.160956727,0.05805,401.0545176,401.0545176,401.0666554,3507.954545,3899.463636,3711.527273,2894.309091,391.5272727,923.9909091,3805.490909,-0.36721379,-0.144202509,2998.981818,-75.52727273,4580.690909,94.42727273,2.272727273,131.1636364,1.701727273,3.481090909,1.249909091,3.400181818,0.236788445,3.662207454,-0.846569343,3.627758647,-0.472075069,-0.768434646,-0.767847368,-0.310338264,-0.268951077,0.14915619,0.092083353,-1.036468413,-1.047056497,0.843182757,-0.702002311,-0.983061606,0.227431951,-0.413590131,0.3609301,0.300996513,2.485636364,11.9495671,3.995727273,3.300818182,-2.765706307,3.808636364,72.177,1.3675,72.177,76.41625234,8.0769,-0.036191565,-0.05626263,6.7094,-0.034961323,-0.154691832,-0.302780484,-0.613283737,Palustris_E_Iberá,2435.893643,0.166715409,-1789.989088,-754.9034677,508.9077492,-145.7158952,-1061.245884,-669.4783658,-58.46044409,779.0671987,-164.9579514,-331.9922906,370.4661485,-514.6861703,-212.2857909,-190.5716712,84.90956615,325.3407076,101.9944415,79.14777294,-5.424671457,-8.232889984,-33.23053841,-8.70E-13
C_18_54,C_18_54_D.wav_Palustris_complex_56,H:\Sporophila_vocalizations\M-F consolidated\converted_sound_files\C_18_54_D.wav,Palustris_final_kjochecked_CecilasImageCorrections.txt,Palustris,E_Iberá,2019,complex,56,C_18_54_D.wav,D:/Sporophila_vocalizations/E_Iberá/2019/Palustris,C_18_54_D.wav_1056,NANANANAnoiceNAnoicefaint,C_18_54_D.wav,1,1,354.0106916,354.0716441,353.9816668,354.140578,0.246824375,0.158911625,0.0609525,354.0121429,354.0121429,354.0368141,3369.9375,3843.6625,3606.8,3102.1125,473.7375,1055.1375,3832.9,-0.27794465,-0.098035408,2874.675,-83.45,4425.0625,102,2.375,133.15,1.688875,3.4485,1.287875,3.12725,0.24682436,3.543286063,-0.518755891,3.542360874,-1.091889257,-1.024283048,-0.500107773,-0.352863805,-0.209057989,0.141804499,0.083483432,-0.48444612,-0.325923389,0.852776854,-0.652550386,-0.682996063,0.236104706,-0.776111261,-0.441954696,-0.438598657,2.2785,12.11085165,4.116,3.12375,-4.599021674,3.56475,25.762,1.1364,25.762,28.83456075,7.7209,-0.30324485,0.095274662,6.5845,-0.30924292,0.111403772,-0.386323595,-0.518227172,Palustris_E_Iberá,3692.205317,-0.145254466,-2023.454298,-609.3252003,-610.2933185,258.9461367,-160.2017396,-320.2729566,125.5995174,534.9670501,-61.28528472,-136.0636711,-247.9330757,-252.2552849,-51.06643258,-451.0413147,240.2868966,286.4302664,-178.8298018,47.42465069,107.8528978,-53.05815672,-98.39862446,-3.54E-13
C_18_55,C_18_55_A.wav_Palustris_complex_26,H:\Sporophila_vocalizations\M-F consolidated\converted_sound_files\C_18_55_A.wav,Palustris_final_kjochecked_CecilasImageCorrections.txt,Palustris,E_Iberá,2019,complex,26,C_18_55_A.wav,D:/Sporophila_vocalizations/E_Iberá/2019/Palustris,C_18_55_A.wav_775,NANANANANANANANA,C_18_55_A.wav,1,1,427.4960431,427.5591724,427.4706464,427.6019841,0.196566,0.131338125,0.063129375,427.5192631,427.5192631,427.525068,3477.6125,3908.275,3692.925,2842.95,430.675,882.8625,3736,-0.593539931,-0.533815405,3154.6375,-37.0875,4597.325,25.9625,0.25,133.975,1.462125,3.438875,1.240125,2.665,0.196566031,3.690367891,-1.345684656,3.671412884,-0.196431913,-0.814819135,-1.158275174,-0.58509966,-0.541885833,0.128575435,0.077190827,-0.957749504,-1.025048244,0.816091767,-0.768378854,-1.824200737,0.134012563,-0.087132775,0.527381826,-0.099617537,2.16825,4.170116342,4.3365,3.3075,-5.33926084,3.71175,13.737,2,13.737,15.98100983,7.2821,-0.30324485,-0.663600996,5.2821,-0.504029846,1.397556193,-1.1568692,-0.613394139,Palustris_E_Iberá,711.4833628,-0.655562047,-2688.427643,-2039.909958,1277.080519,1151.177943,-835.9601507,-685.5048789,-316.5357106,259.8285588,-114.2893852,-321.1314889,392.9303529,283.8413328,148.2956836,-162.7556869,-201.6189026,-215.0019658,-59.77144392,38.46914585,-44.81821176,-24.01018785,135.1382226,5.48E-12
C_18_55,C_18_55_A.wav_Palustris_complex_27,H:\Sporophila_vocalizations\M-F consolidated\converted_sound_files\C_18_55_A.wav,Palustris_final_kjochecked_CecilasImageCorrections.txt,Palustris,E_Iberá,2019,complex,27,C_18_55_A.wav,D:/Sporophila_vocalizations/E_Iberá/2019/Palustris,C_18_55_A.wav_782,NANAnoiceNANANAnoiceNA,C_18_55_A.wav,1,1,435.4568595,435.5149093,435.4292858,435.5707823,0.2421375,0.141496875,0.05805,435.4583108,435.4583108,435.4829819,3402.2375,3875.975,3649.85,3444.95,473.725,1022.8375,3832.9125,-0.277903938,-0.242151628,2906.9625,-126.1,4532.7375,107.575,1.625,133.3375,1.673625,3.485375,1.31725,2.903875,0.24213743,3.601667881,-0.537136399,3.584210751,-0.812555436,-0.887930921,-0.58511039,-0.361230739,-0.205557063,0.140665806,0.082271776,0.325449789,0.239305974,0.829699311,-0.663385051,-1.389704673,0.194105857,-0.49398489,-0.549658754,0.352357289,2.82975,12.64856018,4.116,2.7195,-5.473204887,3.85875,21.598,1.0769,21.598,24.42957039,7.7647,-0.30324485,0.02450436,6.6878,-0.365898184,0.445317192,-0.753985705,-0.423060204,Palustris_E_Iberá,3341.557559,-0.156116622,-1521.447343,-650.3345505,-499.7668241,1662.716099,-284.2979373,-510.9966777,257.7915204,481.5731588,100.1966119,-310.8251209,-71.38141846,-209.0823728,-11.41568339,-142.3987699,293.2775837,296.9789536,-68.82376718,96.46443187,-145.2141134,12.06261149,-108.5888524,-3.73E-12
C_18_55,C_18_55_A.wav_Palustris_complex_33,H:\Sporophila_vocalizations\M-F consolidated\converted_sound_files\C_18_55_A.wav,Palustris_final_kjochecked_CecilasImageCorrections.txt,Palustris,E_Iberá,2019,complex,33,C_18_55_A.wav,D:/Sporophila_vocalizations/E_Iberá/2019/Palustris,C_18_55_A.wav_2971,NANANANANANANANA,C_18_55_A.wav,1,1,476.0330045,476.0968594,476.0018028,476.13822,0.234017375,0.1364175,0.063855,476.0460658,476.0460658,476.0605783,3714.4625,4155.9,3886.7375,3173.175,441.4375,915.1875,3983.625,0.212954202,-0.372542493,3348.3875,-102,4963.3875,111.275,1,143.8,1.530125,3.2855,1.23075,3.3275,0.234017399,3.951183693,-0.845189032,3.881817858,0.654290134,-0.132976434,-0.965507356,-0.272241786,-0.031691426,0.143841799,0.081824238,0.523345804,0.145316402,0.803750242,-0.772079413,-2.19425985,0.15661846,0.829078028,1.281310233,0.747835261,2.46225,7.468353175,4.96125,3.71175,-5.929327109,3.93225,61.793,1.8824,61.793,64.93754339,7.8478,-0.30324485,-0.098104039,5.9654,-0.292320269,-0.037352715,-0.071159155,0.432780086,Palustris_E_Iberá,2447.035684,0.399098292,-218.8856538,-76.28973671,1438.090453,1814.838565,-1787.142139,107.51583,129.2072687,-0.105786345,-259.5051958,-1534.009318,574.8204384,-13.3098949,113.0137796,-11.97855031,8.980241455,191.0839663,-118.6236209,-166.4942405,-59.77614433,27.08681914,-39.9022318,-3.30E-12
C_18_55,C_18_55_A.wav_Palustris_complex_344,H:\Sporophila_vocalizations\M-F consolidated\converted_sound_files\C_18_55_A.wav,Palustris_final_kjochecked_CecilasImageCorrections.txt,Palustris,E_Iberá,2019,complex,344,C_18_55_A.wav,D:/Sporophila_vocalizations/E_Iberá/2019/Palustris,C_18_55_A.wav_3624,NANANANANAfaintNA,C_18_55_A.wav,1,1,471.382483,471.4372157,471.3625801,471.4853143,0.224299,0.122734286,0.054732857,471.3874587,471.3874587,471.4073614,3383.785714,3728.314286,3580.642857,3156.3,344.5428571,836.7142857,3691.4,-0.73879844,-0.417640085,2977.742857,-129.2857143,4601.971429,95.37142857,2,142.8428571,1.637857143,3.294714286,1.246571429,3.999428571,0.224299066,3.537423033,-0.919272983,3.497606967,-0.855248338,-1.297866693,-1.231342431,-0.580948695,-0.442229368,0.128779802,0.075318256,-0.40099745,-0.760248119,0.818753996,-0.769442708,-1.740618416,0.172949835,-0.664782256,-0.411182108,0.465350995,2.856,10.62623549,3.675,3.381,0.05760671,3.675,57.676,1.453,57.676,59.93070093,8.2051,-0.392262611,-0.244846028,6.7521,-0.501516438,1.07330011,-0.927003022,-0.518227172,Palustris_E_Iberá,2001.296895,-0.384342721,-2671.99166,-1629.875173,66.86432129,1440.527339,-492.6085822,-946.4815506,128.9974799,743.9877219,-239.1371483,-368.8837927,231.9168789,-20.68859836,11.71811411,221.2859945,339.2562679,274.9268218,22.84414683,-50.48775061,-181.8404857,23.8165523,-57.51258844,-3.99E-14
C_18_55,C_18_55_A.wav_Palustris_complex_35,H:\Sporophila_vocalizations\M-F consolidated\converted_sound_files\C_18_55_A.wav,Palustris_final_kjochecked_CecilasImageCorrections.txt,Palustris,E_Iberá,2019,complex,35,C_18_55_A.wav,D:/Sporophila_vocalizations/E_Iberá/2019/Palustris,C_18_55_A.wav_837,NANANANANANANA,C_18_55_A.wav,1,1,495.1796193,495.2459621,495.146448,495.2932314,0.225428714,0.146783571,0.066342857,495.2003514,495.2003514,495.2053271,3900.6,4392.771429,4158.971429,4121.985714,492.1857143,1119.757143,4245.114286,1.064603166,-0.931360486,3482.214286,-44.51428571,5192.585714,40.27142857,0.285714286,148.5571429,1.518285714,3.914,1.230142857,3.105714286,0.225428739,4.118634169,-0.733995104,4.069294929,1.275628632,0.334132141,-0.877045032,-0.376785896,-0.360207032,0.138649186,0.083478213,-0.363195734,-0.716880336,0.810360703,-0.901026348,-2.014852182,0.095029848,1.296354665,1.804444229,2.079546801,3.15,4.413989185,5.775,3.633,-9.711042465,4.221,81.333,2.8844,81.333,83.75191763,7.7152,-0.392262611,-0.227788525,4.8308,-0.462910162,0.155087384,-0.597525321,-1.754404125,Palustris_E_Iberá,270.4801661,-1.123997443,-684.2536211,-216.6050923,4061.677477,1960.618717,-1323.692961,-550.7277671,513.7245871,591.2079019,635.803925,240.336227,756.1395566,-686.3125689,-369.3812027,-103.1476654,162.1992926,57.24513409,147.5961582,-49.59374306,-87.46187594,10.5088946,38.00062581,3.60E-12
C_18_55,C_18_55_A.wav_Palustris_complex_36,H:\Sporophila_vocalizations\M-F consolidated\converted_sound_files\C_18_55_A.wav,Palustris_final_kjochecked_CecilasImageCorrections.txt,Palustris,E_Iberá,2019,complex,36,C_18_55_A.wav,D:/Sporophila_vocalizations/E_Iberá/2019/Palustris,C_18_55_A.wav_845,NANANANANA,C_18_55_A.wav,1,1,507.6845602,507.761186,507.6474082,507.811109,0.2180796,0.163701,0.076626,507.6996532,507.6996532,507.714746,3910.44,4461.68,4186.04,3339.7,551.24,1171.4,4289.4,1.208838073,-0.918811591,3565.88,-41.56,5167.96,2.96,0.4,148.08,1.4366,3.9446,1.2506,2.6446,0.218079661,4.164114031,-0.951207049,4.13397799,1.477735582,0.541161437,-0.754934789,-0.222954001,-0.309018715,0.148163717,0.09192593,-0.94680686,-1.037424303,0.840885922,-1.066913231,-1.112953502,0.158927136,1.363133978,2.44451406,0.465350995,1.8816,2.530952381,4.7922,3.7338,-4.961609915,4.2042,94.262,2.9665,94.262,95.89228915,7.4641,-0.570298135,-0.338755925,4.4976,-0.648311582,0.742860557,-0.663038053,-1.65934756,Palustris_E_Iberá,84.93252427,-1.36441068,-1245.56955,-409.1112209,4515.635468,854.0901882,-951.4546605,-43.2454451,-134.2793944,-205.096018,802.4282096,278.1685368,199.4156814,54.04145744,-142.4381588,-579.7360224,-406.0312536,-218.3133445,-119.6303859,-212.2934053,168.9173196,-89.21255755,183.2591036,4.55E-12
C_18_55,C_18_55_A.wav_Palustris_complex_37,H:\Sporophila_vocalizations\M-F consolidated\converted_sound_files\C_18_55_A.wav,Palustris_final_kjochecked_CecilasImageCorrections.txt,Palustris,E_Iberá,2019,complex,37,C_18_55_A.wav,D:/Sporophila_vocalizations/E_Iberá/2019/Palustris,C_18_55_A.wav_850,NANANANANANA,C_18_55_A.wav,1,1,513.0148942,513.0913265,512.9810318,513.1687265,0.251522833,0.187695,0.0764325,513.0410165,513.0410165,513.055529,4076.95,4794.733333,4349.683333,4011.2,717.7833333,1507.333333,4378.416667,1.49875799,-1.049659968,3430.933333,-89.03333333,5670.416667,140.95,1.833333333,146.2,1.711166667,4.039833333,1.2585,4.096333333,0.251522737,4.424274508,0.155805855,4.33329555,2.110127426,1.536705323,0.216321297,-0.019361408,-0.083289582,0.17924264,0.118300436,0.637966781,0.318137982,0.861001813,-1.103683847,-0.509094334,0.235884501,2.346214216,0.778691295,1.821275472,3.332,5.906784229,4.557,3.577,-3.528489101,4.41,99.198,2.2488,99.198,101.9655559,7.6077,-0.481280373,0.166217814,5.3589,-0.380947567,-0.712284196,0.813028188,-0.993620398,Palustris_E_Iberá,453.0263489,-0.868652201,1729.715484,1657.487367,3655.889198,1430.72913,-498.4791024,416.5184278,1278.483558,562.5681291,494.819987,406.8554901,-203.3624313,-372.9488724,750.2552743,73.71487802,-378.7792734,-13.9163613,317.7816195,-2.065468618,-157.9319564,69.53891592,-102.5669468,-8.81E-12
C_18_55,C_18_55_A.wav_Palustris_complex_57,H:\Sporophila_vocalizations\M-F consolidated\converted_sound_files\C_18_55_A.wav,Palustris_final_kjochecked_CecilasImageCorrections.txt,Palustris,E_Iberá,2019,complex,57,C_18_55_A.wav,D:/Sporophila_vocalizations/E_Iberá/2019/Palustris,C_18_55_A.wav_1067,NANANANANANANANA,C_18_55_A.wav,1,1,417.9852948,418.0498754,417.9548185,418.1115533,0.248831875,0.156734875,0.064580625,417.9896485,417.9896485,418.0143198,3348.4,3886.75,3542.1875,3976.7375,538.3125,1184.3375,3886.7375,-0.102600367,0.598526319,2939.275,-196.5875,4920.3375,194.725,3.75,132.7125,1.868375,3.632125,1.274875,3.554125,0.248831776,3.771594073,1.161700191,3.544569397,-0.952451777,-0.158256603,0.809404157,-0.312123357,-0.261206892,0.149314202,0.092079969,0.508157334,0.541029522,0.85931838,-0.732948228,-0.50288888,0.27081894,-0.075204955,0.31197371,1.708281766,3.41775,11.76084352,4.44675,3.49125,-4.090944839,3.63825,4.198,1.3488,4.198,6.875327103,7.7674,-0.30324485,0.125585645,6.4186,-0.402159777,0.775162779,-1.129422462,-0.423060204,Palustris_E_Iberá,2125.410132,-0.104739759,269.5436654,-222.4777272,-40.52151421,1591.936849,1162.739425,-506.1272769,-593.386996,1354.351502,1480.66771,-284.0116505,670.6439025,-111.307254,-358.9482299,-77.49582723,578.4903301,681.3587271,-84.07809712,-30.40315654,27.85842425,17.88326928,-197.1131323,2.12E-12
C_18_55,C_18_55_A.wav_Palustris_complex_58,H:\Sporophila_vocalizations\M-F consolidated\converted_sound_files\C_18_55_A.wav,Palustris_final_kjochecked_CecilasImageCorrections.txt,Palustris,E_Iberá,2019,complex,58,C_18_55_A.wav,D:/Sporophila_vocalizations/E_Iberá/2019/Palustris,C_18_55_A.wav_1090,NANANANAnoicenoiceNAnoiceNAnoiceNA,C_18_55_A.wav,1,1,486.7583148,486.8216419,486.7319285,486.87547,0.226263818,0.143541727,0.063327273,486.7662307,486.7662307,486.7857566,3531.445455,3962.109091,3750.672727,2997.418182,430.6727273,986.6272727,3899.454545,-0.061182003,-0.543485541,3139.945455,-55.29090909,4721.645455,44.50909091,0.909090909,145.5272727,1.484181818,3.63,1.111545455,3.229,0.226263992,3.717291358,-1.062776868,3.677663328,-0.232710827,-0.736361797,-0.984306126,-0.494460691,-0.423389296,0.137997866,0.084143673,-1.206022217,-1.044903975,0.85100753,-0.830083913,-0.765755706,0.171427977,0.087500126,1.222562565,0.629705477,2.405454545,7.996045621,4.022454545,3.568090909,-1.616778368,3.781909091,72.285,2,72.285,76.10152337,7.6471,-0.036191565,-0.215176626,5.6471,-0.134342152,0.377427639,-0.690997983,-0.708450704,Palustris_E_Iberá,2549.303057,-0.310241593,-1833.936649,-1212.700823,1703.849657,-8.153207882,-1056.845475,-696.4481199,-161.6057857,436.0109555,475.8917677,-442.5459192,304.1021952,-371.3786451,-149.4954561,-63.21765309,325.5897362,193.9763021,-19.47801361,197.3935648,-41.79689673,30.10482489,-43.66763878,7.73E-12
C_18_55,C_18_55_A.wav_Palustris_complex_60,H:\Sporophila_vocalizations\M-F consolidated\converted_sound_files\C_18_55_A.wav,Palustris_final_kjochecked_CecilasImageCorrections.txt,Palustris,E_Iberá,2019,complex,60,C_18_55_A.wav,D:/Sporophila_vocalizations/E_Iberá/2019/Palustris,C_18_55_A.wav_1115,NANANANANAnoiceNA,C_18_55_A.wav,1,1,561.8764513,561.9286961,561.8507434,561.9668431,0.214709,0.1161,0.052245,561.8822563,561.8822563,561.9005006,3396.085714,3740.614286,3543.714286,2809.9,344.5285714,787.5142857,3691.4,-0.73879844,-0.260778894,2990.028571,-89,4429.671429,76.3,1,139.9428571,1.481,3.347857143,1.239714286,2.777,0.214709043,3.558937167,-1.084370457,3.523504809,-0.748434856,-1.257440108,-1.28369034,-0.629114656,-0.450402667,0.122974426,0.069683219,-1.017750533,-0.979805759,0.838584493,-0.759074779,-1.134460889,0.180572347,-0.505292035,0.0811793,-0.309462992,2.184,6.992063492,3.885,3.423,-2.115637404,3.675,148.213,2.0219,148.213,150.380271,8.0328,-0.392262611,-0.38965058,6.0109,-0.522070639,1.254457147,-0.969792082,-0.708450704,Palustris_E_Iberá,1401.050972,-0.679357262,-3102.048241,-1827.197221,495.4380119,623.7579202,-405.7722197,-583.8460866,-293.2268588,374.0185227,-21.81927156,-119.0737948,114.6575477,165.6176347,132.8617519,68.36967288,146.1213764,35.18830406,-113.7746184,23.22553758,68.6128844,-56.68822202,-34.96613525,-2.93E-12
C_18_55,C_18_55_B.wav_Palustris_complex_345,H:\Sporophila_vocalizations\M-F consolidated\converted_sound_files\C_18_55_B.wav,Palustris_final_kjochecked_CecilasImageCorrections.txt,Palustris,E_Iberá,2019,complex,345,C_18_55_B.wav,D:/Sporophila_vocalizations/E_Iberá/2019/Palustris,C_18_55_B.wav_3631,NANANANANANAnoice,C_18_55_B.wav,1,1,600.1777664,600.2316699,600.1520587,600.275622,0.19801,0.123563571,0.053903571,600.1918643,600.1918643,600.2018156,3383.785714,3765.228571,3580.628571,2687.314286,381.4571429,849.0285714,3666.8,-0.818918604,-0.319601841,3026.957143,-23.3,4158.971429,14.82857143,0.428571429,130.1,1.497,3.430857143,1.269857143,2.541,0.198010008,3.54419102,-1.190887745,3.525280316,-0.83274169,-1.234313533,-1.149130099,-0.808971354,-0.742512897,0.117961668,0.070758325,-1.278268297,-1.180981725,0.839820133,-0.755036887,-1.098274205,0.197094583,-0.801243966,0.450450356,-0.374030824,2.016,9.915873016,4.305,3.255,-5.393821345,3.675,27.298,1.8376,27.298,29.30973361,7.6923,-0.392262611,-0.641797674,5.8547,-0.558636475,1.360489739,-1.051248655,-0.423170607,Palustris_E_Iberá,968.2646114,-0.625369229,-3175.903993,-2341.068817,596.415741,314.8254534,-354.7909097,-491.4019599,-379.3343237,461.8795638,21.15800145,-487.096624,178.7178572,259.517778,-122.2208587,-86.50195217,94.7792744,-62.40814942,-44.25355602,40.83873338,24.9122638,-37.45990388,61.21015792,-7.38E-12
C_18_55,C_18_55_B.wav_Palustris_complex_42,H:\Sporophila_vocalizations\M-F consolidated\converted_sound_files\C_18_55_B.wav,Palustris_final_kjochecked_CecilasImageCorrections.txt,Palustris,E_Iberá,2019,complex,42,C_18_55_B.wav,D:/Sporophila_vocalizations/E_Iberá/2019/Palustris,C_18_55_B.wav_900,NANANANANANANANANANANANANA,C_18_55_B.wav,1,1,578.1728407,578.2259787,578.1330988,578.2621482,0.182056385,0.129049538,0.053138077,578.1951676,578.1951676,578.1974003,3849.469231,4485.530769,4121.107692,4452.207692,636.0538462,1537.138462,4101.223077,0.595961407,-0.441169264,3319.415385,-116.4307692,5108.338462,142.6769231,3.153846154,126.8,2.315538462,3.928,1.562307692,3.853846154,0.182056315,4.248272252,1.127975538,4.166405881,0.983217271,1.379271104,1.224487358,-0.527845857,-0.313152571,0.126229306,0.070077672,1.141357585,1.463688871,0.852338184,1.096155728,-0.39298813,0.320164389,1.417397142,0.204269652,1.438835235,3.279230769,6.519493417,4.489153846,4.285615385,-2.946166234,4.217769231,4.112,1.3115,4.112,8.825775701,7.8846,0.141843959,-0.882690461,6.5731,0.076596031,-0.132060795,0.103560722,0.718060183,Palustris_E_Iberá,2249.039638,-0.015939676,3390.694697,-157.8765188,771.5550622,1505.084781,663.5701471,687.3913262,747.5595041,-105.2337641,203.7344567,-66.82464298,707.3931056,-177.2329198,157.6706997,84.12655368,-65.80516885,-479.7318582,-88.32366722,344.7128459,26.54081878,-19.50943686,-39.20405567,-6.31E-12
C_18_55,C_18_55_B.wav_Palustris_complex_43,H:\Sporophila_vocalizations\M-F consolidated\converted_sound_files\C_18_55_B.wav,Palustris_final_kjochecked_CecilasImageCorrections.txt,Palustris,E_Iberá,2019,complex,43,C_18_55_B.wav,D:/Sporophila_vocalizations/E_Iberá/2019/Palustris,C_18_55_B.wav_912,NANANANANANANANA,C_18_55_B.wav,1,1,591.2533219,591.3229819,591.2250226,591.3672449,0.23636475,0.142222375,0.06966,591.26856,591.26856,591.2837981,3305.35,3832.9,3531.425,3117.775,527.5625,1055.125,3757.5375,-0.523394075,-0.09460407,2950.0375,-74.175,4414.3,90.875,1.625,129.2,1.649125,3.483,1.2915,2.771,0.236364538,3.568333808,-0.607292765,3.503468165,-1.061526385,-0.971381034,-0.444829006,-0.370956033,-0.261874879,0.142760971,0.08554066,0.01344792,0.134620498,0.837752799,-0.728437641,-1.153075878,0.187903115,-0.637241508,0.204269652,-0.156114391,2.24175,7.540376984,4.29975,3.3075,-4.489573587,3.675,18.074,1.5152,18.074,21.15271963,7.6139,-0.30324485,-0.062663414,6.0987,-0.307795008,0.055074354,-0.224010816,-0.32800364,Palustris_E_Iberá,1759.263592,-0.138410901,-1770.798218,-515.9710936,-540.3297163,779.5385069,-496.0564552,17.9069322,316.4026966,454.6330849,317.8040191,-679.3954306,265.0252813,-122.2873385,-139.2971286,-424.2152845,233.3169034,203.0701019,-206.4781012,75.85694154,-1.312700746,-9.033204449,-37.10985244,5.89E-12
C_18_55,C_18_55_B.wav_Palustris_complex_44,H:\Sporophila_vocalizations\M-F consolidated\converted_sound_files\C_18_55_B.wav,Palustris_final_kjochecked_CecilasImageCorrections.txt,Palustris,E_Iberá,2019,complex,44,C_18_55_B.wav,D:/Sporophila_vocalizations/E_Iberá/2019/Palustris,C_18_55_B.wav_919,NANANANA,C_18_55_B.wav,1,1,605.6446143,605.7331405,605.617041,605.7839343,0.2306075,0.16689375,0.08852625,605.648968,605.648968,605.6867005,3854.425,4478.925,4177.45,3601.25,624.475,1184.325,4457.35,1.755837324,-0.894105953,3445.3,-44.525,5146.45,3.7,0.25,140.65,1.38125,3.982,1.03025,2.6505,0.230607477,4.111004627,-0.85094341,4.076934828,1.209941314,0.410594388,-0.673185786,-0.338277171,-0.570600315,0.14622899,0.09544282,-1.19520514,-1.147964373,0.842465154,-1.119973054,-1.073715207,0.154104513,1.198039315,2.358350813,1.143313234,2.352,7.92032967,4.9245,3.6015,-5.589128782,4.1895,33.075,3.2405,33.075,34.61472897,7.8228,-0.659315896,-0.149592169,4.5823,-0.669601691,0.215885358,0.232301174,-1.469124028,Palustris_E_Iberá,NA,-1.392434969,-1003.161336,-53.26440041,4684.561607,471.3024799,-997.9091585,182.6534388,457.0144697,507.6140344,457.7764958,138.7080581,153.6683905,-98.02955433,-416.0908663,-636.6805284,338.2650297,95.97723632,-59.98308857,-26.55864874,72.92500586,-11.09272348,217.3554682,1.56E-11
C_18_55,C_18_55_B.wav_Palustris_complex_61,H:\Sporophila_vocalizations\M-F consolidated\converted_sound_files\C_18_55_B.wav,Palustris_final_kjochecked_CecilasImageCorrections.txt,Palustris,E_Iberá,2019,complex,61,C_18_55_B.wav,D:/Sporophila_vocalizations/E_Iberá/2019/Palustris,C_18_55_B.wav_1126,NANANANANANANANA,C_18_55_B.wav,1,1,585.1189004,585.1769501,585.0898754,585.2241155,0.2036215,0.134240625,0.05805,585.134864,585.134864,585.1471995,3434.5375,3875.975,3639.1,2543.35,441.425,979.7625,3692.9375,-0.733790929,-0.739695718,3036.175,-48.2125,4683.475,68.625,0.375,130.3,1.482,3.424375,1.24675,3.02775,0.203621496,3.632486755,-1.17953392,3.593527935,-0.532181032,-0.911232443,-0.941782568,-0.557964914,-0.496471066,0.129557183,0.077226086,-0.855457151,-0.764796616,0.851472148,-0.494582063,-0.695435503,0.228779776,-0.275927938,0.419677768,-0.156114391,2.16825,6.111426074,4.44675,3.234,-5.574202891,3.71175,11.728,2.1311,11.728,14.49288785,7.7596,-0.30324485,-0.557067011,5.6285,-0.381574815,0.276825187,-0.317757842,-0.328114042,Palustris_E_Iberá,1952.37754,-0.529352036,-2235.069754,-1395.320612,618.9695007,-24.69510075,-575.5310441,-206.9846805,441.301889,172.6684111,-10.85598293,-543.6354975,215.1833856,-241.3621383,160.0440063,44.5953097,8.755025304,-214.4725993,-64.56750413,213.0757073,-137.4607717,38.55600999,38.74576968,-6.42E-12
C_18_55,C_18_55_B.wav_Palustris_complex_62,H:\Sporophila_vocalizations\M-F consolidated\converted_sound_files\C_18_55_B.wav,Palustris_final_kjochecked_CecilasImageCorrections.txt,Palustris,E_Iberá,2019,complex,62,C_18_55_B.wav,D:/Sporophila_vocalizations/E_Iberá/2019/Palustris,C_18_55_B.wav_1141,NANANANANANANA,C_18_55_B.wav,1,1,621.2457289,621.3220231,621.2117281,621.3676334,0.229105429,0.155905714,0.076294286,621.266461,621.266461,621.2789003,3851.371429,4343.542857,4097.457143,3879.785714,492.1857143,1132.042857,4208.2,0.944376392,-1.476453126,3408.385714,-72.07142857,5586.328571,4.228571429,0.285714286,138.2285714,1.525714286,3.930285714,1.252285714,4.166857143,0.229105474,4.079404314,-0.885191817,4.038124744,1.134511383,0.267145474,-0.830887797,-0.153240721,-0.098587362,0.149272317,0.088648934,-0.63929714,-0.916711901,0.82284591,-1.074267806,-1.661200646,0.104743721,1.159707748,1.804444229,2.466953795,3.402,5.908882784,4.977,3.549,-6.049207286,4.137,48.193,3.0601,48.193,50.60985047,7.9235,-0.392262611,-0.172271657,4.8634,-0.463396138,0.279452554,-0.656132953,-1.944517254,Palustris_E_Iberá,113.5191976,-1.367593456,-973.0218937,-157.8879373,4339.320414,1668.476879,-1078.378409,-1183.423776,828.9162278,607.3992166,906.6394867,261.5971894,685.6732795,-653.5443709,-408.2647443,78.89945234,166.8645981,40.92425845,128.3020088,205.7237924,-293.5290859,73.50666078,11.08718803,3.30E-12
C_18_55,C_18_55_B.wav_Palustris_complex_63,H:\Sporophila_vocalizations\M-F consolidated\converted_sound_files\C_18_55_B.wav,Palustris_final_kjochecked_CecilasImageCorrections.txt,Palustris,E_Iberá,2019,complex,63,C_18_55_B.wav,D:/Sporophila_vocalizations/E_Iberá/2019/Palustris,C_18_55_B.wav_1148,NANANANA,C_18_55_B.wav,1,1,629.2186738,629.3028458,629.1867463,629.3608958,0.23130825,0.17415,0.0841725,629.2535033,629.2535033,629.2607595,3811.375,4608.1,4112.825,3413.675,796.725,1507.325,4177.425,0.844144764,-1.333317289,3359.15,-55.65,5555.55,96.45,0.5,136.825,1.5485,4.05675,1.23975,3.293,0.231308411,4.188912034,-0.409978467,4.096539362,1.262992023,0.838611538,-0.00803748,-0.031883174,-0.179157204,0.161152646,0.102208418,-0.062330899,-0.068485163,0.864332734,-1.079037685,-0.403945949,0.238164141,1.486112954,0.635085884,1.369300647,3.087,7.272294372,4.263,3.4545,-3.70507414,4.263,56.721,2.5137,56.721,58.17576636,7.3224,-0.659315896,-0.139008408,4.8087,-0.68957585,0.617922132,-0.13769749,-0.898563834,Palustris_E_Iberá,NA,-1.122202891,106.7699668,246.0640804,3205.932876,1312.253575,180.2588782,-315.096619,804.0079906,263.8337674,610.2699227,189.3057234,-302.1142678,151.6442974,619.7969786,78.00094536,-353.74193,-62.09795141,200.1836354,310.3968914,-325.3763975,70.58604533,34.45442013,-7.46E-12
C_18_55,C_18_55_B.wav_Palustris_complex_64,H:\Sporophila_vocalizations\M-F consolidated\converted_sound_files\C_18_55_B.wav,Palustris_final_kjochecked_CecilasImageCorrections.txt,Palustris,E_Iberá,2019,complex,64,C_18_55_B.wav,D:/Sporophila_vocalizations/E_Iberá/2019/Palustris,C_18_55_B.wav_1152,NANANANANA,C_18_55_B.wav,1,1,634.7836258,634.8602516,634.75344,634.9090136,0.222056,0.155574,0.076626,634.8103286,634.8103286,634.8196166,3824.3,4392.78,4099.92,3639.3,568.5,1188.64,4168.84,0.81618413,-1.33606236,3428.08,-59.34,5426.38,0,0,137.18,1.4744,3.9944,1.1868,3.0896,0.222056075,4.097439761,-0.942416401,4.0657127,1.153439332,0.354893093,-0.703635473,-0.195402984,-0.160726181,0.147949967,0.088621617,-0.866478488,-1.013528609,0.833591202,-1.110490445,-1.341179892,0.114085789,1.225558412,1.410555102,1.640485542,2.9988,4.491779332,4.557,3.5574,-4.499947111,4.0866,62.121,2.8962,62.121,63.77029907,7.4863,-0.570298135,-0.278714066,4.5901,-0.643842476,0.779336058,-0.665795626,-1.65934756,Palustris_E_Iberá,18.39560232,-1.439543062,-1227.313887,-434.3185071,4122.140683,1387.202667,-631.4311196,-918.7400871,499.0155157,442.6397525,587.9406338,360.1169037,329.2824506,-162.6528694,28.07827604,-47.48818214,-140.0807699,-115.3534513,88.00774055,197.4784726,-219.0883497,15.6188061,35.58209437,-1.11E-11
C_18_55,C_18_55_B.wav_Palustris_complex_65,H:\Sporophila_vocalizations\M-F consolidated\converted_sound_files\C_18_55_B.wav,Palustris_final_kjochecked_CecilasImageCorrections.txt,Palustris,E_Iberá,2019,complex,65,C_18_55_B.wav,D:/Sporophila_vocalizations/E_Iberá/2019/Palustris,C_18_55_B.wav_1157,NANANANANANA,C_18_55_B.wav,1,1,640.0299812,640.107381,639.9980537,640.1576907,0.228037333,0.1596375,0.0774,640.0522337,640.0522337,640.0609412,3933.383333,4421.466667,4206.15,3588.35,488.0833333,1162.783333,4263.566667,1.124701044,-1.127436975,3488.366667,-51.93333333,5354.566667,4.933333333,0.666666667,146.8833333,1.480833333,3.897,1.2545,3.391333333,0.228037383,4.138230756,-1.04613307,4.123973766,1.42223799,0.396288307,-0.937599663,-0.286213467,-0.265754525,0.151259843,0.094120387,-0.499391535,-0.780774261,0.825279445,-1.120701687,-1.594817619,0.10322688,1.291309363,1.64032376,1.143313234,2.597,5.512037037,5.488,3.626,-8.292378484,4.361,67.169,2.7869,67.169,69.31631776,7.6503,-0.481280373,-0.188399297,4.8634,-0.526761524,0.282960756,-0.399395406,-1.65934756,Palustris_E_Iberá,143.3455429,-1.336695516,-1088.541293,-107.7187156,4049.810067,1497.944664,-1263.664333,-300.2667352,551.3122271,200.9517227,486.0342273,326.6198223,153.6685979,-297.8855176,-53.65001226,-276.0952643,-168.9994719,-187.7841715,78.16853651,-73.89760111,-60.6878521,-14.61335543,60.69428391,-2.83E-12
C_18_55,C_18_55_B.wav_Palustris_complex_66,H:\Sporophila_vocalizations\M-F consolidated\converted_sound_files\C_18_55_B.wav,Palustris_final_kjochecked_CecilasImageCorrections.txt,Palustris,E_Iberá,2019,complex,66,C_18_55_B.wav,D:/Sporophila_vocalizations/E_Iberá/2019/Palustris,C_18_55_B.wav_1163,NANANANANANANANANANA,C_18_55_B.wav,1,1,646.3256849,646.3854761,646.3001429,646.426111,0.2136447,0.1259685,0.0597915,646.3564514,646.3564514,646.3576124,3505.61,3970.72,3695.09,3316.4,465.11,973.31,3686.48,-0.754822473,-0.825479182,3057.71,-83.08,4823.43,93.48,0.7,134.97,1.5765,3.5439,1.2578,3.586,0.21364486,3.731943586,-0.86280067,3.667524206,-0.228674417,-0.667380476,-0.872001376,-0.509703262,-0.459727363,0.130049264,0.076952393,-0.288344004,-0.552757325,0.826412792,-0.870482277,-1.521609075,0.166216469,0.043186361,0.548922638,0.37495603,2.4696,6.316880342,4.3218,3.381,-4.757975423,3.7338,72.684,2.1858,72.684,76.10764486,7.7049,-0.125209326,-0.405719213,5.5191,-0.226705331,0.409494441,-0.561239778,-0.042833945,Palustris_E_Iberá,1835.660241,-0.339700263,-1601.130341,-1245.541247,762.1943361,947.0778836,-964.4827898,-557.1742267,400.9744304,457.3273171,152.5838979,-940.3718637,421.9701483,-51.79035254,275.0349551,80.90433914,-62.78616032,-246.5621378,9.214658346,-94.98434592,-91.80963785,54.72418585,51.30523078,1.19E-11
C_18_56,C_18_56.wav_Palustris_complex_68,H:\Sporophila_vocalizations\M-F consolidated\converted_sound_files\C_18_56.wav,Palustris_final_kjochecked_CecilasImageCorrections.txt,Palustris,E_Iberá,2019,complex,68,C_18_56.wav,D:/Sporophila_vocalizations/E_Iberá/2019/Palustris,C_18_56.wav_1174,NANANANANANANANANANANA,C_18_56.wav,1,1,676.6120521,676.675907,676.5883045,676.7234024,0.226593,0.135098182,0.063855,676.6299948,676.6299948,676.643188,3547.1,3977.754545,3774.163636,3735.590909,430.6636364,1025.772727,3891.627273,-0.086674782,-0.965228243,3053.809091,-55.29090909,4893.918182,45.86363636,0.545454545,137.1909091,1.464,3.648181818,1.250090909,3.083363636,0.226593033,3.725939038,-1.01518589,3.688320823,-0.158015428,-0.727641174,-1.054035798,-0.494277691,-0.50869624,0.133100975,0.081024663,-0.117958863,-0.57082406,0.811389477,-0.863026605,-1.978081298,0.104379709,0.114347461,0.125939428,0.506439615,2.699454545,7.803777491,3.862090909,3.220636364,-2.783406682,3.835363636,5.448,1.6393,5.448,9.096485982,8.0874,-0.036191565,-0.210208264,6.4481,-0.173846647,0.563290104,-0.908095301,-0.613394139,Palustris_E_Iberá,1257.742286,-0.557949529,-1755.554852,-1252.367,1016.611657,1659.343244,-1166.09806,-890.6395639,469.0635016,431.7626275,37.71817679,-284.432053,41.21956535,-227.1934356,193.3897645,-194.9687281,176.3864639,-136.8227354,-25.54163818,-173.5417911,-173.0198946,52.44659513,71.90713693,-8.57E-12
C_18_56,C_18_56.wav_Palustris_complex_70,H:\Sporophila_vocalizations\M-F consolidated\converted_sound_files\C_18_56.wav,Palustris_final_kjochecked_CecilasImageCorrections.txt,Palustris,E_Iberá,2019,complex,70,C_18_56.wav,D:/Sporophila_vocalizations/E_Iberá/2019/Palustris,C_18_56.wav_1188,NANANANANANANANA,C_18_56.wav,1,1,692.6425283,692.7013039,692.620034,692.7441156,0.204672875,0.124081875,0.058775625,692.670102,692.670102,692.6708276,3477.6125,3843.675,3660.6375,2833.6625,366.0625,882.875,3671.4125,-0.803896073,-0.739695718,3079.2625,-35.2375,4500.4125,5.5625,0.375,134.675,1.4715,3.444125,1.247125,2.86525,0.204672897,3.632059895,-1.461639611,3.603035171,-0.399854169,-1.001477566,-1.244384155,-0.574474659,-0.524906238,0.124275323,0.072536843,-0.650659126,-0.885703124,0.814372475,-0.82416618,-1.884002103,0.104286976,-0.360145751,0.527381826,-0.043120684,2.205,5.910737179,4.15275,3.1605,-4.930774968,3.7485,21.921,2.0219,21.921,24.47188785,7.377,-0.30324485,-0.541191365,5.3551,-0.431884822,0.667175846,-0.719596755,-0.898563834,Palustris_E_Iberá,288.0159562,-0.845241257,-2948.593285,-1582.508456,954.1067656,1067.186441,-1103.148986,-508.3742868,393.4364101,336.8273077,52.53361078,-348.6941798,505.5465257,-95.1220335,-4.320458057,-158.1263646,-126.316518,-310.816681,11.07962275,-17.77136464,-141.7786437,16.38346867,101.655044,3.32E-12
C_18_56,C_18_56.wav_Palustris_complex_71,H:\Sporophila_vocalizations\M-F consolidated\converted_sound_files\C_18_56.wav,Palustris_final_kjochecked_CecilasImageCorrections.txt,Palustris,E_Iberá,2019,complex,71,C_18_56.wav,D:/Sporophila_vocalizations/E_Iberá/2019/Palustris,C_18_56.wav_1196,NANANANANANA,C_18_56.wav,1,1,699.858129,699.9268215,699.8281367,699.970359,0.206541833,0.1422225,0.0686925,699.8765115,699.8765115,699.891024,3919.05,4349.716667,4105.666667,3424.4,430.6666667,961.8,4277.916667,1.171437806,-0.54639698,3588.866667,-91.5,5354.6,66.76666667,1.333333333,137.0166667,1.602333333,3.663666667,1.260666667,3.462666667,0.206542056,4.148915733,-0.635853655,4.089343076,1.415692569,0.316171297,-1.065932494,-0.398340212,-0.454393432,0.134323452,0.081115417,0.020432697,-0.354797943,0.832783769,-0.996367226,-1.347076483,0.172217329,1.247346932,1.927534581,1.745946335,2.891,3.594474969,4.9,4.018,-3.859572822,4.214,29.213,2.8415,29.213,31.93265421,7.9781,-0.481280373,-0.512968005,5.1366,-0.39220895,-0.762712639,1.374517903,-1.65934756,Palustris_E_Iberá,359.6242955,-1.100029618,-351.9665712,740.9104725,3744.028346,1031.353893,-1736.428933,1028.470517,1451.888753,791.2838141,432.3601368,254.0933406,709.6191619,-502.8895401,-428.2834181,320.8417447,199.2236223,297.9457061,-0.211576922,-23.4906853,-102.6122228,93.45189245,114.4584587,-1.81E-11
C_18_56,C_18_56.wav_Palustris_complex_72,H:\Sporophila_vocalizations\M-F consolidated\converted_sound_files\C_18_56.wav,Palustris_final_kjochecked_CecilasImageCorrections.txt,Palustris,E_Iberá,2019,complex,72,C_18_56.wav,D:/Sporophila_vocalizations/E_Iberá/2019/Palustris,C_18_56.wav_1203,NANANANANANANANANANANANANANANANANANA,C_18_56.wav,1,1,705.6415104,705.6960129,705.6157104,705.7434204,0.198286556,0.127709889,0.0545025,705.6540879,705.6540879,705.6666654,3612.8,4340.138889,3986.033333,4189.111111,727.3444444,1406.844444,4005.172222,0.283131722,-0.743127057,3062.5,-108.8166667,4890.422222,117.05,2.166666667,136.6277778,2.017333333,3.800111111,1.442166667,3.665666667,0.198286604,3.961665608,0.43497115,3.91554494,0.13145502,0.362708038,0.465798183,-0.717107108,-0.68748357,0.119947919,0.071597711,0.323211358,0.066758785,0.834388771,0.638938805,-1.019186524,0.23843682,0.504730248,-0.848836693,0.666228695,3.136,7.312192389,4.377333333,3.315666667,-3.782145749,3.985333333,33.301,0.9836,33.301,38.73541122,9.235,0.586932767,-0.637621202,8.2514,0.246012749,0.78305179,-0.982404204,0.813116748,Palustris_E_Iberá,6811.8181,0.885387324,1632.227263,-1826.799249,-199.0559769,1253.793905,41.46425787,-824.6176803,39.56824408,204.3361706,-597.8387345,-159.7251681,-21.76970203,-76.01395078,374.6549879,-284.3344442,-68.99663414,79.40450268,6.890216198,-91.73664902,-52.45708367,114.5180936,-21.40803583,1.78E-11
C_18_56,C_18_56.wav_Palustris_complex_73,H:\Sporophila_vocalizations\M-F consolidated\converted_sound_files\C_18_56.wav,Palustris_final_kjochecked_CecilasImageCorrections.txt,Palustris,E_Iberá,2019,complex,73,C_18_56.wav,D:/Sporophila_vocalizations/E_Iberá/2019/Palustris,C_18_56.wav_1221,NANANANA,C_18_56.wav,1,1,710.4740023,710.5523698,710.4420748,710.6017123,0.22990675,0.1596375,0.0783675,710.501576,710.501576,710.5160885,3832.9,4328.175,4048.25,3934.375,495.25,1141.275,4134.375,0.703934477,-1.154887684,3445.3,-44.525,5340.25,0,0,144.45,1.48425,3.9175,1.22525,3.42275,0.229906542,4.060293531,-1.086097319,4.012596054,1.114579988,0.226431192,-0.877318926,-0.013075138,-0.084799387,0.154306113,0.093395375,-0.387361188,-0.772114221,0.818114525,-1.128839846,-1.813317053,0.081697322,1.245007284,1.281310233,1.708281766,3.087,4.498809524,5.2185,3.4545,-7.576376121,4.1895,40.485,2.5137,40.485,41.83953271,7.4863,-0.659315896,-0.16017593,4.9726,-0.713140127,0.930159477,-0.53661523,-1.754404125,Palustris_E_Iberá,NA,-1.467922552,-1414.44582,-174.611468,3880.253406,2024.239973,-821.5850984,-820.7149129,561.9832587,360.2015968,513.6759983,373.6866182,526.0801903,7.084612837,82.48530075,42.25691959,-62.13928324,-1.3005386,99.0597261,127.4087724,-377.3999545,47.56921826,101.1560723,7.48E-12
C_18_56,C_18_56.wav_Palustris_complex_74,H:\Sporophila_vocalizations\M-F consolidated\converted_sound_files\C_18_56.wav,Palustris_final_kjochecked_CecilasImageCorrections.txt,Palustris,E_Iberá,2019,complex,74,C_18_56.wav,D:/Sporophila_vocalizations/E_Iberá/2019/Palustris,C_18_56.wav_1225,NANANANANANANA,C_18_56.wav,1,1,716.3131989,716.3712487,716.2916376,716.4292987,0.225444714,0.137661286,0.05805,716.3181746,716.3181746,716.3355896,3359.171429,3765.242857,3580.657143,2942.871429,406.0571429,922.8571429,3703.7,-0.698738358,-0.429404675,2928.485714,-99.6,4429.671429,72.05714286,0.857142857,139.4857143,1.468142857,3.397571429,1.229857143,2.947,0.225444642,3.534384065,-1.116495035,3.487783667,-0.965875619,-1.252282715,-1.028956959,-0.639910335,-0.605976582,0.131368065,0.081319171,-0.919884037,-0.969359837,0.829076098,-0.651753367,-1.406167106,0.111601696,-0.592345579,-0.041911052,-0.632302153,2.016,5.655023548,3.465,3.213,-2.354884754,3.717,45.919,2.0219,45.919,48.0955424,7.9235,-0.392262611,-0.227548398,5.9016,-0.519891001,1.366506478,-1.108653415,-0.518227172,Palustris_E_Iberá,2481.61829,-0.358630754,-3028.328974,-2031.361,155.0985316,735.1883077,-372.6820771,-717.0436241,-304.3797605,237.4002243,-192.1664554,-317.8850037,62.70272998,247.8560063,228.7840582,-430.0142973,111.5211888,142.6980486,-77.10047803,-122.3683727,44.49570675,-74.12346977,9.448167797,1.05E-11
C_18_56,C_18_56.wav_Palustris_complex_75,H:\Sporophila_vocalizations\M-F consolidated\converted_sound_files\C_18_56.wav,Palustris_final_kjochecked_CecilasImageCorrections.txt,Palustris,E_Iberá,2019,complex,75,C_18_56.wav,D:/Sporophila_vocalizations/E_Iberá/2019/Palustris,C_18_56.wav_1232,NANANANANANA,C_18_56.wav,1,1,722.8284693,722.8961943,722.7994445,722.9426342,0.216355167,0.14319,0.067725,722.8362093,722.8362093,722.8594293,3919.05,4435.85,4163.083333,4301.066667,516.8,1148.45,4392.766667,1.545494752,-1.868606104,3359.166667,-71.71666667,5627.35,0,0,154.75,1.53,4.074666667,1.250333333,3.845833333,0.21635514,4.132783066,-0.96107237,4.101915661,1.368543749,0.44593173,-0.792746092,-0.271739443,-0.272434188,0.143448447,0.086448202,-0.341204227,-0.75059347,0.811239594,-1.114415622,-2.019410373,0.063953348,1.345566221,1.64032376,2.649895986,3.577,1.914314852,6.615,3.381,-14.93900975,4.165,52.547,2.5683,52.547,54.46728037,7.4863,-0.481280373,-0.364795332,4.918,-0.580136534,0.779336058,-0.796374699,-2.039684222,Palustris_E_Iberá,22.18963174,-1.647262809,-762.1072441,-443.0921747,4857.797193,2447.955688,-970.1785114,-1208.335566,1101.01575,535.8799285,848.9303019,482.4329924,333.3805496,-396.8429492,-421.4982677,-88.64986486,213.8818384,39.16766855,20.92614152,211.2608878,-456.8950604,85.48360097,84.82615003,1.20E-11
C_18_56,C_18_56.wav_Palustris_complex_76,H:\Sporophila_vocalizations\M-F consolidated\converted_sound_files\C_18_56.wav,Palustris_final_kjochecked_CecilasImageCorrections.txt,Palustris,E_Iberá,2019,complex,76,C_18_56.wav,D:/Sporophila_vocalizations/E_Iberá/2019/Palustris,C_18_56.wav_1238,NANANANANANANA,C_18_56.wav,1,1,728.844511,728.9158291,728.8163153,728.9630984,0.217890571,0.146783571,0.071318571,728.8552917,728.8552917,728.877682,3888.285714,4405.071429,4122.071429,4082.742857,516.7857143,1168.957143,4331.242857,1.345116796,-1.554883721,3457.614286,-69.94285714,5561.714286,2.114285714,0.142857143,146.2857143,1.484428571,3.978285714,1.242285714,3.617714286,0.21789052,4.109573335,-1.012181071,4.067864346,1.287366073,0.350924635,-0.861873264,-0.32341555,-0.366072852,0.1414645,0.086415776,-0.374851462,-0.792117065,0.811626068,-1.099547997,-2.005352688,0.06570456,1.285448138,2.050624933,1.75670764,2.856,2.104338519,5.775,3.549,-10.43454244,4.137,58.289,2.5683,58.289,60.72026168,7.6503,-0.392262611,-0.34161186,5.082,-0.460008155,0.268011407,-0.460279112,-2.039684222,Palustris_E_Iberá,64.44885468,-1.409218024,-982.3258875,-281.309713,4489.618362,1862.8482,-1445.299083,-591.0409853,987.9534936,328.5470043,837.6155597,330.2468329,474.9793968,-487.2303811,-390.657584,-431.8685659,1.165620487,-26.76701675,-57.40020967,-72.77838889,-185.4600507,34.22996872,128.4253772,6.15E-12
C_18_56,C_18_56.wav_Palustris_complex_77,H:\Sporophila_vocalizations\M-F consolidated\converted_sound_files\C_18_56.wav,Palustris_final_kjochecked_CecilasImageCorrections.txt,Palustris,E_Iberá,2019,complex,77,C_18_56.wav,D:/Sporophila_vocalizations/E_Iberá/2019/Palustris,C_18_56.wav_1245,faintfaintfaintfaintfaintfaint,C_18_56.wav,1,1,738.7641308,738.8463682,738.7380083,738.8995807,0.211215,0.1615725,0.0822375,738.7883183,738.7883183,738.7892857,4033.883333,4722.95,4407.116667,2677.583333,689.0666667,1478.616667,4392.766667,1.545494752,-0.852929891,3416.583333,-64.3,5282.816667,126.1333333,2.833333333,115.6333333,2.396166667,4.090666667,1.464,3.452,0.211214953,4.356000792,0.066899475,4.320188627,1.662375187,1.425081313,0.533754837,-0.44359052,-0.575724237,0.145938882,0.0952595,-1.395970293,-1.027214524,0.925097233,-1.062102603,1.441454941,0.532590921,1.591522116,2.071139992,0.917325821,2.303,16.07211538,4.998,3.969,-5.122564318,4.802,68.544,2.5137,68.544,70.56235514,6.6667,-0.481280373,-0.442409587,4.153,-0.557079795,0.665185456,-0.470290475,-0.32800364,Palustris_E_Iberá,141.1873699,-1.156578324,837.3686025,-391.789832,4519.936956,-938.6941649,796.4724999,185.3914992,-479.5496246,330.3778915,1136.110672,27.49536531,-763.0080839,225.2741781,173.0767431,-157.026506,-354.2393536,-357.121076,137.6365134,152.4160281,25.02722702,3.543352588,-0.558864689,-2.01E-12
C_18_57,C_18_57.wav_Palustris_complex_85,H:\Sporophila_vocalizations\M-F consolidated\converted_sound_files\C_18_57.wav,Palustris_final_kjochecked_CecilasImageCorrections.txt,Palustris,E_Iberá,2019,complex,85,C_18_57.wav,D:/Sporophila_vocalizations/E_Iberá/2019/Palustris,C_18_57.wav_2979,atypicalatypicalatypicalatypicalfaintfaintfaintfaintfaintfaintatypicalatypicalatypicalNANANANANANANANANANANANANANANANANANANANA,C_18_57.wav,1,1,810.225828,810.2705089,810.1899426,810.3099125,0.234645485,0.11996997,0.044680909,810.2404285,810.2404285,810.2465852,3993.424242,4458.021212,4215.275758,4632.99697,464.5878788,1276.339394,4223.115152,0.992953807,-0.134220433,3249.545455,-140.7272727,5188.854545,131.2878788,3.424242424,117.6242424,2.23,3.482151515,1.470151515,4.11369697,0.234645459,4.248419042,1.120243639,4.207442366,1.303248132,1.136605227,0.451294092,-0.249185563,-0.00940905,0.13918463,0.076702683,1.170907111,1.132201685,0.84555679,0.189084984,-0.758965197,0.325641131,1.096326237,-0.605142663,1.711705818,3.732909091,11.93426013,3.969,3.363181818,0.201565911,4.307545455,40.132,0.8743,40.132,59.44919626,9.7268,1.922199192,-0.08862065,8.8525,3.509765133,-1.627806395,2.204221301,1.288509975,Palustris_E_Iberá,11025.42965,2.041609682,5081.341006,957.5035682,-937.8888816,-118.8301535,-3180.66647,-121.6902356,1402.131033,1135.576161,-441.0432631,181.240449,121.2026728,199.1823428,166.2819117,527.6908785,370.7297351,285.8277652,136.6251468,67.64472733,-81.91087327,-874.9447562,-125.5720233,-2.81E-12
C_18_57,C_18_57.wav_Palustris_complex_92,H:\Sporophila_vocalizations\M-F consolidated\converted_sound_files\C_18_57.wav,Palustris_final_kjochecked_CecilasImageCorrections.txt,Palustris,E_Iberá,2019,complex,92,C_18_57.wav,D:/Sporophila_vocalizations/E_Iberá/2019/Palustris,C_18_57.wav_1310,atypicalatypicaatypicaatypicalatypicaatypicaatypicaNANANANANANANANANANANANANANANANANANANA,C_18_57.wav,1,1,855.2179338,855.2630341,855.1971698,855.2916126,0.162292731,0.094442846,0.045100385,855.226418,855.226418,855.2357953,3610.946154,4369.580769,3972.042308,5541.546154,758.6346154,1676.280769,4051.55,0.434180306,-0.152936825,3256.465385,-119.2653846,4816.815385,114.1346154,1.807692308,127.1961538,2.368076923,3.724384615,1.709576923,4.139461538,0.162292718,4.057908353,2.314516096,3.945105224,-0.125092484,1.29516546,2.335846917,-1.13250422,-1.073905191,0.101086723,0.06078992,2.53354574,2.926202944,0.820997376,1.767070334,-1.248627162,0.298671931,-0.041452759,-1.982951219,0.760872996,3.584538462,9.819654704,3.392307692,3.279230769,5.855430742,3.991615385,90.9,0.929,90.9,99.78584112,9.071,1.29907486,-1.18111092,8.142,1.05742145,0.142029351,-0.009476495,1.954237136,Palustris_E_Iberá,6663.700375,1.470592845,5251.955123,-1339.978437,-3180.779832,2560.54466,790.2207931,679.3553129,1131.3739,449.1860974,-273.6639842,-52.86820009,175.1390678,349.2853171,-164.1683316,-707.7182117,-19.55811894,-237.1868658,-20.76295503,118.3476982,278.9248424,-19.43228879,71.26063705,-2.92E-12
C_18_57,C_18_57.wav_Palustris_complex_93,H:\Sporophila_vocalizations\M-F consolidated\converted_sound_files\C_18_57.wav,Palustris_final_kjochecked_CecilasImageCorrections.txt,Palustris,E_Iberá,2019,complex,93,C_18_57.wav,D:/Sporophila_vocalizations/E_Iberá/2019/Palustris,C_18_57.wav_1336,atypicalatypicalatypicalatypicalatypicalatypicalatypicalNA,C_18_57.wav,1,1,862.4834355,862.5291498,862.4674719,862.5589003,0.1419395,0.09142875,0.045714375,862.5044786,862.5044786,862.4993993,3617.575,4403.5375,3865.2,5614.75,785.9625,2454.775,3725.2375,-0.628592502,-0.424012571,2853.1625,-267.0625,4855.75,198.4375,2.875,127.375,2.40225,3.86425,1.794,3.818375,0.141939252,4.345998873,3.4047745,4.056711847,0.031186373,2.767931819,4.654271636,-1.310113843,-1.264378563,0.096775757,0.060448607,2.344055041,2.21919625,0.843524141,0.709675527,-0.753152982,0.340385634,0.253691426,-0.980474986,0.634841555,3.1605,9.189714452,3.7485,2.94,-7.030804625,3.8955,101.048,1.4754,101.048,104.6877009,9.7814,-0.30324485,-1.488438082,8.306,-0.175911954,-0.93616245,2.154350155,0.813116748,Palustris_E_Iberá,1868.209303,-0.32781103,4964.567833,381.1731967,-1578.791212,1382.456413,2916.646531,2330.610696,2907.685053,2198.762039,533.2532477,-10.66850626,1623.974175,710.7671745,84.10416077,-1684.828356,-1508.353698,-1021.039985,300.2906732,-410.166503,257.3149966,-91.14775531,-60.9915529,-1.11E-11
C_18_57,C_18_57.wav_Palustris_complex_95,H:\Sporophila_vocalizations\M-F consolidated\converted_sound_files\C_18_57.wav,Palustris_final_kjochecked_CecilasImageCorrections.txt,Palustris,E_Iberá,2019,complex,95,C_18_57.wav,D:/Sporophila_vocalizations/E_Iberá/2019/Palustris,C_18_57.wav_2983,atypicalatypicalatypicalNANANANANANANA,C_18_57.wav,1,1,881.3081428,881.3481973,881.2860839,881.3789638,0.1780373,0.09288,0.0400545,881.3261383,881.3261383,881.3278798,3738.16,4358.31,4031,4527.71,620.16,1386.75,4091.3,0.563642767,-1.218024313,3169.68,-91.99,4918.16,71.22,1.7,129.8,2.0268,3.7,1.5709,3.7439,0.178037383,4.047402162,0.480962184,4.020851878,0.520835409,0.496606219,0.252139891,-0.974185128,-0.713009977,0.103156477,0.055338264,-0.489384304,-0.759041387,0.826511797,0.755073116,-1.234573708,0.230985076,0.789694218,0.290432899,1.640485542,3.381,6.23902352,4.2336,3.2928,-7.128979029,4.2336,118.866,1.374,118.866,123.514243,9.7268,-0.125209326,-0.943374334,8.3528,0.061189717,-0.943665436,1.659986719,0.717949781,Palustris_E_Iberá,3759.761945,-0.012187611,1583.50148,-732.008165,1640.625361,-116.1095431,-487.6299122,281.7571797,2022.279848,1175.010593,-1385.377558,-558.2570101,1076.392598,-477.0964253,-117.2785131,7.179314614,488.4603688,-176.7208592,-115.0434521,-23.977838,24.03356678,-19.78529222,-13.25135767,-1.87E-12
C_18_57,C_18_57.wav_Palustris_complex_97,H:\Sporophila_vocalizations\M-F consolidated\converted_sound_files\C_18_57.wav,Palustris_final_kjochecked_CecilasImageCorrections.txt,Palustris,E_Iberá,2019,complex,97,C_18_57.wav,D:/Sporophila_vocalizations/E_Iberá/2019/Palustris,C_18_57.wav_1355,NANANANANANANANAatypicalatypicalatypicalatypicalatypical,C_18_57.wav,1,1,892.5527185,892.6018375,892.5303916,892.6380072,0.175988462,0.107615769,0.049119231,892.5683472,892.5683472,892.5737057,3822.969231,4525.284615,4167.484615,6148.392308,702.3230769,1914.807692,4193.992308,0.898103114,0.696979341,3061.023077,-144.9538462,5174.6,125.5461538,3.538461538,138.8615385,2.465846154,3.981769231,1.602230769,4.503230769,0.175988498,4.2818626,2.551465295,4.203565316,0.853753327,1.450970162,1.492428491,-0.788343934,-0.507908164,0.116142549,0.064049812,3.251595502,4.254942281,0.825428795,0.195247107,-1.37667572,0.282913951,1.147766455,-1.982951219,1.647439001,4.161230769,7.891905298,3.946384615,3.742846154,1.314021312,4.240384615,130.234,1.0929,130.234,135.4219533,9.5082,0.141843959,-0.974311481,8.4153,0.188072091,-0.50472079,0.686446857,1.19345341,Palustris_E_Iberá,2211.495173,-0.170394689,4785.983347,1061.591007,-1726.01522,4280.239661,922.7748011,2065.575587,1418.170466,1170.176271,347.7624345,217.7884171,-247.8858406,206.1494687,390.3073964,470.1929946,116.4627854,-461.784781,-195.1278295,558.1326445,638.1545005,-196.070741,55.52169043,3.66E-12
C_18_58,C_18_58.wav_Palustris_complex_103,H:\Sporophila_vocalizations\M-F consolidated\converted_sound_files\C_18_58.wav,Palustris_final_kjochecked_CecilasImageCorrections.txt,Palustris,E_Iberá,2019,complex,103,C_18_58.wav,D:/Sporophila_vocalizations/E_Iberá/2019/Palustris,C_18_58.wav_1393,NANANANANANA,C_18_58.wav,1,1,1040.453262,1040.538401,1040.416497,1040.585809,0.2654205,0.1693125,0.08514,1040.494864,1040.494864,1040.495832,4464.55,5426.366667,4809.05,5346.083333,961.8333333,1894.916667,5211.033333,4.21052157,-0.953582488,3775.483333,-269.5666667,7335.65,296.75,7.166666667,139.0166667,2.2705,4.15,1.294333333,4.7255,0.265420561,5.003125447,1.766384466,4.928961419,3.789936392,3.067528753,0.909505926,0.506547815,0.99924611,0.187508182,0.104004871,1.127408506,0.679777331,0.852573682,-1.078732948,-0.760409595,0.269224178,3.991652325,1.927534581,4.608453565,4.753,10.22347495,5.488,3.675,-6.760394212,4.704,29.695,2.7869,29.695,32.80119626,9.5082,-0.481280373,0.376068014,6.7213,-0.30133543,-1.083647275,1.458674768,0.908173313,Palustris_E_Iberá,755.9352595,-0.789158167,5838.125712,3552.504108,6388.621147,2317.78934,-357.3341895,122.2039907,1002.547371,1223.60448,-62.52670612,-567.1321569,-274.7703361,41.82805186,26.12239101,680.7859116,719.7470448,-30.02101189,-459.8650837,43.17419042,-54.82386578,151.4571189,-166.8086223,7.80E-12
C_18_59,C_18_59_A.wav_Palustris_complex_105,H:\Sporophila_vocalizations\M-F consolidated\converted_sound_files\C_18_59_A.wav,Palustris_final_kjochecked_CecilasImageCorrections.txt,Palustris,E_Iberá,2019,complex,105,C_18_59_A.wav,D:/Sporophila_vocalizations/E_Iberá/2019/Palustris,C_18_59_A.wav_1415,NANANANANANANANANANANANANANANANANANANANANANANANANANANA,C_18_59_A.wav,1,1,1128.740904,1128.780249,1128.720264,1128.818089,0.17581563,0.097824963,0.039345,1128.750579,1128.750579,1128.758749,3741.977778,4258.788889,3962.1,4217.859259,516.8037037,1209.048148,3987.625926,0.225984887,-0.15649525,3068.874074,-128.0296296,4791.522222,118.7037037,2.851851852,139.637037,2.140814815,3.630407407,1.488666667,3.867074074,0.175815594,4.004446986,0.37624875,3.959278213,0.500754918,0.485919106,0.256750807,-1.133827851,-0.959017232,0.099940505,0.057249324,0.562515673,0.582647565,0.828978862,1.424198351,-1.064509134,0.245468231,0.358562149,-0.880749007,0.364912145,2.950888889,6.642529404,4.208555556,3.555222222,-2.034192123,4.023444444,8.256,1.1475,8.256,15.98928037,7.7596,1.388092622,-0.97692224,6.6121,0.786461922,0.888204097,-0.917455894,1.19345341,Palustris_E_Iberá,6030.698836,1.015203475,2383.464417,-2436.76857,-862.4845918,1295.636485,-583.152554,-213.8723377,-267.2868397,-223.4305377,-741.268569,210.0104686,93.72693107,130.0647992,102.1796079,-39.18440633,96.98182909,-342.7366818,225.3960986,22.63184004,135.20092,190.7242289,-52.84477008,2.10E-12
C_18_59,C_18_59_A.wav_Palustris_complex_106,H:\Sporophila_vocalizations\M-F consolidated\converted_sound_files\C_18_59_A.wav,Palustris_final_kjochecked_CecilasImageCorrections.txt,Palustris,E_Iberá,2019,complex,106,C_18_59_A.wav,D:/Sporophila_vocalizations/E_Iberá/2019/Palustris,C_18_59_A.wav_1443,NAatypicalatypicalNANANANANANANANANA,C_18_59_A.wav,1,1,1135.062483,1135.099248,1135.045068,1135.137948,0.184841833,0.09288,0.036765,1135.067804,1135.067804,1135.077479,3746.766667,4285.125,4076.95,3786.541667,538.3333333,1234.575,4184.608333,0.867540286,1.45292962,2957.216667,-192.8833333,4931.1,182.9916667,2.416666667,140.925,1.9265,3.444333333,1.426666667,3.69075,0.18484193,3.986346945,0.273750533,4.017524285,0.106817295,0.540775876,0.795361847,-1.045092487,-0.800845059,0.102273224,0.05628558,0.597396522,0.643982614,0.831524908,0.281775263,-1.173657282,0.203205317,0.142094427,-0.370151991,0.841996683,3.087,5.499288151,4.165,3.675,-2.481547206,4.0425,16.649,1.6393,16.649,20.31591589,7.8689,0.052826197,-0.840629076,6.2296,-0.169513896,0.982579812,-0.704298979,1.19345341,Palustris_E_Iberá,3887.609413,0.317186333,1577.241548,-1275.403158,-190.2719748,1871.677313,336.5543006,892.7810007,-1232.58843,1002.496551,-554.0793904,-281.5153895,103.9249497,453.5487065,-442.7188435,-361.1767557,449.7044984,-81.87747827,1.648094532,279.2514396,-320.3506857,63.22954067,-129.4568384,3.71E-12
C_18_59,C_18_59_A.wav_Palustris_complex_107,H:\Sporophila_vocalizations\M-F consolidated\converted_sound_files\C_18_59_A.wav,Palustris_final_kjochecked_CecilasImageCorrections.txt,Palustris,E_Iberá,2019,complex,107,C_18_59_A.wav,D:/Sporophila_vocalizations/E_Iberá/2019/Palustris,C_18_59_A.wav_1456,atypicalatypicalatypicalNANANANANANANA,C_18_59_A.wav,1,1,1143.037667,1143.082365,1143.012125,1143.136352,0.2344546,0.1242269,0.0446985,1143.055662,1143.055662,1143.057984,3462.54,3901.82,3669.24,3691.51,439.27,990.54,3764,-0.502346248,-0.043133991,2799.32,-117.21,4702.85,158.76,2.7,141.77,1.7867,3.3625,1.3101,3.5906,0.234454604,3.695957808,-0.366611055,3.616404399,-0.473878834,-0.521243455,-0.347004395,-0.635248649,-0.293125557,0.12856178,0.071992763,0.717605783,0.717511637,0.826806855,-0.724452495,-1.487086993,0.189886913,-0.492290864,-0.657362812,0.194166099,2.7636,8.56293956,4.2042,2.94,-5.303579043,3.675,24.452,1.5847,24.452,28.35832337,7.6136,-0.125209326,-0.091502475,6.0289,-0.113230756,-0.133572765,-0.175387175,-0.423170607,Palustris_E_Iberá,4069.181662,0.054749928,-888.0260225,-298.9625642,-926.2330945,1685.762668,-660.7507124,133.1658429,640.5676931,683.0090953,127.3472053,-266.1272434,40.70548032,-247.6906871,10.73082661,-176.5932888,-110.0107454,158.6799703,187.7997859,92.44870754,-1.169695514,-39.79526796,-260.1000795,1.32E-11
C_18_59,C_18_59_A.wav_Palustris_complex_109,H:\Sporophila_vocalizations\M-F consolidated\converted_sound_files\C_18_59_A.wav,Palustris_final_kjochecked_CecilasImageCorrections.txt,Palustris,E_Iberá,2019,complex,109,C_18_59_A.wav,D:/Sporophila_vocalizations/E_Iberá/2019/Palustris,C_18_59_A.wav_1470,NANANANANANANANANANANANANANANA,C_18_59_A.wav,1,1,1151.713609,1151.758888,1151.694646,1151.788687,0.157765933,0.094040933,0.045279,1151.717092,1151.717092,1151.736442,3629.053333,4209.02,3973.58,4544.353333,579.9666667,1217.346667,4099.92,0.591717393,0.748361436,3186.913333,-101.88,4708.586667,119.6933333,2.533333333,139.52,2.207133333,3.527466667,1.523,4.0754,0.157765957,3.965824155,0.899644878,3.961331558,0.000141317,0.418931517,0.709612573,-1.141703251,-1.072330655,0.096666942,0.056337324,2.198007231,2.98223022,0.825629994,1.649419792,-1.126027893,0.272247603,0.274486723,-0.714804977,0.043507824,2.6852,6.698401707,4.2042,3.4006,-8.432190636,3.9298,33.008,0.929,33.008,36.78693458,8.0328,0.319879482,-1.249462745,7.1038,-0.143179031,1.552240178,-1.094101238,1.098286443,Palustris_E_Iberá,6220.238948,0.598448384,2651.811142,-1877.751206,-1758.407635,3350.324507,832.0885042,1600.330478,-417.4461961,-941.0845672,178.5276564,28.57834089,52.83288091,542.7254226,-180.8126321,-241.0507825,335.763375,56.93887018,-235.0570893,396.1704747,247.2120775,-15.4470953,100.2515556,-1.11E-11
C_18_59,C_18_59_A.wav_Palustris_complex_111,H:\Sporophila_vocalizations\M-F consolidated\converted_sound_files\C_18_59_A.wav,Palustris_final_kjochecked_CecilasImageCorrections.txt,Palustris,E_Iberá,2019,complex,111,C_18_59_A.wav,D:/Sporophila_vocalizations/E_Iberá/2019/Palustris,C_18_59_A.wav_1486,NANANANANANA,C_18_59_A.wav,1,1,1157.481833,1157.530208,1157.464418,1157.566973,0.222429833,0.102555,0.048375,1157.498281,1157.498281,1157.503118,3344.816667,3703.716667,3531.433333,2995.683333,358.9,760.8333333,3588.85,-1.072795303,-0.985608315,2741.883333,-118.6833333,4895.2,79.11666667,1,143.6166667,1.574666667,3.316666667,1.263333333,2.922166667,0.222429907,3.474867637,-0.87732362,3.432316041,-1.135875543,-1.443650991,-1.160856986,-0.801069533,-0.605497677,0.11428268,0.064223805,-0.824272956,-0.892521194,0.822424417,-0.452269483,-1.584955056,0.140146646,-0.984513212,-0.657362812,-0.212611244,2.499,5.457539683,3.577,2.646,-4.9711642,3.577,40.068,1.7486,40.068,41.81552337,8.6339,-0.481280373,-0.273069397,6.8853,-0.620750582,2.026869148,-1.325546461,-0.518227172,Palustris_E_Iberá,2052.610355,-0.41427429,-3211.551622,-2613.757537,-196.5198026,1251.292322,135.0717011,-1344.505092,156.7004701,264.6307341,-293.6228794,-258.1053611,81.27956783,480.854562,198.9762061,-37.16460594,179.7572383,286.825996,82.78964955,-89.38676421,69.23001639,-109.3424456,-100.1739298,1.01E-11
C_18_59,C_18_59_A.wav_Palustris_complex_112,H:\Sporophila_vocalizations\M-F consolidated\converted_sound_files\C_18_59_A.wav,Palustris_final_kjochecked_CecilasImageCorrections.txt,Palustris,E_Iberá,2019,complex,112,C_18_59_A.wav,D:/Sporophila_vocalizations/E_Iberá/2019/Palustris,C_18_59_A.wav_1492,atypicalatypicalatypicalatypicalNANANANANANANANANANA,C_18_59_A.wav,1,1,1161.589001,1161.629636,1161.568683,1161.666953,0.185880357,0.098270286,0.040635,1161.594806,1161.594806,1161.606416,3685.235714,4245.114286,3919.035714,4913.542857,559.8785714,1341.221429,4011.321429,0.303159178,-0.819596888,2860.835714,-173.8,4835.735714,143.0785714,3,139.4428571,2.190571429,3.645142857,1.551571429,4.091928571,0.185880234,3.973885205,0.930297961,3.95961231,0.166901676,0.371353401,0.440343964,-1.01789465,-0.802275558,0.102942592,0.056984762,1.344380031,1.133310714,0.809441276,1.339687471,-1.673253214,0.235813122,-0.012026247,-1.888266333,1.014177569,3.717,6.687091317,4.011,2.835,-8.282118062,4.074,42.757,1.2022,42.757,47.00557529,7.9235,0.23086172,-0.824951195,6.7213,-0.032769557,0.651582841,-0.768489413,0.717949781,Palustris_E_Iberá,5583.852429,0.439850842,1994.200205,-1723.749742,-1101.295066,2732.901615,647.9818767,-335.1218594,1021.829185,165.5685368,-992.2994446,225.6843375,3.239712465,-257.5304695,-28.92130199,1.074370408,144.5135707,-88.93171203,176.6080019,-54.70547958,74.44578812,-5.328161437,-56.88796045,-9.69E-13
C_18_59,C_18_59_A.wav_Palustris_complex_114,H:\Sporophila_vocalizations\M-F consolidated\converted_sound_files\C_18_59_A.wav,Palustris_final_kjochecked_CecilasImageCorrections.txt,Palustris,E_Iberá,2019,complex,114,C_18_59_A.wav,D:/Sporophila_vocalizations/E_Iberá/2019/Palustris,C_18_59_A.wav_1507,NAatypicalatypicalatypicalatypicalNANANANANANANANANANANANANANANANANANANANANANANANANA,C_18_59_A.wav,1,1,1175.291345,1175.33643,1175.267544,1175.369131,0.173158067,0.101587467,0.0450855,1175.310308,1175.310308,1175.312243,3674.986667,4243.47,3942,4547.726667,568.48,1326.446667,3970.713333,0.170901972,-0.020258401,3034.74,-134.03,4869.366667,145.4133333,3.466666667,140.71,2.118633333,3.6509,1.449833333,3.867333333,0.173158068,4.007798355,0.607533737,3.979929564,0.320666537,0.503950439,0.491038221,-0.980684409,-0.853530554,0.104968647,0.06007902,1.273523765,1.341905052,0.829854767,0.816735038,-1.135631294,0.24820144,0.399080474,-1.547716359,0.570811788,3.3124,6.973451143,3.6358,3.6358,0.687271001,3.9984,54.268,0.929,54.268,63.06713202,7.7273,1.655145907,-1.017049548,6.7983,1.037036704,0.763239821,-0.798152857,1.478733507,Palustris_E_Iberá,7517.66413,1.300342573,2978.685379,-1991.096876,-1756.907193,1899.919868,-722.961621,-196.6362049,-97.43622595,220.9707707,-450.9748703,74.6022258,-293.8336878,297.5563179,398.3237125,125.0236712,-31.7501091,-224.1182858,89.98208577,209.4867015,1.492174901,279.7974766,-20.52879482,1.57E-12
C_18_59,C_18_59_A.wav_Palustris_complex_115,H:\Sporophila_vocalizations\M-F consolidated\converted_sound_files\C_18_59_A.wav,Palustris_final_kjochecked_CecilasImageCorrections.txt,Palustris,E_Iberá,2019,complex,115,C_18_59_A.wav,D:/Sporophila_vocalizations/E_Iberá/2019/Palustris,C_18_59_A.wav_1536,NANANANANANANANANANANANANANANANANANANANA,C_18_59_A.wav,1,1,1187.653649,1187.699798,1187.626075,1187.734918,0.17649525,0.1088437,0.04614975,1187.672515,1187.672515,1187.676288,3703.71,4177.435,3880.275,4398.94,473.73,1261.845,3867.37,-0.165678712,-0.179014998,2950.04,-145.41,4857.885,137.99,3,140.875,2.15035,3.47285,1.4845,3.82195,0.176495327,3.972093546,0.528992629,3.961889682,0.334094128,0.34671733,0.209455954,-0.823160257,-0.682297466,0.112507459,0.064049167,1.775016267,1.868917928,0.821913406,0.758122349,-1.384842855,0.247048144,0.595068558,-0.958934175,0.578344701,3.1164,6.293788941,4.0278,3.6309,0.101491657,3.969,67.422,0.8197,67.422,73.85849533,7.6585,0.76496829,-0.966658608,6.8388,0.4815962,0.384761469,-0.435317596,0.717949781,Palustris_E_Iberá,6561.866121,1.062643176,2312.897635,-1240.155883,-1397.867578,2473.147964,-578.8011972,448.4318318,511.2863966,-203.0251776,-68.01185851,-140.8752093,254.9377917,-52.86050976,417.1258707,225.8961981,-265.9062965,104.014275,28.14286822,173.068614,67.10975114,67.4785376,-28.28761505,-5.56E-12
C_18_59,C_18_59_B.wav_Palustris_complex_119,H:\Sporophila_vocalizations\M-F consolidated\converted_sound_files\C_18_59_B.wav,Palustris_final_kjochecked_CecilasImageCorrections.txt,Palustris,E_Iberá,2019,complex,119,C_18_59_B.wav,D:/Sporophila_vocalizations/E_Iberá/2019/Palustris,C_18_59_B.wav_1560,NANANANANANA,C_18_59_B.wav,1,1,1230.507623,1230.553095,1230.486338,1230.587925,0.185981333,0.1015875,0.0454725,1230.528908,1230.528908,1230.529875,3330.466667,3631.916667,3474,3570.633333,301.4666667,717.7833333,3459.65,-1.493589011,-0.802603592,2928.516667,-91.48333333,4435.85,37.08333333,1,128.6666667,1.664,3.222666667,1.282666667,3.418166667,0.185981308,3.471038279,-0.864424331,3.457065741,-1.013840403,-1.41852769,-1.256352996,-0.599249647,-0.274109483,0.1178704,0.06090507,-0.128329103,-0.667779349,0.801907046,-0.953631838,-2.278875073,0.169292903,-1.007963656,-1.806206098,-0.212611244,2.891,11.30137934,4.312,2.548,-8.947896543,3.577,10.362,1.4634,10.362,12.23445794,7.7561,-0.481280373,-0.823425031,6.2927,-0.591379276,0.867253291,-0.456366763,-0.708450704,Palustris_E_Iberá,458.3308618,-0.782286206,-3323.871902,-1662.417207,-983.7288299,1825.157491,-351.524174,-875.996612,1117.300941,1124.77522,-858.511131,60.16727803,122.9986742,106.3690265,424.734089,368.7549111,-439.7597869,-226.7924937,-192.5417804,-64.70018568,-109.3638854,13.87035249,21.58049577,-5.74E-12
C_18_59,C_18_59_B.wav_Palustris_complex_120,H:\Sporophila_vocalizations\M-F consolidated\converted_sound_files\C_18_59_B.wav,Palustris_final_kjochecked_CecilasImageCorrections.txt,Palustris,E_Iberá,2019,complex,120,C_18_59_B.wav,D:/Sporophila_vocalizations/E_Iberá/2019/Palustris,C_18_59_B.wav_1576,NANANANANANANANANANANANANANANANANANANANANANANANANANANANANANANANANANANANANANANANANANANANANANANANANANANANANANANANANA,C_18_59_B.wav,1,1,1242.951634,1242.994408,1242.922915,1243.029238,0.170773491,0.106323105,0.042773684,1242.968642,1242.968642,1242.969151,3797.394737,4338.364912,4054.278947,3839.305263,540.9789474,1447.642105,4049.74386,0.428297856,-0.550008915,3084.154386,-163.7280702,5045.563158,153.0596491,3.175438596,128.2192982,2.217614035,3.601,1.54377193,3.767824561,0.170773452,4.132837679,0.747437809,4.104754895,0.841977356,0.800626434,0.403909575,-0.867670241,-0.677450138,0.111850106,0.063290791,0.617636617,0.61903534,0.846170121,1.235863185,-0.560067503,0.33657849,0.479087635,-0.173639323,0.766667546,2.970947368,10.41861709,4.350684211,3.525421053,-4.67251513,4.056684211,14.002,1.1364,14.002,33.32205608,8.9151,4.058625471,-1.053056063,7.7787,3.510437456,0.030178008,-0.205143329,1.573790072,Palustris_E_Iberá,12339.06622,3.36220236,5151.732535,-2468.564588,-1840.422728,-501.9168653,-3511.414036,-1354.52483,-164.9412661,-138.7172653,117.8976469,240.5089119,106.7787961,266.1513706,-168.2072126,86.74374668,-189.9890273,307.5033335,57.36947066,9.156126473,231.3793311,291.3436079,-68.54118823,9.08E-12
C_18_59,C_18_59_B.wav_Palustris_complex_121,H:\Sporophila_vocalizations\M-F consolidated\converted_sound_files\C_18_59_B.wav,Palustris_final_kjochecked_CecilasImageCorrections.txt,Palustris,E_Iberá,2019,complex,121,C_18_59_B.wav,D:/Sporophila_vocalizations/E_Iberá/2019/Palustris,C_18_59_B.wav_1636,NANANANANANANANANANANA,C_18_59_B.wav,1,1,1256.205868,1256.260224,1256.174732,1256.295054,0.202374455,0.120321727,0.054355909,1256.231199,1256.231199,1256.230143,3672.4,4024.763636,3836.818182,2865.9,352.3545455,775.2090909,3899.454545,-0.061182003,-0.907831308,3320.027273,-109.2454545,5105.336364,59.33636364,1.909090909,128.5363636,1.755727273,3.192181818,1.305454545,3.445181818,0.202374515,3.926413659,-0.572475477,3.842207526,0.457617045,-0.208998195,-0.871806239,-0.373392098,-0.038678595,0.131969454,0.070097513,-0.12796371,-0.231789101,0.827590125,-0.499361645,-1.438343631,0.253998006,0.503511633,1.379223013,0.917325821,2.539090909,10.55840826,4.610454545,3.407727273,-5.7388096,3.942272727,35.2,1.64,35.2,39.06159813,8.28,-0.036191565,-0.575895796,6.64,-0.123745368,0.391479156,-0.301643467,0.242446152,Palustris_E_Iberá,7424.429101,0.993122949,-84.72074549,-980.0971633,1410.770144,906.3253392,-1444.331749,-532.8727163,172.6271068,-95.45133992,-8.213176926,-1423.327986,651.8400111,-40.8682722,-103.2140204,247.1376309,-320.7705043,674.5511079,-219.5823246,49.76476171,55.08234701,44.81604457,-80.91057113,-1.24E-11
C_18_59,C_18_59_B.wav_Palustris_complex_122,H:\Sporophila_vocalizations\M-F consolidated\converted_sound_files\C_18_59_B.wav,Palustris_final_kjochecked_CecilasImageCorrections.txt,Palustris,E_Iberá,2019,complex,122,C_18_59_B.wav,D:/Sporophila_vocalizations/E_Iberá/2019/Palustris,C_18_59_B.wav_1647,NANANANANANANANANANANANANANANANA,C_18_59_B.wav,1,1,1263.982937,1264.030465,1263.958628,1264.058401,0.17908875,0.099773375,0.047528438,1264.007608,1264.007608,1264.004342,3752.1625,4177.4375,3945.94375,3692.89375,425.275,1012.06875,3940.56875,0.072723559,-0.06886903,3396.86875,-91.8125,4785.74375,80.675,2.5,129.00625,2.026375,3.32975,1.4228125,3.673375,0.179088785,4.057883619,0.178270947,3.996634288,0.72653637,0.336028527,-0.252631994,-0.810109301,-0.583721355,0.1160099,0.065497185,0.888210995,0.851843188,0.817133007,0.624399013,-1.555765945,0.257603163,0.663307757,0.096565594,0.747835261,2.8665,9.96106867,4.0425,3.34425,0.45091374,4.00575,41.941,1.44,41.941,47.14514953,8.32,0.408897244,-0.927498689,6.88,0.191879726,0.281843883,-0.398174025,1.098396845,Palustris_E_Iberá,7233.878717,1.340907051,1869.558134,-1341.621207,-121.3411926,1774.658146,-1014.05609,347.2136281,-64.65295931,-144.495948,-615.2918707,-919.6497264,532.4795387,-127.5685534,69.73657041,278.1254093,-218.4197758,263.1990377,39.71882455,18.86606767,152.9825183,30.75792545,-26.06157611,-3.26E-12
C_18_59,C_18_59_B.wav_Palustris_complex_123,H:\Sporophila_vocalizations\M-F consolidated\converted_sound_files\C_18_59_B.wav,Palustris_final_kjochecked_CecilasImageCorrections.txt,Palustris,E_Iberá,2019,complex,123,C_18_59_B.wav,D:/Sporophila_vocalizations/E_Iberá/2019/Palustris,C_18_59_B.wav_1664,NANANANANANANANANANANANANANANANANA,C_18_59_B.wav,1,1,1273.055173,1273.098882,1273.020344,1273.137126,0.176840588,0.116782882,0.043708235,1273.070198,1273.070198,1273.076003,3592.241176,4169.852941,3881.017647,4044.9,577.5941176,1383.188235,3825.311765,-0.302658904,-0.510603409,3136.241176,-131.7764706,4691.717647,132.6588235,3.058823529,125.3,2.320647059,3.562941176,1.585411765,3.957647059,0.176840473,3.97308453,0.978844367,3.946132464,0.043905816,0.304315814,0.465913805,-0.739288433,-0.73567142,0.120017779,0.072671853,1.145797609,1.125697924,0.844482729,1.927954333,-0.487813156,0.35490526,0.204966471,-0.758731338,0.226070205,2.818941176,9.085623661,4.003588235,3.363705882,-3.944137872,3.882529412,51.186,1.36,51.186,56.26966355,7.84,0.497915005,-0.961447071,6.48,0.163554256,0.888927797,-0.728003308,1.098396845,Palustris_E_Iberá,8530.487251,1.397129687,2371.481279,-2016.778761,-1450.503247,1302.741599,620.0482503,47.27199076,215.0420483,-930.2197464,-492.2018023,-250.274156,501.8044393,-38.07120427,139.5842436,187.2799445,-146.2860062,334.3215256,14.26807657,-118.14953,194.9873307,35.01954796,36.85129278,-7.42E-13
C_18_59,C_18_59_B.wav_Palustris_complex_127,H:\Sporophila_vocalizations\M-F consolidated\converted_sound_files\C_18_59_B.wav,Palustris_final_kjochecked_CecilasImageCorrections.txt,Palustris,E_Iberá,2019,complex,127,C_18_59_B.wav,D:/Sporophila_vocalizations/E_Iberá/2019/Palustris,C_18_59_B.wav_1691,NANANANANANANANANA,C_18_59_B.wav,1,1,1287.888968,1287.939923,1287.850913,1287.974108,0.235539556,0.123195,0.050955,1287.913478,1287.913478,1287.914123,3617.566667,3962.1,3828.088889,2622.255556,344.5444444,851.7555556,3808.966667,-0.355893536,-0.71262627,3148.622222,-95.61111111,4900,72.52222222,1.666666667,128.7,1.691222222,3.369777778,1.243888889,3.061444444,0.235539638,3.834213986,-0.851810189,3.792814642,0.157171336,-0.375161689,-0.813427028,-0.134069853,-0.242001936,0.140109662,0.082475179,-1.004760774,-0.881918876,0.857891781,-0.68995539,-0.538505145,0.253174795,0.331718761,1.161639057,0.41513157,2.286666667,10.49988329,4.851,3.413666667,-6.219468254,3.903666667,66.474,2,66.474,70.53100935,7.84,-0.214227088,-0.075118997,5.84,-0.077805464,-0.5896558,0.69237638,-0.042833945,Palustris_E_Iberá,3285.630561,-0.086248462,-1096.639067,-150.2424218,1464.370862,-737.2057394,-1217.874728,-98.64598014,647.4510942,392.3778137,-135.2332013,-942.9471404,523.6679832,-280.0116317,189.229911,145.2299874,79.83463132,25.58576959,112.1636699,123.5985773,25.53447747,0.755977096,105.5584882,-1.64E-12
C_18_59,C_18_59_B.wav_Palustris_complex_129,H:\Sporophila_vocalizations\M-F consolidated\converted_sound_files\C_18_59_B.wav,Palustris_final_kjochecked_CecilasImageCorrections.txt,Palustris,E_Iberá,2019,complex,129,C_18_59_B.wav,D:/Sporophila_vocalizations/E_Iberá/2019/Palustris,C_18_59_B.wav_1719,NANANANANANANANANANANANANANANANANANANANANANANANANANANANANANANANANANANANANANANANANANANANANANANANANANANANANA,C_18_59_B.wav,1,1,1322.43347,1322.484948,1322.408936,1322.515288,0.188143113,0.106351925,0.051478302,1322.459428,1322.459428,1322.459319,3796.341509,4405.764151,4082.366038,4504.028302,609.4320755,1470.764151,4040.107547,0.396913184,-0.243316988,3058.520755,-162.090566,5052.583019,164.8962264,4.018867925,127.8867925,2.334433962,3.725830189,1.553301887,4.132283019,0.188143089,4.108717438,1.35482291,4.071178956,0.591601206,0.835780899,0.746725855,-0.804678409,-0.730782062,0.117475272,0.070027447,1.251386569,1.448749605,0.845898504,0.964882997,-0.616344442,0.330578882,0.694503096,-1.06379322,1.147577147,3.52245283,10.42946607,3.941264151,3.713830189,0.132258164,4.207528302,94.577,1.16,94.577,112.3826636,8.36,3.702554425,-0.790783226,7.2,3.154413633,0.067948583,-0.464696659,2.144350266,Palustris_E_Iberá,11724.40358,3.620349744,5786.066539,-2055.865435,-2643.042272,466.9925157,-2728.483505,-1280.207213,-307.405174,271.3334202,78.85701049,-140.7878535,-213.6233857,204.242787,315.1460948,242.1538701,-29.26153003,567.4530782,110.8293186,114.6438476,299.9550203,283.9228011,-78.21773089,4.39E-13
C_18_59,C_18_59_B.wav_Palustris_complex_130,H:\Sporophila_vocalizations\M-F consolidated\converted_sound_files\C_18_59_B.wav,Palustris_final_kjochecked_CecilasImageCorrections.txt,Palustris,E_Iberá,2019,complex,130,C_18_59_B.wav,D:/Sporophila_vocalizations/E_Iberá/2019/Palustris,C_18_59_B.wav_1772,NANANANANANANANANANANANANANANANANANANANA,C_18_59_B.wav,1,1,1337.408714,1337.454864,1337.384914,1337.493177,0.165353,0.10826315,0.04614975,1337.42642,1337.42642,1337.431644,3768.295,4198.965,3957.785,3978.78,430.655,1055.14,3966.405,0.156870087,0.224510416,3354.87,-103.115,4776.07,112.02,2.4,127.395,2.07105,3.3477,1.42175,3.65865,0.165352967,4.080925568,0.705212612,4.048542085,0.770117044,0.573685955,0.100714043,-0.878772784,-0.844281535,0.112385918,0.067303533,1.583135161,1.822119341,0.820858828,1.505018481,-1.296471218,0.292905586,0.644946718,0.118106406,0.917325821,2.9694,7.15079108,4.1748,3.528,-6.014388501,4.0572,114.769,1.2,114.769,120.9936636,8,0.76496829,-1.134902686,6.8,0.431795928,0.411627452,-0.427985278,0.432669684,Palustris_E_Iberá,9238.431077,1.82348334,2943.671344,-1467.406402,-748.4348832,2200.321086,-821.1601506,803.3243347,11.73987113,-679.6443569,-35.43616683,-156.1293494,930.5910687,-319.4258068,-271.5471669,255.2688146,-262.3359676,789.6324253,180.7750876,138.4179979,279.5339904,30.61718323,21.19157294,-3.77E-12
C_18_59,C_18_59_B.wav_Palustris_complex_131,H:\Sporophila_vocalizations\M-F consolidated\converted_sound_files\C_18_59_B.wav,Palustris_final_kjochecked_CecilasImageCorrections.txt,Palustris,E_Iberá,2019,complex,131,C_18_59_B.wav,D:/Sporophila_vocalizations/E_Iberá/2019/Palustris,C_18_59_B.wav_1793,NANANANANANANANANANANANANANANANANANANANANANANANANANANANANANANANANA,C_18_59_B.wav,1,1,1348.251527,1348.305179,1348.217929,1348.338778,0.190147152,0.120849485,0.053652273,1348.27721,1348.27721,1348.275803,3695.872727,4181.345455,3946.436364,4059.245455,485.4818182,1198.024242,3951.654545,0.108829077,0.233452692,3186.9,-122.7393939,4940.890909,107.0121212,3.787878788,127.8151515,2.131727273,3.555848485,1.473272727,3.854212121,0.190147056,3.991687245,0.508516009,3.987076069,0.39279083,0.292677585,0.051494544,-0.587351403,-0.440307891,0.126298059,0.072796467,0.808215939,0.595810086,0.831058504,0.37454142,-1.174384457,0.284898267,0.487789113,-0.396262066,0.643401684,2.966727273,10.20513556,3.906636364,3.764090909,1.97641153,3.995727273,123.251,1.48,123.251,134.5230467,8.16,1.922199192,-0.760524314,6.68,1.618402854,0.056940677,-0.395049623,1.19345341,Palustris_E_Iberá,8736.183482,2.105040272,2800.888474,-1375.90204,-1312.255024,833.9176013,-2039.237167,-497.0676887,-459.6842884,365.1876966,-247.1876845,-311.9893375,237.009106,28.48338276,116.0454069,179.646797,-150.4494884,315.8744654,-112.4091025,-97.99367875,127.5991155,148.8925926,-16.25029493,-5.80E-12
C_18_59,C_18_59_B.wav_Palustris_complex_132,H:\Sporophila_vocalizations\M-F consolidated\converted_sound_files\C_18_59_B.wav,Palustris_final_kjochecked_CecilasImageCorrections.txt,Palustris,E_Iberá,2019,complex,132,C_18_59_B.wav,D:/Sporophila_vocalizations/E_Iberá/2019/Palustris,C_18_59_B.wav_1828,NANANANANANANANANANA,C_18_59_B.wav,1,1,1360.277177,1360.328841,1360.252796,1360.361349,0.1766972,0.1085534,0.0516645,1360.289367,1360.289367,1360.299236,3393.62,3815.69,3583.11,3496.33,422.06,1128.35,3626.19,-0.951182013,0.439998478,3006.03,-59.35,4444.44,90.51,2,126.08,2.0633,3.5132,1.5037,3.627,0.176697242,3.702645887,0.134380998,3.61728973,-0.644863443,-0.584842921,-0.261318814,-0.870455571,-0.70684979,0.111728111,0.063781513,0.408562088,0.382518906,0.833943476,0.928583274,-0.993385104,0.290172193,-0.363589059,-0.312709827,-0.212611244,2.3814,8.534444444,4.2924,3.675,-0.860368612,3.6456,139.331,1.56,139.331,142.5111869,7.68,-0.125209326,-0.963609788,6.12,-0.283940709,0.481729132,-0.384153783,0.527836651,Palustris_E_Iberá,2416.611476,0.109451988,-339.0916716,-1687.528872,-1230.465356,986.1619443,230.3745186,721.2907572,-32.96221008,-2.690033132,-431.4290052,-373.9436914,890.3067191,-120.6858695,-65.73072037,226.58683,163.4601011,-205.9230124,-133.9069627,-90.58484031,149.9730487,-35.96940883,29.79823452,-9.91E-12
C_18_59,C_18_59_B.wav_Palustris_complex_135,H:\Sporophila_vocalizations\M-F consolidated\converted_sound_files\C_18_59_B.wav,Palustris_final_kjochecked_CecilasImageCorrections.txt,Palustris,E_Iberá,2019,complex,135,C_18_59_B.wav,D:/Sporophila_vocalizations/E_Iberá/2019/Palustris,C_18_59_B.wav_1841,NANANANANANANANANANANANANANANANANANANANANANANANANANANANANANANANANANANANANANANANANANANANANANANANANANANANANANANANANANANANANANANA,C_18_59_B.wav,1,1,1376.758185,1376.81089,1376.732569,1376.84314,0.177101746,0.110571381,0.052705714,1376.781128,1376.781128,1376.786472,3740.619048,4253.314286,3930.644444,3912.573016,512.6984127,1203.128571,3921.084127,0.009263754,-0.2455285,3237.496825,-120.8174603,4916.412698,96.55555556,3.53968254,127.7365079,2.196428571,3.475190476,1.468634921,3.954190476,0.177101697,4.05900377,0.589570903,4.000563185,0.660856379,0.446175931,0.00828986,-0.725785502,-0.749597083,0.115151592,0.06809589,1.203425363,1.155534211,0.828447291,1.041869254,-1.135460024,0.304723327,0.628391827,0.026472477,0.788190156,2.916666667,10.15118725,4.263,3.777666667,-1.40562686,4.001666667,146.833,1.36,146.833,168.3996542,8.44,4.592732041,-0.957502723,7.08,4.038598051,0.01727521,-0.246713793,1.098396845,Palustris_E_Iberá,9694.538074,2.705641366,4774.288507,-2275.036018,-2243.792343,215.6768501,-4327.422317,-1220.877892,-53.51967982,-178.6277791,901.7363068,651.9789352,497.6977156,371.9052112,-34.63254767,279.8299372,162.6247503,-141.267475,10.04318003,-75.90319258,237.5293627,294.8340229,118.3365298,4.80E-12
C_18_60,C_18_60_A.wav_Palustris_complex_142,H:\Sporophila_vocalizations\M-F consolidated\converted_sound_files\C_18_60_A.wav,Palustris_final_kjochecked_CecilasImageCorrections.txt,Palustris,E_Iberá,2019,complex,142,C_18_60_A.wav,D:/Sporophila_vocalizations/E_Iberá/2019/Palustris,C_18_60_A.wav_1923,NANANANANANANANANANANANANANANA,C_18_60_A.wav,1,1,1444.557485,1444.599281,1444.535039,1444.64456,0.1783178,0.109520933,0.041796,1444.570643,1444.570643,1444.575674,3611.82,4387.026667,3921.906667,4057.746667,775.1933333,1533.16,3939.14,0.068070239,-0.283785202,2962.96,-95.94666667,4794.713333,140.4666667,2.133333333,126,2.159933333,3.793733333,1.657133333,3.749666667,0.178317757,3.981935606,1.062318606,3.910696106,-0.086918655,0.749280558,1.367797497,-1.087275164,-0.98798443,0.107887581,0.065800106,-0.033114349,0.078558185,0.852194304,2.08281877,-0.230040942,0.34426442,0.198540805,-0.370151991,0.61600927,2.94,8.15707265,4.263,3.3418,-5.500704362,3.9298,52.776,1.32,52.776,56.77505608,8.52,0.319879482,-0.939140825,7.2,-0.0914299,1.162005766,-1.173738213,2.52479733,Palustris_E_Iberá,8107.533878,0.847693444,2767.072622,-2695.703967,-549.1141837,418.9570117,1604.317488,-274.2920542,-643.4430021,-192.8049259,-1046.973971,-1011.637241,536.0487726,239.3160079,-55.81409292,-306.2225997,444.5179201,-548.3546406,111.5981305,-15.98077794,17.74693305,78.62529695,-20.33185276,-4.96E-12
C_18_60,C_18_60_A.wav_Palustris_complex_146,H:\Sporophila_vocalizations\M-F consolidated\converted_sound_files\C_18_60_A.wav,Palustris_final_kjochecked_CecilasImageCorrections.txt,Palustris,E_Iberá,2019,complex,146,C_18_60_A.wav,D:/Sporophila_vocalizations/E_Iberá/2019/Palustris,C_18_60_A.wav_1942,NANANANANANANANANANA,C_18_60_A.wav,1,1,1466.152624,1466.195581,1466.132306,1466.256533,0.1965421,0.1242268,0.042957,1466.162492,1466.162492,1466.1712,3428.08,4013.77,3729.53,3444.01,585.71,1438.42,3738.15,-0.586537559,-0.778812978,2799.3,-84.57,4358.3,103.86,2.8,121.09,2.2193,3.7267,1.6738,3.7493,0.196542056,3.718024088,0.748961493,3.66159721,-0.928188291,0.012959735,1.072036695,-1.027385677,-0.937634179,0.117995629,0.074858804,-0.575177687,-0.555028785,0.866849584,1.656005195,0.140989063,0.404960842,-1.036635748,-0.657362812,0.013376169,2.646,18.18947386,3.4398,2.793,-2.401064368,3.3222,75.105,1.64,75.105,77.66234579,7.36,-0.125209326,-0.663963009,5.72,-0.430366601,1.561283666,-1.538263193,1.383676942,Palustris_E_Iberá,4535.815277,0.010491727,413.81366,-2994.203574,-899.8580643,-61.54602864,2312.282766,-889.5711201,-248.1969779,-146.0128178,-550.2730212,-519.249256,261.6559048,260.3860652,-397.7255696,-440.5875761,333.9737842,-536.1669807,246.1662022,-167.8606153,12.50407527,-25.19954121,-70.45250051,-5.25E-12
C_18_60,C_18_60_B.wav_Palustris_complex_147,H:\Sporophila_vocalizations\M-F consolidated\converted_sound_files\C_18_60_B.wav,Palustris_final_kjochecked_CecilasImageCorrections.txt,Palustris,E_Iberá,2019,complex,147,C_18_60_B.wav,D:/Sporophila_vocalizations/E_Iberá/2019/Palustris,C_18_60_B.wav_1952,NANANANANANA,C_18_60_B.wav,1,1,1485.773292,1485.825537,1485.748137,1485.857464,0.201401833,0.1093275,0.052245,1485.801349,1485.801349,1485.799414,3531.45,3990.816667,3761.133333,2755.4,459.4,961.8333333,3732.416667,-0.605210551,-0.729401703,2914.15,-46.98333333,4780.383333,96.43333333,0.666666667,125.9166667,1.637166667,3.659666667,1.288833333,3.253,0.201401869,3.696664377,-1.03615894,3.684261772,-0.279460151,-0.716403757,-0.897603791,-0.669510135,-0.568094834,0.117785155,0.066946768,-1.574190586,-1.311507422,0.861965806,-0.530660024,-0.389542924,0.263115333,-0.374732045,-0.800968223,-0.363269519,2.45,9.371202409,3.724,3.528,-2.005609074,3.92,2.361,2.04,2.361,3.92511215,6.32,-0.481280373,-0.590582257,4.28,-0.663869365,1.519331656,-1.470338828,-0.423060204,Palustris_E_Iberá,511.2190065,-0.774935476,-2654.05387,-2311.866224,797.0342338,219.0749136,489.0024854,-1058.054947,-410.2153029,336.4479566,-503.3760456,244.9772459,-591.0857157,88.55783746,484.5548387,150.7392817,-300.3789047,-310.6789966,189.9618824,293.4252853,-11.15565515,-82.33829101,-14.57641472,-5.48E-12
C_18_61,C_18_61.wav_Palustris_complex_151,H:\Sporophila_vocalizations\M-F consolidated\converted_sound_files\C_18_61.wav,Palustris_final_kjochecked_CecilasImageCorrections.txt,Palustris,E_Iberá,2019,complex,151,C_18_61.wav,D:/Sporophila_vocalizations/E_Iberá/2019/Palustris,C_18_61.wav_1964,NANANANANANANA,C_18_61.wav,1,1,1515.745554,1515.787018,1515.72648,1515.81936,0.176437571,0.09288,0.041464286,1515.755505,1515.755505,1515.765457,3506.828571,3814.428571,3642.171429,2332.685714,307.6428571,676.7857143,3740.614286,-0.578511584,-0.652931872,3174.6,-27.54285714,4478.9,12.7,0.714285714,87.92857143,1.694857143,3.149571429,1.287,2.917571429,0.176437617,3.684803682,-0.957776457,3.637408223,-0.299122261,-0.940444594,-1.254939587,-0.950370635,-0.746188888,0.104362622,0.05723589,-1.10214887,-1.055698598,0.851600637,-0.585903427,-0.718294029,0.304806608,-0.271761845,0.942811765,-0.24489516,1.932,7.607709751,4.305,3.465,-4.737154247,3.759,5.405,2.2,5.405,7.580065421,7.76,-0.392262611,-0.967529999,5.56,-0.520238228,0.825121738,-0.388666491,-0.423170607,Palustris_E_Iberá,680.6436236,-0.665834661,-2443.749964,-2054.824084,1270.011213,-46.61693176,-560.51113,101.331173,217.2316457,247.46237,100.8943343,-512.7812036,247.8912412,53.59661622,-60.07558356,219.6579428,-39.76806107,-110.4041431,-207.3088734,-31.63051777,151.4540008,-21.53207551,24.24547739,-1.54E-11
C_18_61,C_18_61.wav_Palustris_complex_154,H:\Sporophila_vocalizations\M-F consolidated\converted_sound_files\C_18_61.wav,Palustris_final_kjochecked_CecilasImageCorrections.txt,Palustris,E_Iberá,2019,complex,154,C_18_61.wav,D:/Sporophila_vocalizations/E_Iberá/2019/Palustris,C_18_61.wav_1978,NANANANANANANANANANANANANANANANANANA,C_18_61.wav,1,1,1534.919293,1534.967023,1534.894783,1534.997338,0.160560333,0.102555,0.04773,1534.937998,1534.937998,1534.941868,3804.188889,4531.538889,4129.577778,3209.683333,727.3444444,1449.911111,4263.561111,1.12468295,-0.889530835,3354.383333,-89.85,4962.2,101.3888889,1.555555556,85.53888889,2.217555556,3.637888889,1.654111111,3.717111111,0.160560304,4.190902704,0.703914295,4.171816719,0.788033179,1.179668902,1.107128447,-1.011554695,-1.01620018,0.104373329,0.062873897,0.359684264,0.580036798,0.869732405,1.578095899,0.226632011,0.436887665,0.580561206,0.491480474,0.264473295,2.417333333,9.221054794,4.361,3.479,-6.65732763,4.263,23.07,1.52,23.07,28.42894392,8.16,0.586932767,-1.207269496,6.64,0.22827088,0.806407144,-0.533350735,1.573790072,Palustris_E_Iberá,8286.757007,1.291660654,3354.268919,-2164.952853,499.3451795,206.0545841,519.1222683,387.442768,-17.18468972,-858.4751937,-358.8290788,-600.9046942,-201.4111178,237.6211773,-276.9520867,-558.5864277,-213.3299742,89.19043854,-62.34441112,58.67908046,36.87470655,93.81945454,52.18897085,-7.67E-12
C_18_61,C_18_61.wav_Palustris_complex_155,H:\Sporophila_vocalizations\M-F consolidated\converted_sound_files\C_18_61.wav,Palustris_final_kjochecked_CecilasImageCorrections.txt,Palustris,E_Iberá,2019,complex,155,C_18_61.wav,D:/Sporophila_vocalizations/E_Iberá/2019/Palustris,C_18_61.wav_1996,NANANANANANANA,C_18_61.wav,1,1,1543.301006,1543.344958,1543.282762,1543.381446,0.177528429,0.098685,0.043952143,1543.320079,1543.320079,1543.321738,3531.428571,3863.657143,3679.085714,2351.228571,332.2285714,787.5,3740.628571,-0.578465056,-0.69214717,3150,-29.67142857,4405.071429,0,0,89.28571429,1.660285714,3.256142857,1.288142857,2.747857143,0.177528449,3.683857971,-1.104916172,3.649454469,-0.290404743,-0.878914512,-1.160554899,-1.059190689,-0.974253689,0.102720864,0.060347226,-1.419341942,-1.225857629,0.853838284,-0.504803471,-0.633493678,0.28777984,-0.321935805,0.69663106,-0.374030824,1.932,10.63901099,3.717,3.297,-1.948892256,3.801,33.055,2.24,33.055,35.08104699,7.72,-0.392262611,-0.951058985,5.48,-0.55527149,1.228603342,-0.718871971,-0.423170607,Palustris_E_Iberá,611.0493426,-0.7297047,-2606.057755,-2524.274651,1334.170175,-93.8250658,-313.7131364,-89.44931306,-23.22906863,230.0270623,-12.11544514,-323.7171533,66.196104,170.8670832,57.50996002,68.65481937,-58.39340172,-175.7658412,2.406434302,61.7098375,118.6324883,-52.62907,48.45516999,-6.46E-12
C_18_61,C_18_61.wav_Palustris_complex_156,H:\Sporophila_vocalizations\M-F consolidated\converted_sound_files\C_18_61.wav,Palustris_final_kjochecked_CecilasImageCorrections.txt,Palustris,E_Iberá,2019,complex,156,C_18_61.wav,D:/Sporophila_vocalizations/E_Iberá/2019/Palustris,C_18_61.wav_2003,NANANANANANANA,C_18_61.wav,1,1,1549.561271,1549.606882,1549.541368,1549.641712,0.171773143,0.100343571,0.045610714,1549.558783,1549.558783,1549.582003,3469.9,3863.671429,3691.4,2517.442857,393.7714286,775.1857143,3888.271429,-0.097604489,-0.731362468,3150.014286,-29.65714286,4466.6,4.228571429,0.285714286,87.77142857,1.652714286,3.245285714,1.296428571,3.096857143,0.171773128,3.66033975,-1.089251514,3.639197039,-0.340312726,-0.929204583,-1.189296585,-1.017063694,-0.894802146,0.104942229,0.060912743,-1.227600461,-1.174063214,0.845447437,-0.325390333,-0.857260665,0.283771226,-0.456798209,0.204269652,-0.24489516,2.184,10.94200244,3.717,3.213,-3.21608871,3.759,39.247,2.16,39.247,41.37765421,7.48,-0.392262611,-1.037961461,5.32,-0.530679016,0.914333014,-0.413454499,-0.518227172,Palustris_E_Iberá,1289.931669,-0.706477347,-2431.684299,-2295.188366,1148.726076,117.3114413,-409.8044,-42.4789371,363.7069424,369.8270546,-464.8052835,-32.52704018,-134.9808138,-28.64747118,-160.7079924,-1.102464911,101.2094809,-63.34941616,-187.1341981,108.0049953,8.370664843,-20.58263508,84.6171609,-1.68E-11
C_18_61,C_18_61.wav_Palustris_complex_157,H:\Sporophila_vocalizations\M-F consolidated\converted_sound_files\C_18_61.wav,Palustris_final_kjochecked_CecilasImageCorrections.txt,Palustris,E_Iberá,2019,complex,157,C_18_61.wav,D:/Sporophila_vocalizations/E_Iberá/2019/Palustris,C_18_61.wav_2010,NANANANANANANA,C_18_61.wav,1,1,1555.084303,1555.127426,1555.061084,1555.160598,0.173030714,0.099514286,0.043122857,1555.097572,1555.097572,1555.105865,3482.214286,3826.757143,3654.471429,2409.971429,344.5285714,713.6714286,3740.628571,-0.578465056,-0.86861601,3137.7,-40.25714286,4528.114286,6.357142857,0.428571429,89.7,1.577,3.197571429,1.284857143,2.851142857,0.173030707,3.657658149,-1.17643474,3.639154827,-0.335167716,-0.933765814,-1.202845086,-0.972436525,-0.846876827,0.104183315,0.059155018,-1.377384372,-1.201106132,0.849040706,-0.22290397,-0.73409798,0.278670669,-0.434932701,0.573540708,-0.503166489,1.89,8.118367347,4.305,3.171,-6.309706631,3.759,44.835,2,44.835,46.84306542,7.68,-0.392262611,-1.018972635,5.68,-0.559498841,1.268931531,-0.690410322,-0.613283737,Palustris_E_Iberá,496.4394036,-0.77404513,-2734.61586,-2560.060248,1218.411441,-30.33562962,-289.6953724,-185.8882517,179.0953348,-32.22537475,-148.3817166,-114.3885659,140.2902567,157.4645892,-41.48639154,19.94742453,-111.7554406,-185.5680849,-90.80999816,90.76006046,102.6566612,-62.33241362,74.10583746,-1.68E-11
C_18_61,C_18_61.wav_Palustris_complex_158,H:\Sporophila_vocalizations\M-F consolidated\converted_sound_files\C_18_61.wav,Palustris_final_kjochecked_CecilasImageCorrections.txt,Palustris,E_Iberá,2019,complex,158,C_18_61.wav,D:/Sporophila_vocalizations/E_Iberá/2019/Palustris,C_18_61.wav_2017,NANANANANANANA,C_18_61.wav,1,1,1560.679483,1560.719289,1560.657922,1560.751631,0.172229571,0.093709286,0.039805714,1560.691923,1560.691923,1560.699386,3506.814286,3826.757143,3679.1,2331.757143,319.9428571,762.8857143,3740.642857,-0.578418529,-0.703911759,3150.014286,-27.54285714,4405.085714,2.114285714,0.142857143,88.97142857,1.632714286,3.149142857,1.192142857,2.938428571,0.172229639,3.67375654,-1.063953802,3.639768299,-0.355009248,-0.935701259,-1.183677044,-1.155893854,-1.032753146,0.097486855,0.056332403,-1.493064782,-1.176411632,0.860495453,-0.481709392,-0.418154351,0.316813357,-0.401190836,0.69663106,-0.503166489,1.848,9.240440115,4.389,3.297,-5.300718005,3.759,50.421,2.32,50.421,52.4566729,7,-0.392262611,-1.031068362,4.68,-0.553008503,1.205835551,-0.620397797,-0.518227172,Palustris_E_Iberá,532.9831687,-0.806697829,-2690.432911,-2595.249715,1277.174065,-286.8000372,-232.1847126,70.93791128,73.81760181,210.4358087,78.0123996,-215.1290419,-14.38741667,161.5691805,27.38165017,90.47126427,-47.09774476,-167.9279346,-31.81000734,103.1712482,191.9447651,-69.18245131,27.77766281,4.31E-12
C_18_61,C_18_61.wav_Palustris_complex_159,H:\Sporophila_vocalizations\M-F consolidated\converted_sound_files\C_18_61.wav,Palustris_final_kjochecked_CecilasImageCorrections.txt,Palustris,E_Iberá,2019,complex,159,C_18_61.wav,D:/Sporophila_vocalizations/E_Iberá/2019/Palustris,C_18_61.wav_2024,NANANANANANANANANANANANANANANANANANANANANANANANANA,C_18_61.wav,1,1,1567.392206,1567.437485,1567.369219,1567.467439,0.1672024,0.09822056,0.045279,1567.411015,1567.411015,1567.416587,3679.576,4272.18,3975.884,3411.152,592.6,1264.432,3948.324,0.097981767,0.452625803,3242.036,-71.208,4899.236,88.428,1.48,87.22,2.118,3.48872,1.53616,3.58772,0.167202479,3.987765876,0.493223052,3.971032366,0.315666945,0.444081863,0.395262361,-0.99765632,-0.896781186,0.103251123,0.059262882,1.132984236,1.799684426,0.84829792,0.916479501,-0.547207663,0.371925362,0.305463384,-0.243779229,0.573824953,2.86944,10.56832498,3.83964,3.65148,0.528506018,3.99252,54.518,1.36,54.518,61.93965421,8.48,1.210057098,-1.106975973,7.12,0.713200638,0.709533631,-0.661853881,2.239406831,Palustris_E_Iberá,8734.004338,1.332940653,3046.365983,-1869.424492,-1436.708491,1424.152223,-495.070402,682.0336589,-600.7322271,-225.9295578,-48.89942571,-1010.770071,-38.28414921,445.8723335,12.71010828,375.7745161,276.0526224,-225.1245913,61.85350527,500.3243295,91.62642024,196.696426,47.79936291,9.57E-12
C_18_61,C_18_61.wav_Palustris_complex_160,H:\Sporophila_vocalizations\M-F consolidated\converted_sound_files\C_18_61.wav,Palustris_final_kjochecked_CecilasImageCorrections.txt,Palustris,E_Iberá,2019,complex,160,C_18_61.wav,D:/Sporophila_vocalizations/E_Iberá/2019/Palustris,C_18_61.wav_2048,NANANANANANANA,C_18_61.wav,1,1,1576.71535,1576.758473,1576.693788,1576.794961,0.177036143,0.101172857,0.043122857,1576.736911,1576.736911,1576.735253,3531.428571,3839.057143,3691.4,2566.685714,307.6285714,799.8,3728.314286,-0.618571666,-0.739205527,3150,-31.78571429,4454.3,2.114285714,0.142857143,88.9,1.643428571,3.282,1.276285714,3.007428571,0.177036048,3.683432857,-1.020893418,3.649919734,-0.296360895,-0.8912586,-1.174730476,-1.023415397,-0.865397377,0.104650965,0.060008655,-1.13634574,-1.154254744,0.842712257,-0.427640533,-0.961965157,0.274771323,-0.371814545,0.69663106,-0.180327328,2.058,9.268009768,4.599,3.255,-6.44276699,3.843,66.463,2.2,66.463,68.49045794,7.44,-0.392262611,-0.958493994,5.24,-0.554939785,1.197348839,-0.708632491,-0.613283737,Palustris_E_Iberá,323.4319157,-0.781123607,-2586.788069,-2411.173251,1286.295275,284.1526918,-382.7327816,-173.0472571,163.2399708,238.9611295,22.7145898,-245.1357285,293.5616586,122.0605093,-86.5529533,96.22199727,-63.50706365,-156.682207,-40.97228468,-43.73353883,81.88518191,-40.74714545,23.77748748,-1.00E-11
C_18_61,C_18_61.wav_Palustris_complex_161,H:\Sporophila_vocalizations\M-F consolidated\converted_sound_files\C_18_61.wav,Palustris_final_kjochecked_CecilasImageCorrections.txt,Palustris,E_Iberá,2019,complex,161,C_18_61.wav,D:/Sporophila_vocalizations/E_Iberá/2019/Palustris,C_18_61.wav_2055,faintfaintfaintfaintfaintfaintfaint,C_18_61.wav,1,1,1583.295719,1583.338842,1583.274987,1583.370355,0.176635286,0.095367857,0.043122857,1583.321427,1583.321427,1583.317281,3506.828571,3826.742857,3654.485714,2222.785714,319.9285714,738.2857143,3617.557143,-0.979298515,-0.707833289,3125.385714,-29.67142857,4405.085714,2.114285714,0.142857143,92.04285714,1.546571429,3.177,1.214142857,2.625714286,0.176635514,3.650452217,-1.39231192,3.626036166,-0.311446577,-0.980959851,-1.309639572,-0.965067778,-0.835726133,0.102002734,0.056742046,-1.352886753,-1.221496079,0.843184163,-0.371350098,-0.931968008,0.245646664,-0.373590503,0.819721412,-0.567734321,1.764,6.852380952,4.431,3.213,-5.857974805,3.759,73.005,2.16,73.005,75.07165421,6.6,-0.392262611,-0.96454186,4.44,-0.545725,1.081384878,-0.620102303,-0.518227172,Palustris_E_Iberá,894.5303861,-0.748823833,-2957.221234,-2447.977761,1161.889639,-50.25180932,-611.015925,-54.35940953,89.9587215,-3.539539266,-95.81894859,-409.4572154,425.7192221,131.4295962,78.73281669,76.07366751,-211.9586872,-326.8963607,30.95718904,66.4073244,77.09554927,-50.37149642,55.49998465,2.14E-12
C_18_61,C_18_61_A.wav_Palustris_complex_165,H:\Sporophila_vocalizations\M-F consolidated\converted_sound_files\C_18_61_A.wav,Palustris_final_kjochecked_CecilasImageCorrections.txt,Palustris,E_Iberá,2019,complex,165,C_18_61_A.wav,D:/Sporophila_vocalizations/E_Iberá/2019/Palustris,C_18_61_A.wav_2066,NANANANANANANANANANANANANA,C_18_61_A.wav,1,1,1658.721468,1658.767015,1658.705392,1658.804077,0.182343077,0.098685,0.045546923,1658.725933,1658.725933,1658.74826,3591.069231,4299.992308,3809.715385,3242.861538,708.9461538,1258.876923,4121.107692,0.660723954,-1.653223622,2928.507692,-148.3615385,4737.284615,152.9461538,2.153846154,125.9615385,2.065692308,3.515076923,1.473153846,3.567923077,0.182342962,3.782561288,0.612545316,3.73568991,-0.329576854,-0.050466537,0.287354853,-1.015369291,-1.073351582,0.106724406,0.066416066,0.211951056,0.477884838,0.869690384,0.974768976,0.112844397,0.400655557,-0.085097754,-1.320157016,-0.056158419,2.826923077,13.10972895,3.742846154,3.697615385,1.041032644,3.878538462,44.475,1.44,44.475,48.72253271,6.4,0.141843959,-0.878362241,4.96,-0.033014661,0.430366256,-0.391754506,0.813116748,Palustris_E_Iberá,6671.488847,0.829890416,1355.751054,-2113.964059,-716.0882992,409.1816675,818.1950156,-221.9349175,1222.262432,-293.0415805,-691.0233125,-144.775671,-1015.218327,-360.4566151,285.6865586,-311.4992586,102.785025,409.199215,-213.4988059,68.18589653,193.8404278,-13.77756586,55.56517416,-1.46E-12
C_18_61,C_18_61_A.wav_Palustris_complex_166,H:\Sporophila_vocalizations\M-F consolidated\converted_sound_files\C_18_61_A.wav,Palustris_final_kjochecked_CecilasImageCorrections.txt,Palustris,E_Iberá,2019,complex,166,C_18_61_A.wav,D:/Sporophila_vocalizations/E_Iberá/2019/Palustris,C_18_61_A.wav_2079,NANANANANANANANANANANANANANANANANANANANANANANANANA,C_18_61_A.wav,1,1,1672.400736,1672.440442,1672.385179,1672.488507,0.1898692,0.103329,0.0397062,1672.410721,1672.410721,1672.42117,3707.14,4265.292,3965.548,3529.372,558.14,1119.728,4041.352,0.400966264,-2.707499754,3011.2,-129.384,4788.98,131.168,2,127.58,2.15316,3.391,1.51524,4.00284,0.189869159,3.906516613,0.38766369,3.880529607,0.178081878,0.117928011,-0.001669035,-1.003082689,-0.969333535,0.109676637,0.067200459,0.539088401,0.436833063,0.84206557,0.993276864,-0.714310477,0.353590532,0.330668843,-1.002015798,0.483429988,3.06936,11.4723986,4.42764,3.41628,-9.157123585,4.11012,55.862,1.44,55.862,64.8495514,7.88,1.210057098,-0.764720426,6.44,1.081332875,-0.093425931,-0.135294133,0.908173313,Palustris_E_Iberá,7940.154841,1.229984378,2253.956137,-2190.978985,-556.7063305,539.2262907,-891.7625581,-1114.739696,2120.962626,-462.727014,-529.2389651,-320.9826083,-630.0689392,-468.8454837,477.8833809,-194.8884942,12.4589859,75.50944653,-32.04434837,-120.7551515,144.7762755,21.57276557,17.80604827,1.19E-11
C_18_61,C_18_61_A.wav_Palustris_complex_271,H:\Sporophila_vocalizations\M-F consolidated\converted_sound_files\C_18_61_A.wav,Palustris_final_kjochecked_CecilasImageCorrections.txt,Palustris,E_Iberá,2019,complex,271,C_18_61_A.wav,D:/Sporophila_vocalizations/E_Iberá/2019/Palustris,C_18_61_A.wav_3011,noicenoicenoicenoicenoicenoicenoicenoicenoicenoicenoice,C_18_61_A.wav,1,1,1627.675536,1627.718809,1627.649677,1627.777915,0.216907364,0.128237727,0.043273636,1627.701922,1627.701922,1627.701395,3641.054545,4220.490909,3829,2868.327273,579.4545455,1072.754545,3805.490909,-0.36721379,-0.186626331,3053.809091,-167.2545455,4948.709091,194.2272727,3.090909091,129.6727273,1.883727273,3.383363636,1.229545455,3.781181818,0.216907392,3.793457057,0.002287083,3.77147045,-0.032303923,-0.374104088,-0.597277686,-0.741603842,-0.690134972,0.121591849,0.073296898,0.394041212,0.781207073,0.867872552,-0.412118239,-0.182633081,0.42018584,0.200732804,-0.500702364,-0.027712451,2.565818182,19.57513396,4.851,3.648272727,-4.49228921,3.888818182,13.487,1.6667,13.487,17.83853271,6.5517,-0.036191565,-0.356456615,4.885,-0.008564938,-0.343183287,0.115805378,0.717949781,Palustris_E_Iberá,6396.427287,0.425240032,191.8761244,-614.7921535,-686.3539166,545.971793,-446.8399294,689.88032,483.3450756,280.7137057,-64.57894697,-774.4097941,-501.7067601,-322.2640908,634.3347828,489.8516971,52.31013062,99.34517713,143.9810586,134.6093081,277.8706057,-57.82981441,-65.8590533,1.59E-11
C_18_62,C_18_62_A.wav_Palustris_complex_275,H:\Sporophila_vocalizations\M-F consolidated\converted_sound_files\C_18_62_A.wav,Palustris_final_kjochecked_CecilasImageCorrections.txt,Palustris,E_Iberá,2019,complex,275,C_18_62_A.wav,D:/Sporophila_vocalizations/E_Iberá/2019/Palustris,C_18_62_A.wav_3025,faintfaintfaintfaintfaintfaintfaintfaintfaintfaintfaintfaintfaintfaintfaintfaint,C_18_62_A.wav,1,1,1748.231463,1748.274637,1748.208605,1748.301485,0.135718438,0.092879938,0.043174688,1748.256134,1748.256134,1748.257585,3795.21875,4425.08125,4102.06875,3250.8625,629.85,1475.0375,4182.825,0.861732117,-3.361238376,3504.525,-103.85,4844.975,67.7,1.875,101.7875,2.566125,3.64625,1.9984375,3.93625,0.135718458,4.159193859,0.951512633,4.1486295,0.74889981,1.135842781,1.077148717,-1.258839981,-1.325708713,0.091874697,0.056825727,0.649626536,0.710069741,0.881143429,2.804795584,0.806208811,0.50903381,-0.163868905,0.150417623,0.324108862,2.5725,17.19885902,3.730125,3.142125,-8.708183139,4.0425,5.23,1.7816,5.23,9.569074766,7.7011,0.408897244,-1.582368969,5.9195,-0.01149372,1.087296341,-0.54247784,2.049293701,Palustris_E_Iberá,4890.019926,1.013617952,3668.872953,-3370.237659,352.7518298,-14.28347674,1645.320035,-324.9220635,1999.605891,-2081.552298,-533.4614081,-999.3474734,-587.6505796,163.7214845,-551.4643739,-250.40421,-235.194438,-215.8833028,95.57723256,-80.87407413,-8.97511798,130.3638362,164.400337,-2.31E-12
C_18_62,C_18_62_A.wav_Palustris_complex_276,H:\Sporophila_vocalizations\M-F consolidated\converted_sound_files\C_18_62_A.wav,Palustris_final_kjochecked_CecilasImageCorrections.txt,Palustris,E_Iberá,2019,complex,276,C_18_62_A.wav,D:/Sporophila_vocalizations/E_Iberá/2019/Palustris,C_18_62_A.wav_3041,faintfaintfaintfaintfaintfaintfaintfaintfaint-noice,C_18_62_A.wav,1,1,1756.875292,1756.940437,1756.846267,1756.977847,0.189955222,0.131579889,0.065145,1756.908832,1756.908832,1756.899157,3445.3,3981.244444,3703.711111,2803.333333,535.9333333,1052.755556,3818.544444,-0.324699506,-0.325266273,3052.933333,-89.02222222,4584.166667,80.78888889,3.555555556,104.1222222,2.359222222,3.512444444,1.583,4.204,0.18995544,3.740213045,0.183184059,3.713408369,-0.381752074,-0.422607956,-0.284116756,-0.704912211,-0.604802599,0.128135897,0.078062536,-0.465575885,-0.710516747,0.892543967,-0.277305904,0.583944349,0.510268372,-1.118714924,-0.082941169,-0.187501531,2.319333333,21.22003367,3.675,3.217666667,-1.243188624,3.642333333,14.843,2.1264,14.843,17.85445794,7.8736,-0.214227088,-0.76341763,5.7472,-0.323607791,0.351829729,-0.311956897,-0.32800364,Palustris_E_Iberá,2054.529135,-0.082507252,-1045.1064,-1364.675562,-119.0631206,-625.4565172,606.8912809,57.2021755,243.0741505,513.1114898,236.5965775,10.17312471,-415.9686945,-159.898077,-612.1143212,294.9762262,-333.921956,237.6600547,40.22268106,-249.7281291,91.31032869,32.14582984,-53.45697093,-6.14E-12
C_18_63,C_18_63.wav_Palustris_complex_174,H:\Sporophila_vocalizations\M-F consolidated\converted_sound_files\C_18_63.wav,Palustris_final_kjochecked_CecilasImageCorrections.txt,Palustris,E_Iberá,2019,complex,174,C_18_63.wav,D:/Sporophila_vocalizations/E_Iberá/2019/Palustris,C_18_63.wav_2113,faintfaintfaintfaintfaintfaintfaint,C_18_63.wav,1,1,1801.211676,1801.250653,1801.191774,1801.294605,0.205404429,0.102831429,0.038976429,1801.222457,1801.222457,1801.229091,3716.014286,4048.214286,3888.285714,3150.957143,332.2285714,873.6428571,3974.385714,0.182862613,-1.096064737,3014.657143,-40.27142857,4798.842857,6.357142857,1,116.3714286,2.093142857,3.574428571,1.327428571,4.175714286,0.205404502,3.868170761,0.039843018,3.785919585,0.158132601,-0.433290497,-0.912998947,-0.980492849,-0.855983543,0.110301484,0.06546298,-0.542428571,-0.844933659,0.875214241,-1.059615466,-0.071064718,0.385644873,-0.701155955,0.573540708,0.852757989,2.772,16.8724799,4.137,3.087,-5.077392206,4.011,10.638,1.962,10.638,12.94514019,6.76,-0.392262611,-0.530144505,4.798,-0.489188311,0.647066313,-0.537678453,-0.898563834,Palustris_E_Iberá,596.8736503,-0.958491877,-1494.711135,-1430.498265,1677.346951,333.2483265,184.0304311,-350.3861122,792.4473243,866.2860354,810.1324268,-31.24939594,-588.5828233,-171.1855349,-663.6157841,516.9483075,89.17591239,172.5017348,256.2920109,-366.0849829,202.7535131,0.993520598,-96.91641587,-6.88E-12
C_18_63,C_18_63.wav_Palustris_complex_175,H:\Sporophila_vocalizations\M-F consolidated\converted_sound_files\C_18_63.wav,Palustris_final_kjochecked_CecilasImageCorrections.txt,Palustris,E_Iberá,2019,complex,175,C_18_63.wav,D:/Sporophila_vocalizations/E_Iberá/2019/Palustris,C_18_63.wav_2120,faintfaintfaintfaintfaintfaintfaintfaintfaint,C_18_63.wav,1,1,1815.900417,1815.946212,1815.876552,1815.996522,0.186915778,0.11997,0.045795,1815.924282,1815.924282,1815.922992,3483.588889,3885.522222,3675,2391.111111,401.9777778,1071.877778,3655.844444,-0.854599942,-0.932231937,2918.944444,-41.21111111,4459.777778,13.17777778,1.333333333,103.9222222,1.899,3.650555556,1.370888889,3.398444444,0.186915888,3.60895146,-0.582525149,3.601575282,-0.838580465,-0.920181656,-0.610308336,-0.962090514,-0.96763397,0.11386772,0.071356121,-1.51354601,-1.217829441,0.898986629,-0.897136409,0.677073488,0.455822448,-1.212682285,0.300006593,-0.438598657,2.025333333,15.28483245,3.348333333,2.989,-2.074109167,3.773,25.086,1.92,25.086,27.85845794,6.56,-0.214227088,-0.809313345,4.64,-0.379795135,0.753487298,-0.646544148,-0.613283737,Palustris_E_Iberá,1825.809954,-0.690722364,-2580.918422,-2234.965374,439.3794023,-1195.81381,446.1704998,-367.1534506,354.9627337,666.3146328,723.6596649,-192.4150323,-515.6845062,-50.0899187,-247.5362947,115.5062129,-248.3386906,-67.25840325,148.5267153,93.4435235,113.8804578,21.58346158,-10.82214331,3.36E-12
C_18_63,C_18_63.wav_Palustris_complex_176,H:\Sporophila_vocalizations\M-F consolidated\converted_sound_files\C_18_63.wav,Palustris_final_kjochecked_CecilasImageCorrections.txt,Palustris,E_Iberá,2019,complex,176,C_18_63.wav,D:/Sporophila_vocalizations/E_Iberá/2019/Palustris,C_18_63.wav_2129,faintfaintfaintfaintfaintfaintfaint,C_18_63.wav,1,1,1836.272149,1836.310296,1836.249759,1836.35259,0.196662143,0.102831429,0.038147143,1836.287906,1836.287906,1836.290394,3642.185714,3999.014286,3839.042857,2537.142857,356.8285714,861.3142857,3863.671429,-0.177724653,-1.056849439,3063.871429,-33.9,4688.085714,2.114285714,0.142857143,104.3571429,1.802285714,3.578,1.303285714,3.509714286,0.196662216,3.756373102,-0.919562493,3.735391402,-0.045633679,-0.620758075,-1.000089619,-0.838970699,-0.62434947,0.112892395,0.06322641,-1.500851078,-1.207120509,0.883382869,-1.069340919,0.175340557,0.372966656,-0.660785833,0.573540708,-0.180327328,2.1,18.66003401,4.347,3.045,-6.204400368,3.927,45.766,2.12,45.766,47.88872897,6.4,-0.392262611,-0.662148652,4.28,-0.532542187,1.081384878,-0.797399078,-0.898674236,Palustris_E_Iberá,416.695018,-0.914455473,-2554.846191,-1893.604468,1656.508841,-449.1738682,37.14801884,-505.8854557,178.3526972,344.6002885,506.707682,10.79642079,-698.3789139,138.4291458,-241.2511179,158.4885886,-313.0618204,-49.30618833,123.700813,159.9677421,130.6490066,-38.96012702,-93.85176445,1.55E-12
C_18_63,C_18_63.wav_Palustris_complex_178,H:\Sporophila_vocalizations\M-F consolidated\converted_sound_files\C_18_63.wav,Palustris_final_kjochecked_CecilasImageCorrections.txt,Palustris,E_Iberá,2019,complex,178,C_18_63.wav,D:/Sporophila_vocalizations/E_Iberá/2019/Palustris,C_18_63.wav_2145,faintfaintfaintfaintfaintfaintfaintfaintfaint,C_18_63.wav,1,1,1851.753962,1851.799112,1851.737192,1851.839747,0.185513889,0.102555,0.04515,1851.761702,1851.761702,1851.772022,3493.166667,3828.1,3675,2973.333333,334.9888889,899.6111111,3780.244444,-0.449439436,-0.618073829,2909.377778,-37.91111111,4459.777778,34.61111111,0.777777778,108.8888889,1.785333333,3.539555556,1.299333333,3.404,0.185514019,3.587069423,-0.613900604,3.551022366,-0.781620934,-1.08114711,-0.947462748,-1.119288725,-1.101802397,0.10514945,0.065434053,-1.038035877,-1.121132854,0.861337459,-0.706587504,-0.434895174,0.325413669,-1.227698475,-0.27441505,-0.287940381,2.319333333,13.81588103,3.152333333,2.858333333,-2.026421129,3.805666667,60.88,2.08,60.88,63.66413084,6.68,-0.214227088,-0.83048087,4.6,-0.377050913,0.564828609,-0.608144622,-0.518227172,Palustris_E_Iberá,1232.029248,-0.767385159,-2550.112351,-2230.640194,168.1507699,-138.6140468,-33.47333641,-193.3045703,473.3153572,942.0210952,-5.147642586,-21.94406222,-509.8464036,-237.3996372,-387.7499137,38.90503373,109.9351635,-155.4727896,69.7524216,-136.0741382,99.79764051,10.37207838,54.08422444,-6.04E-12
C_18_63,C_18_63.wav_Palustris_complex_179,H:\Sporophila_vocalizations\M-F consolidated\converted_sound_files\C_18_63.wav,Palustris_final_kjochecked_CecilasImageCorrections.txt,Palustris,E_Iberá,2019,complex,179,C_18_63.wav,D:/Sporophila_vocalizations/E_Iberá/2019/Palustris,C_18_63.wav_2154,faintfaintfaintfaintfaintfaintfaintfaintfaint,C_18_63.wav,1,1,1866.138079,1866.176134,1866.120019,1866.216124,0.203118778,0.096105,0.038055,1866.146464,1866.146464,1866.153559,3531.433333,3828.111111,3675,2826.388889,296.6777778,727.3555556,3741.988889,-0.574034615,-0.371017453,2880.655556,-36.25555556,4440.633333,49.44444444,0.777777778,110.0333333,1.996,3.291666667,1.313666667,3.592555556,0.203118649,3.582929967,-0.544010421,3.558589179,-0.768305256,-1.113928327,-1.018066466,-1.107244239,-1.032110054,0.105298441,0.064130586,-0.711549981,-0.929670204,0.866793986,-1.102702765,-0.333290993,0.35265672,-1.37618265,-0.465888931,-0.237720956,2.417333333,18.61262195,2.891,2.891,0.179932328,3.773,75.209,1.84,75.209,78.1272243,6.76,-0.214227088,-0.564659735,4.92,-0.345526414,0.459002785,-0.646636631,-0.708450704,Palustris_E_Iberá,1118.861064,-0.784864351,-2671.715931,-1840.489547,-133.164138,76.51535013,-76.53218202,-141.8150252,402.3195198,1138.338793,286.7102181,56.40869284,-716.1252864,-259.2801099,-372.0741985,196.328476,55.64400878,-65.72932099,256.3849592,-238.300961,81.89398712,15.79946612,-76.49129646,-5.06E-12
C_18_63,C_18_63.wav_Palustris_complex_180,H:\Sporophila_vocalizations\M-F consolidated\converted_sound_files\C_18_63.wav,Palustris_final_kjochecked_CecilasImageCorrections.txt,Palustris,E_Iberá,2019,complex,180,C_18_63.wav,D:/Sporophila_vocalizations/E_Iberá/2019/Palustris,C_18_63.wav_2163,faintfaintfaintfaintfaintfaintfaint,C_18_63.wav,1,1,1872.943092,1872.986215,1872.921531,1873.031825,0.204672857,0.110295,0.043122857,1872.953043,1872.953043,1872.960507,3691.385714,4060.528571,3912.9,2655.514286,369.1428571,922.8571429,3949.814286,0.102835504,-0.68822564,3026.942857,-31.78571429,4577.342857,27.54285714,1.142857143,113.6428571,1.894285714,3.630142857,1.343285714,3.733714286,0.204672897,3.740361594,-0.776827712,3.737676224,-0.120712362,-0.576237993,-0.839723553,-0.975566355,-0.868131355,0.113240222,0.068654891,-1.46271839,-1.239875243,0.885438363,-1.113765621,0.22995255,0.367835384,-0.968185071,-0.041911052,-0.051191663,2.394,16.54761905,3.633,3.003,-3.183733236,4.053,82.404,1.8,82.404,84.57971028,6.16,-0.392262611,-0.541191371,4.36,-0.520086626,0.906772477,-0.803919657,-0.803507269,Palustris_E_Iberá,518.3948102,-0.863053807,-2379.785581,-1849.383683,1268.734123,-386.6921393,232.4055022,-415.408959,65.29245402,836.1227278,220.5222262,228.8123481,-1061.661084,-18.58830725,-395.5992481,76.16148434,-121.3490144,15.11338797,346.510768,140.0732498,56.52202594,-29.95118299,-103.857229,-6.49E-13
C_18_63,C_18_63.wav_Palustris_complex_181,H:\Sporophila_vocalizations\M-F consolidated\converted_sound_files\C_18_63.wav,Palustris_final_kjochecked_CecilasImageCorrections.txt,Palustris,E_Iberá,2019,complex,181,C_18_63.wav,D:/Sporophila_vocalizations/E_Iberá/2019/Palustris,C_18_63.wav_2170,faintfaintfaintfaintfaintfaintfaint,C_18_63.wav,1,1,1889.488968,1889.539555,1889.469895,1889.59097,0.195861,0.121075714,0.050586429,1889.502237,1889.502237,1889.508871,3629.857143,4035.914286,3863.671429,3268.571429,406.0714286,1119.742857,3925.185714,0.022622285,-0.433326204,3002.342857,-44.51428571,4872.657143,61.47142857,0.714285714,105.9428571,2.301857143,3.849428571,1.448857143,4.109571429,0.195861148,3.80560477,0.364780896,3.710230927,-0.313128738,-0.406406592,-0.334302766,-0.890991041,-0.940444419,0.1187175,0.075639244,-0.820214538,-0.918629134,0.89509215,-0.97585713,0.545889131,0.466905704,-1.114021292,-0.165001404,0.013376169,2.478,20.31314757,3.129,2.793,-1.872998757,3.969,98.971,1.84,98.971,101.1269252,6.84,-0.392262611,-0.674244376,5,-0.524737962,0.986042123,-0.71560617,-0.708340301,Palustris_E_Iberá,449.1129377,-0.976178654,-1627.706407,-1642.611336,681.2440827,-231.5271631,1051.402336,-145.7447033,152.6031807,1092.215399,652.0973336,393.3907457,-913.3812394,159.4506855,-560.5786835,230.5318612,-119.9082031,40.76426464,140.6332254,-328.2946198,267.6421689,-37.69756373,30.56845709,1.21E-11
C_18_63,C_18_63.wav_Palustris_complex_182,H:\Sporophila_vocalizations\M-F consolidated\converted_sound_files\C_18_63.wav,Palustris_final_kjochecked_CecilasImageCorrections.txt,Palustris,E_Iberá,2019,complex,182,C_18_63.wav,D:/Sporophila_vocalizations/E_Iberá/2019/Palustris,C_18_63.wav_2177,faintfaintfaintfaintfaint,C_18_63.wav,1,1,1920.826619,1920.878864,1920.796433,1920.918338,0.199619,0.121905,0.052245,1920.857966,1920.857966,1920.854483,3290.26,3755.38,3479.76,2470.86,465.14,981.92,3445.3,-1.540325774,-0.518031248,2894.06,-32.64,4358.3,38.56,1.8,103.68,1.7266,3.5694,1.3478,3.4172,0.199618775,3.494781826,-0.811241965,3.448284832,-1.208164262,-1.297518656,-0.831491259,-0.673871282,-0.711117493,0.120927058,0.073069404,-1.765649317,-1.345386114,0.891533936,-1.071139449,0.422016844,0.408301928,-1.381946932,0.031943159,-0.800178517,1.8816,21.71904762,2.8518,3.1458,1.504465201,3.4986,130.628,2.08,130.628,132.0636912,6.36,-0.570298135,-0.617506085,4.28,-0.694060302,1.445975571,-0.986469038,-0.898563834,Palustris_E_Iberá,369.547458,-1.029487982,-3840.800467,-2258.580888,102.8958621,-904.2460796,808.3988693,-613.7709816,-169.1517334,626.7168421,687.4382262,-44.7616949,-212.7243354,341.1548647,20.91096727,229.6079502,-327.6410301,-88.14091291,158.0403414,163.663132,147.9170605,-72.08405664,30.69705675,-4.43E-12
C_18_63,C_18_63.wav_Palustris_complex_184,H:\Sporophila_vocalizations\M-F consolidated\converted_sound_files\C_18_63.wav,Palustris_final_kjochecked_CecilasImageCorrections.txt,Palustris,E_Iberá,2019,complex,184,C_18_63.wav,D:/Sporophila_vocalizations/E_Iberá/2019/Palustris,C_18_63.wav_2183,faintfaintfaintfaintfaintfaintfaint,C_18_63.wav,1,1,1934.704025,1934.755441,1934.684122,1934.80271,0.194659571,0.118587857,0.051415714,1934.722269,1934.722269,1934.726416,3629.857143,4011.3,3814.457143,2080,381.4428571,910.5428571,3863.642857,-0.177817708,-0.68822564,3039.257143,-61.47142857,4491.214286,46.64285714,1.714285714,104.3428571,1.909285714,3.559714286,1.376857143,3.109714286,0.194659546,3.694962574,-1.068112924,3.68369177,-0.261027131,-0.707543717,-0.903446394,-1.004263947,-1.112227457,0.113216192,0.073718063,-1.582100974,-1.198642225,0.902637292,-1.054701225,0.762096269,0.451757322,-0.762057743,0.450450356,-0.696869986,1.806,22.84325397,3.633,3.129,-2.305452275,3.969,144.183,2,144.183,146.3589065,5.56,-0.392262611,-0.692387973,3.56,-0.520040486,0.899235251,-0.655758656,-0.708340301,Palustris_E_Iberá,543.7088512,-0.904721442,-2645.649387,-2069.03132,1258.18237,-1031.892494,176.1913891,120.3118855,-19.46093138,377.7744119,533.951213,43.78527078,-1040.087786,53.32755654,-77.87006478,8.411022353,-195.803955,-93.13557284,265.2612345,167.0684459,35.16169368,-17.8275096,12.35276081,2.97E-12
C_18_63,C_18_63.wav_Palustris_complex_186,H:\Sporophila_vocalizations\M-F consolidated\converted_sound_files\C_18_63.wav,Palustris_final_kjochecked_CecilasImageCorrections.txt,Palustris,E_Iberá,2019,complex,186,C_18_63.wav,D:/Sporophila_vocalizations/E_Iberá/2019/Palustris,C_18_63.wav_2197,faintfaintfaintfaintfaintfaintfaint,C_18_63.wav,1,1,1950.358421,1950.407349,1950.330225,1950.446325,0.204272143,0.1161,0.048927857,1950.376665,1950.376665,1950.383299,3506.8,3912.871429,3728.3,2994.285714,406.0714286,972.0857143,3752.914286,-0.538451502,-1.241161339,3002.342857,-40.27142857,4860.357143,4.228571429,0.285714286,108.3714286,1.679,3.645285714,1.304714286,3.786142857,0.204272363,3.678154543,-0.664631289,3.654350945,-0.45075855,-0.757981181,-0.774252486,-0.561447038,-0.382542068,0.124689236,0.069983747,-1.532017822,-1.287951808,0.872072863,-1.088270104,-0.170901357,0.312532513,-0.737699613,-0.288091756,0.013376169,2.52,17.01587302,3.129,2.919,-1.267142772,3.969,159.808,2,159.808,162.0193364,6.76,-0.392262611,-0.547239239,4.76,-0.511711146,0.866840697,-0.722914731,-0.993730801,Palustris_E_Iberá,384.108885,-0.97308103,-2701.161392,-1621.718984,1033.644225,-264.8860797,297.9070927,-1103.322414,566.5115057,795.8464179,188.1767887,212.3877346,-507.6147143,-15.2739861,23.90943964,142.6590158,-342.9519116,-111.8694172,29.49117595,217.422044,127.8351807,-31.6340101,-33.65198662,6.21E-12
C_18_64,C_18_64_A.wav_Palustris_complex_285,H:\Sporophila_vocalizations\M-F consolidated\converted_sound_files\C_18_64_A.wav,Palustris_final_kjochecked_CecilasImageCorrections.txt,Palustris,E_Iberá,2019,complex,285,C_18_64_A.wav,D:/Sporophila_vocalizations/E_Iberá/2019/Palustris,C_18_64_A.wav_3094,faintfaintfaintfaintfaintfaintfaint,C_18_64_A.wav,1,1,2050.48867,2050.538427,2050.467938,2050.568282,0.138584714,0.100343571,0.049757143,2050.525159,2050.525159,2050.512719,3445.3,3839.057143,3629.885714,2103.557143,393.7571429,836.7285714,3568.342857,-1.13958537,-0.578422806,3211.5,-19.05714286,4183.571429,0,0,88.42857143,2.038,3.315714286,1.521142857,3.450285714,0.13858478,3.595174423,-0.773840827,3.599472857,-0.456241378,-1.002894962,-1.182993486,-1.166189155,-1.281594732,0.095815571,0.059847222,-0.649552487,-0.875499732,0.869372328,1.232324218,0.119218399,0.471060278,-1.290852916,-0.165001404,-1.148844812,1.722,15.50119048,3.423,3.129,-3.328452551,3.759,90.086,2.033,90.086,92.09602804,6.1538,-0.392262611,-1.53908894,4.1208,-0.559037443,1.183265849,-0.178022655,-0.423060204,Palustris_E_Iberá,407.6016487,-0.847280732,-2388.39848,-3055.715212,-311.4581026,-500.7519017,552.5388486,799.3454165,683.9186999,-711.4446595,-547.6666997,472.1877936,258.8142046,91.320993,-456.8788822,583.6137323,-131.9815759,-392.6552676,160.1626196,-196.0376343,-26.23735958,-38.94096188,230.7611686,-9.98E-12
C_18_64,C_18_64_A.wav_Palustris_complex_286,H:\Sporophila_vocalizations\M-F consolidated\converted_sound_files\C_18_64_A.wav,Palustris_final_kjochecked_CecilasImageCorrections.txt,Palustris,E_Iberá,2019,complex,286,C_18_64_A.wav,D:/Sporophila_vocalizations/E_Iberá/2019/Palustris,C_18_64_A.wav_3101,faintfaintfaintfaintfaintfaint,C_18_64_A.wav,1,1,2084.327608,2084.381788,2084.30342,2084.408878,0.143925333,0.1054575,0.05418,2084.350828,2084.350828,2084.358568,3287.4,3732.416667,3473.983333,2298.55,445.0333333,1047.966667,3574.5,-1.119532066,-0.107185644,2899.8,-39.53333333,4019.516667,69.25,0.5,83.01666667,2.301333333,3.440333333,1.537333333,3.717166667,0.143925233,3.375241774,-0.190568787,3.436832991,-1.386509654,-1.391494533,-0.788943334,-1.02174337,-1.295651846,0.101347484,0.065672099,-0.702057359,-0.920980713,0.895571249,0.564790964,0.819898351,0.554184478,-1.734068429,-1.231784455,-1.417877446,1.911,14.94814815,3.381,2.695,-3.7214937,3.626,124.042,1.3736,124.042,125.6759159,5.7692,-0.481280373,-1.458450757,4.3956,-0.647458961,1.281054779,-0.421474762,-0.137780108,Palustris_E_Iberá,662.1880706,-0.731548647,-2645.145477,-2944.379821,-1505.010409,-832.3992006,1457.238131,609.1629358,276.3023782,140.7060974,-432.1596679,531.6324692,-525.9665506,151.0528041,-212.9449739,554.8500339,5.848655006,-106.8587268,-194.9752352,-222.3127079,-39.33835491,0.833760415,292.1175103,2.32E-11
C_18_64,C_18_64_B.wav_Palustris_complex_200,H:\Sporophila_vocalizations\M-F consolidated\converted_sound_files\C_18_64_B.wav,Palustris_final_kjochecked_CecilasImageCorrections.txt,Palustris,E_Iberá,2019,complex,200,C_18_64_B.wav,D:/Sporophila_vocalizations/E_Iberá/2019/Palustris,C_18_64_B.wav_2228,faintfaintfaintfaintfaintfaint,C_18_64_B.wav,1,1,2178.303602,2178.348107,2178.283284,2178.391644,0.189991,0.10836,0.044505,2178.317147,2178.317147,2178.320049,3402.25,3775.466667,3631.916667,2252.666667,373.25,775.2,3660.616667,-0.839057209,0.432678289,2971.6,-17.28333333,4105.65,66.76666667,0.833333333,97.45,1.638166667,3.192333333,1.216166667,3.249333333,0.189991159,3.519014197,-1.173113628,3.505348169,-0.939740523,-1.246955453,-1.04949848,-0.976089162,-0.915698374,0.113006354,0.069412366,-1.340734005,-1.140921433,0.849852973,-0.532683536,-0.760392671,0.306986199,-1.120562381,-0.22654658,-1.041231758,1.813,14.675,3.234,3.136,-1.027981304,3.675,51.444,2.12,51.444,53.38679712,6.52,-0.481280373,-0.762878293,4.4,-0.574842993,0.673157257,-0.339304367,-0.518227172,Palustris_E_Iberá,1467.979034,-0.704356905,-3317.202308,-1984.315257,-197.4793551,-267.8009239,-264.7769954,461.3535991,-299.0085537,770.5321287,-533.6092534,30.85884096,12.33642167,30.95607232,-160.6505639,-180.6540954,30.05415503,-191.9580798,45.65393836,87.21366027,93.49286023,-72.63982974,51.62407708,1.30E-11
C_18_65,C_18_65.wav_Palustris_complex_208,H:\Sporophila_vocalizations\M-F consolidated\converted_sound_files\C_18_65.wav,Palustris_final_kjochecked_CecilasImageCorrections.txt,Palustris,E_Iberá,2019,complex,208,C_18_65.wav,D:/Sporophila_vocalizations/E_Iberá/2019/Palustris,C_18_65.wav_2258,NANANANANANANANANANANANANANANANANANANANANANANANANANANANANANANANANANANANANANANANANANANANANANANANANANANANANANANANANANANANANANANANANANANANANANANANANANANANANANANANANANANANANANANANANANANANANANANANANANANANANANANANANANANANANANANANANANANA,C_18_65.wav,1,1,2275.888599,2275.93615,2275.867802,2275.975068,0.177164391,0.107266226,0.047550522,2275.905711,2275.905711,2275.911264,3715.693043,4295.392174,3980.821739,3307.045217,579.7182609,1374.38087,3977.072174,0.19161219,-0.727850141,3117.250435,-139.0808696,4821.186957,137.0226087,2.617391304,111.8,2.23886087,3.618130435,1.57573913,3.936513043,0.17716442,4.031927764,0.562060299,3.989147238,0.410755273,0.686096141,0.69771823,-1.038631377,-0.991552867,0.110227138,0.068214032,0.264457944,0.212052196,0.86528988,1.746054474,0.122053093,0.417680206,0.262917649,-0.30521737,0.367095598,2.755930435,11.68337242,3.951104348,3.444913043,-3.787601883,4.099382609,9.632,1.4,9.632,49.9613271,7.68,9.221655647,-0.956555638,6.28,8.4495803,-0.103439727,-0.156204979,1.478733507,Palustris_E_Iberá,10139.62569,3.319393739,7389.134449,-4003.597229,-4036.94265,-3031.382506,-7381.10205,-3344.063398,-183.2928604,11.60417005,2023.678453,2746.053897,-52.73847526,1131.056595,-198.874762,-146.0215058,887.7126015,-1518.778316,59.84926856,-63.74511916,35.72147246,490.9811872,20.52248208,5.67E-12
C_18_65,C_18_65.wav_Palustris_complex_209,H:\Sporophila_vocalizations\M-F consolidated\converted_sound_files\C_18_65.wav,Palustris_final_kjochecked_CecilasImageCorrections.txt,Palustris,E_Iberá,2019,complex,209,C_18_65.wav,D:/Sporophila_vocalizations/E_Iberá/2019/Palustris,C_18_65.wav_2374,NANANANANANANANANANANANANANAnoicenoiceNANANANANANANANANANANANANANA,C_18_65.wav,1,1,2303.048164,2303.099635,2303.030362,2303.136593,0.1730004,0.1062314,0.051471,2303.059193,2303.059193,2303.069062,3700.84,4200.396667,3970.716667,3022.8,499.57,1237.44,4059.716667,0.460778464,-1.170443085,3175.433333,-114.2433333,4699.976667,109.8033333,2.533333333,111.3366667,2.228933333,3.586766667,1.6605,3.9069,0.17300046,3.999753596,0.213630804,3.957635095,0.387053019,0.523421521,0.448922518,-1.116780317,-1.121563679,0.109154109,0.069850556,-0.272892499,-0.354757177,0.869464964,1.944412469,0.277983054,0.413189542,0.06587439,0.003222077,0.25442941,2.5774,13.64610269,3.7436,3.528,0.335131237,4.0278,51.878,2.033,51.878,61.63297196,6.6,1.655145907,-1.019429358,4.567,1.261748453,0.247069194,-0.379240128,0.622893216,Palustris_E_Iberá,8711.056726,1.533345212,2543.452487,-2717.082055,-227.3812106,-923.04072,-748.5449855,-561.2167845,432.353143,-707.7630805,-415.407812,398.8637497,105.5410965,-416.9986392,-352.8664178,-342.424979,-4.880357599,126.5765716,271.1145829,-34.44919843,-40.37913173,162.9805922,-67.65502677,9.22E-13
C_18_65,C_18_65.wav_Palustris_complex_210,H:\Sporophila_vocalizations\M-F consolidated\converted_sound_files\C_18_65.wav,Palustris_final_kjochecked_CecilasImageCorrections.txt,Palustris,E_Iberá,2019,complex,210,C_18_65.wav,D:/Sporophila_vocalizations/E_Iberá/2019/Palustris,C_18_65.wav_2404,NANANANANANANA,C_18_65.wav,1,1,2311.761258,2311.809357,2311.740526,2311.859943,0.212683571,0.119417,0.048098571,2311.765405,2311.765405,2311.784478,3322.271429,3679.085714,3482.228571,2376.571429,356.8571429,849.0142857,3642.171429,-0.899131823,-0.629402693,2854.685714,-97.48571429,4355.857143,61.47142857,0.714285714,114.0714286,1.604857143,3.366,1.274857143,2.862142857,0.212683578,3.501376652,-0.920442064,3.42371693,-1.144434395,-1.150932218,-0.655236977,-0.852299081,-0.763222576,0.121079955,0.074308222,-1.329322429,-1.190553783,0.860174393,-0.382100088,-0.419722832,0.291319364,-1.106081372,0.0811793,-0.761437818,1.89,13.85865801,3.087,3.003,-0.763095362,3.549,64.07,2.28,64.07,66.7137757,6.32,-0.392262611,-0.42023409,4.04,-0.410047493,0.3122062,0.064499632,-0.803507269,Palustris_E_Iberá,694.4023741,-0.405577132,-2902.441198,-1696.300285,-60.86434173,-846.2623574,-150.1785592,-102.3478351,658.8917187,530.8685474,-153.6261903,-120.631861,209.2349965,-153.6399176,-147.1448628,-456.8038426,-3.436164241,144.7971789,82.43789237,8.289607513,87.62351354,-50.17168633,-83.16391869,-1.10E-11
C_18_65,C_18_65.wav_Palustris_complex_211,H:\Sporophila_vocalizations\M-F consolidated\converted_sound_files\C_18_65.wav,Palustris_final_kjochecked_CecilasImageCorrections.txt,Palustris,E_Iberá,2019,complex,211,C_18_65.wav,D:/Sporophila_vocalizations/E_Iberá/2019/Palustris,C_18_65.wav_2412,NANANANANANANANANANANANANANANANANANANANANANANANANANANANANANANANAnoiceNANAnoiceNANANANANANANANANANANANANANANANANANANANANANANANANANANANANAnoice,C_18_65.wav,1,1,2324.786158,2324.835676,2324.765752,2324.866988,0.164781061,0.101235636,0.049518409,2324.80111,2324.80111,2324.806563,3798.971212,4356.219697,4070.424242,3392.959091,557.2621212,1410.757576,4133.056061,0.6996388,-1.465163873,3263.89697,-129.4893939,4858.668182,120.5015152,2.757575758,110.7939394,2.31719697,3.614636364,1.597575758,4.126515152,0.164780999,4.133206474,0.746379188,4.076866845,0.717985464,0.971963656,0.834471475,-1.156266843,-1.161765227,0.103090883,0.06462517,0.866315082,1.039811451,0.863230638,2.344670901,0.15980752,0.43793537,0.463872824,0.047609204,0.437958581,2.681636364,11.13812373,4.058090909,3.679454545,-3.28670196,4.187272727,68.004,2.08,68.004,89.01758878,7.6,4.859785326,-1.143539118,5.52,3.908575971,0.339977353,-0.397483167,1.573790072,Palustris_E_Iberá,10797.29484,2.697472384,5901.415795,-3327.368209,-1935.173186,-877.0516323,-3143.6954,-1353.272471,504.3217269,-1204.884244,771.313938,853.1181996,-105.7067014,387.9478948,-264.8927118,-295.9817946,304.8455078,-387.6160818,122.063985,41.29583771,150.9775282,521.572245,11.35255044,-4.13E-12
C_18_65,C_18_65.wav_Palustris_complex_212,H:\Sporophila_vocalizations\M-F consolidated\converted_sound_files\C_18_65.wav,Palustris_final_kjochecked_CecilasImageCorrections.txt,Palustris,E_Iberá,2019,complex,212,C_18_65.wav,D:/Sporophila_vocalizations/E_Iberá/2019/Palustris,C_18_65.wav_2480,NANANANANA,C_18_65.wav,1,1,2338.530383,2338.572179,2338.511807,2338.600043,0.1743926,0.088236,0.041796,2338.551281,2338.551281,2338.552442,3462.54,3755.38,3600.34,2367.04,292.86,706.28,3617.56,-0.979289209,-0.128231187,3049.1,-32.62,4392.76,32.64,0.8,116.68,1.5524,3.2224,1.2748,3.2344,0.174392523,3.547651851,-1.383405218,3.530407824,-0.694544458,-1.247371436,-1.327598936,-1.117107544,-1.047948242,0.095869202,0.055031431,-1.25389948,-1.180963935,0.841305209,-0.474819169,-1.004615763,0.229342208,-0.744021779,0.204269652,-0.528993622,1.9992,11.34666667,3.6162,3.0282,-3.31163746,3.7338,91.359,2.1978,91.359,93.02291589,6.4,-0.570298135,-0.998409897,4.2022,-0.640406156,0.320375979,0.13393102,-0.803507269,Palustris_E_Iberá,151.7635272,-0.929342302,-3328.540948,-1975.73145,527.8574004,-164.2651756,-649.4560089,623.6687149,516.0615272,743.8072048,-440.6768368,-83.97326328,441.9847226,-259.5038378,-73.21289286,81.22069987,41.40334838,-222.8162934,83.32385521,137.0184812,-14.74262779,-15.77871276,54.64126534,-3.83E-12
C_18_66,C_18_66.wav_Palustris_complex_214,H:\Sporophila_vocalizations\M-F consolidated\converted_sound_files\C_18_66.wav,Palustris_final_kjochecked_CecilasImageCorrections.txt,Palustris,E_Iberá,2019,complex,214,C_18_66.wav,D:/Sporophila_vocalizations/E_Iberá/2019/Palustris,C_18_66.wav_2486,NANANANANA,C_18_66.wav,1,1,2363.98642,2364.036342,2363.965522,2364.082782,0.2027728,0.117261,0.049923,2363.996869,2363.996869,2364.011961,3410.84,3772.62,3600.32,2184.48,361.76,826.88,3703.7,-0.698738358,-0.281955155,2945.76,-23.72,4151.58,11.86,1,110.88,1.6564,3.3476,1.293,3.1698,0.202772652,3.517872024,-1.118235076,3.513993893,-0.891776136,-1.25259931,-1.113323717,-0.808389943,-0.767226206,0.119059774,0.072371481,-1.508738027,-1.255046304,0.866982457,-0.290334169,-0.205182088,0.359800301,-1.230738064,-0.312709827,-0.980968448,1.8816,13.00666667,3.969,2.9694,-4.313366264,3.675,8.578,1.7536,8.578,9.962954996,6.0664,-0.570298135,-0.569884121,4.3128,-0.705988046,1.758266453,-1.196745805,-0.423060204,Palustris_E_Iberá,1057.401529,-0.672481891,-3370.684121,-2601.541003,98.91208721,-210.6904862,497.7380857,-467.2508856,-561.7683449,44.93549721,-331.5665649,58.73108162,-473.7112336,398.8296664,-129.8614224,-6.191139175,62.14563472,6.648939488,94.2330316,99.1292322,47.83457169,-116.0940871,23.17101282,9.96E-12
C_18_66,C_18_66.wav_Palustris_complex_288,H:\Sporophila_vocalizations\M-F consolidated\converted_sound_files\C_18_66.wav,Palustris_final_kjochecked_CecilasImageCorrections.txt,Palustris,E_Iberá,2019,complex,288,C_18_66.wav,D:/Sporophila_vocalizations/E_Iberá/2019/Palustris,C_18_66.wav_3111,NANANANANANANANAfaintNANANANANANANANAfaintNANANANANANANAfaiintfaintNANANANANANANANANA,C_18_66.wav,1,1,2372.184095,2372.236824,2372.164423,2372.27375,0.169626167,0.109327444,0.05272875,2372.190384,2372.190384,2372.207799,3801.794444,4383.191667,4067.375,3373.691667,581.4055556,1528.858333,4182.216667,0.859750826,-0.875805481,3036.180556,-170.2194444,4828.222222,145.9055556,3.25,107.9722222,2.737666667,3.653805556,1.935833333,4.396166667,0.169626168,4.00153333,1.239999357,4.025544357,0.230408865,0.793268972,1.083325056,-0.992383738,-1.052731507,0.110946754,0.070208672,1.577396361,1.974601435,0.89128542,1.444873735,0.864164881,0.546734799,-0.31002566,-0.992442104,0.289583007,2.94,16.57177703,3.683166667,3.087,-3.641386361,4.099666667,10.945,1.2963,10.945,23.98902804,7.1111,2.189252477,-1.070379477,5.8148,2.034984123,-0.187210229,0.136783806,1.954237136,Palustris_E_Iberá,10651.99307,2.311049903,4882.711064,-1767.838429,-2539.513478,-86.23857446,-681.5406958,212.8353506,913.2334267,-537.252904,262.9955112,-182.7567846,-1103.843977,100.7688231,-358.9348545,7.393256489,59.76677578,292.5225603,38.89203202,243.1033703,8.994839452,85.95195754,21.14453231,4.73E-14
C_18_67,C_18_67.wav_Palustris_complex_215,H:\Sporophila_vocalizations\M-F consolidated\converted_sound_files\C_18_67.wav,Palustris_final_kjochecked_CecilasImageCorrections.txt,Palustris,E_Iberá,2019,complex,215,C_18_67.wav,D:/Sporophila_vocalizations/E_Iberá/2019/Palustris,C_18_67.wav_2503,NANANANANANANANANANANANANANA,C_18_67.wav,1,1,2451.073523,2451.12328,2451.050718,2451.173037,0.221695714,0.1223195,0.049757143,2451.085133,2451.085133,2451.092596,3617.578571,4189.742857,3986.714286,2671.171429,572.1642857,1125.885714,4072.842857,0.50352938,1.26861772,2903.907143,-169.5642857,4638.864286,184.4,4.857142857,112.4214286,2.072428571,3.416071429,1.284214286,3.487,0.221695594,3.81539881,-0.049957918,3.76768836,-0.253281677,0.131778443,0.509808018,-0.597818516,-0.428712796,0.134388048,0.080644802,-0.27179675,-0.251656322,0.869675088,0.653133336,0.057744173,0.429577347,-0.164333931,-0.657362812,-0.470882573,2.331,21.30891053,3.612,3.549,3.636571608,4.011,5.534,1.4692,5.534,10.5558785,5.782,0.23086172,-0.284157145,4.3128,0.149028994,0.092089355,-0.503980498,0.147389587,Palustris_E_Iberá,8247.970014,1.214558662,631.8469451,-858.4122174,-880.1090072,-257.8992299,18.3317171,443.7512418,-1311.517411,269.7188192,-787.9130279,473.9916557,-131.420431,-382.7113142,-205.2541014,-680.0137608,-81.74261718,571.6677528,65.8736665,95.28970952,-121.8867001,-29.74347799,-260.6312971,1.03E-11
C_18_67,C_18_67.wav_Palustris_complex_217,H:\Sporophila_vocalizations\M-F consolidated\converted_sound_files\C_18_67.wav,Palustris_final_kjochecked_CecilasImageCorrections.txt,Palustris,E_Iberá,2019,complex,217,C_18_67.wav,D:/Sporophila_vocalizations/E_Iberá/2019/Palustris,C_18_67.wav_2518,NANAfaintfaintfaintNA,C_18_67.wav,1,1,2459.208938,2459.247638,2459.193458,2459.306655,0.236915833,0.1131975,0.0387,2459.222483,2459.222483,2459.230223,3373.533333,3689.333333,3488.35,2048.116667,315.8166667,746.4833333,3574.5,-1.119532066,0.222222857,2756.266667,-153.3166667,4263.566667,173.1,3.166666667,113,1.766333333,3.071333333,1.276833333,3.092666667,0.236915888,3.439017667,-1.06865405,3.39929634,-1.345654402,-1.314687044,-0.705033103,-1.054937916,-0.931514912,0.123136974,0.079872618,-1.392447306,-1.188886031,0.870961533,-0.780742214,-0.153445495,0.33665536,-0.984473525,-0.22654658,-1.116560895,1.764,21.7034632,3.871,3.136,-2.157174613,3.577,15.163,2.0853,15.163,17.01900935,5.782,-0.481280373,-0.05433831,3.6967,-0.595246235,1.837872199,-1.270986338,-0.423060204,Palustris_E_Iberá,880.7155744,-0.335835866,-3408.540527,-2477.761943,-374.1977369,-285.7231614,452.6761678,-357.3558227,-1039.572214,445.3948822,166.7142865,-155.629711,-280.0724648,521.3107542,387.4591778,-385.8874185,139.5013073,259.8065207,324.3256529,-39.30710831,6.671641534,-107.5262884,-301.3111646,1.83E-11
C_18_67,C_18_67.wav_Palustris_complex_218,H:\Sporophila_vocalizations\M-F consolidated\converted_sound_files\C_18_67.wav,Palustris_final_kjochecked_CecilasImageCorrections.txt,Palustris,E_Iberá,2019,complex,218,C_18_67.wav,D:/Sporophila_vocalizations/E_Iberá/2019/Palustris,C_18_67.wav_2524,NAnoicefaintfaintfaintNANANANANANANANANANANANANANANANANAfaintNANANANANANANANANANANAfaintfaintfaintNANANANANANANANA,C_18_67.wav,1,1,2470.873547,2470.914698,2470.854068,2470.947722,0.176203133,0.093653978,0.041151,2470.884641,2470.884641,2470.893284,3697.96,4231.977778,3925.728889,2830.402222,534.0222222,1148.431111,3985.064444,0.217642354,-1.008483905,3045.273333,-142.1044444,4693.275556,139.4733333,2.822222222,111.1777778,2.176555556,3.267555556,1.596355556,3.666244444,0.176203083,3.886644286,0.007872557,3.879635499,0.225902804,0.161020257,0.017238908,-1.155487089,-1.129179643,0.101055877,0.061911048,0.803376957,0.864244306,0.840306234,1.654212129,-0.651871647,0.371229861,-0.546779263,-0.810541917,-0.418510887,2.417333333,18.25586993,3.524733333,3.3614,-0.113712375,3.995133333,20.442,1.3744,20.442,35.18660748,6.4929,2.990412332,-0.971071351,5.1185,2.434779278,0.247069194,-0.411051978,1.00334028,Palustris_E_Iberá,7384.078126,1.657171285,2833.994912,-2840.033657,-2246.035417,99.84564843,-2298.115806,-601.1918644,695.231001,-862.7555575,-118.6856307,610.7253402,-453.4448089,161.3842955,-379.0250435,-329.5234976,107.4677269,-438.5040032,254.9498946,-44.73771686,132.1428843,219.3280424,59.31432413,-7.48E-12
C_18_67,C_18_67.wav_Palustris_complex_219,H:\Sporophila_vocalizations\M-F consolidated\converted_sound_files\C_18_67.wav,Palustris_final_kjochecked_CecilasImageCorrections.txt,Palustris,E_Iberá,2019,complex,219,C_18_67.wav,D:/Sporophila_vocalizations/E_Iberá/2019/Palustris,C_18_67.wav_2569,NANANANANANANANANANANANANANANANANANANANANANANANANANANANANANANANA,C_18_67.wav,1,1,2490.372778,2490.421939,2490.354274,2490.46602,0.202287438,0.111746188,0.049161094,2490.386565,2490.386565,2490.394728,3746.76875,4279.703125,3986.33125,2859.15625,532.940625,1114.35,4139.75,0.721440407,0.499875335,3176.14375,-123.79375,4785.74375,140.946875,3.375,113.909375,1.998,3.33303125,1.42,3.47309375,0.202287457,3.924416861,-0.089998922,3.89727017,0.420253132,0.175737385,-0.177699459,-0.937854686,-0.879024955,0.118439648,0.07408135,0.689859368,0.824086902,0.840475931,0.704935959,-0.821963698,0.348962542,0.158027948,-0.684288827,-0.170238604,2.53575,17.72187014,3.840375,3.472875,-3.669965942,4.0425,41.58,1.4692,41.58,53.5113271,6.8182,1.83318143,-0.577210329,5.349,1.773395377,-0.217915444,-0.143290606,1.003229878,Palustris_E_Iberá,8972.066744,1.808575475,2420.904423,-1451.283274,-1541.075509,490.720086,-2250.084253,326.4282777,-392.6765313,-39.34797262,-549.3697617,221.075465,-505.9161488,-116.9153982,-52.14177094,-250.5387517,219.1354465,161.2076609,146.8416572,56.6706206,79.90514203,-53.54226937,-44.03664124,-4.26E-12
C_18_67,C_18_67.wav_Palustris_complex_292,H:\Sporophila_vocalizations\M-F consolidated\converted_sound_files\C_18_67.wav,Palustris_final_kjochecked_CecilasImageCorrections.txt,Palustris,E_Iberá,2019,complex,292,C_18_67.wav,D:/Sporophila_vocalizations/E_Iberá/2019/Palustris,C_18_67.wav_3153,NANANANANANANANANANANANANANANANANANANANANANANANANANANANANANANA,C_18_67.wav,1,1,2519.369937,2519.411508,2519.350836,2519.44072,0.18161029,0.089883871,0.04157129,2519.385105,2519.385105,2519.39091,3681.474194,4203.825806,3937.090323,2777.209677,522.3612903,997.4677419,4045.448387,0.414307858,0.454963541,3117.441935,-96.67741935,4612.26129,122.0483871,2.967741935,109.3645161,2.08583871,3.21083871,1.436548387,3.494225806,0.181610221,3.850812563,-0.055692018,3.85466632,0.100775466,0.032170573,-0.059504673,-0.94413918,-0.834504812,0.105630263,0.060344121,0.715362985,0.755762263,0.846900119,0.414959946,-0.681665626,0.355883995,-0.7288553,-0.79633579,-0.438598657,2.399419355,19.64603309,3.409451613,3.371516129,0.859819834,4.054354839,70.79,1.4122,70.79,81.82386013,7.0711,1.744163668,-0.889426271,5.6589,1.562406735,-0.013908098,-0.091907909,1.478733507,Palustris_E_Iberá,6221.299655,1.76095763,1999.221594,-1711.752344,-2141.990587,278.1087687,-1864.09425,354.5855269,-303.3181337,191.9699571,-577.5973352,-274.2042882,-739.4730087,292.7147017,-482.5363105,-158.2799581,-23.13761065,19.30944882,55.80475156,42.45789175,2.246256959,66.83072963,31.39855978,4.17E-13
C_18_68,C_18_68.wav_Palustris_complex_224,H:\Sporophila_vocalizations\M-F consolidated\converted_sound_files\C_18_68.wav,Palustris_final_kjochecked_CecilasImageCorrections.txt,Palustris,E_Iberá,2019,complex,224,C_18_68.wav,D:/Sporophila_vocalizations/E_Iberá/2019/Palustris,C_18_68.wav_2633,NANANANANANANANANANANANANANANANANANANANANANANANANANANANANANANANANANANANANA,C_18_68.wav,1,1,2643.891018,2643.937144,2643.867798,2643.977465,0.163754297,0.109667351,0.046126216,2643.917846,2643.917846,2643.917219,3894.583784,4702.386486,4246.110811,3468.283784,807.7891892,1797.156757,4192.575676,0.893489261,1.150971827,3303.3,-199.7081081,5361.178378,231.3810811,5.351351351,114.3486486,2.688594595,3.695054054,1.874027027,4.125648649,0.163754218,4.292701031,1.546440367,4.19097629,0.988395138,1.781472653,1.900057315,-0.977671123,-1.047329406,0.108639959,0.067789291,0.920344407,0.68724408,0.869110881,1.639307166,0.213298263,0.471215943,1.421691479,-0.401201809,0.795170462,3.067135135,15.42646745,4.620567568,4.016675676,-3.4849618,4.334513514,84.552,1.327,84.552,95.63174766,7.4882,2.278270238,-1.159042993,6.1612,1.573194595,0.658741847,-0.606187625,1.668957039,Palustris_E_Iberá,9633.90395,2.605637694,5648.102291,-1891.237293,-942.4295426,208.9727325,-473.4080639,324.6199645,-1602.120772,272.3308001,-215.1083158,539.8476657,401.9204357,256.5307769,267.8167183,-344.0403439,-340.9685006,365.9807294,150.8244856,-92.95255496,-75.2098993,374.1116602,-131.2224376,-1.64E-11
C_18_68,C_18_68.wav_Palustris_complex_294,H:\Sporophila_vocalizations\M-F consolidated\converted_sound_files\C_18_68.wav,Palustris_final_kjochecked_CecilasImageCorrections.txt,Palustris,E_Iberá,2019,complex,294,C_18_68.wav,D:/Sporophila_vocalizations/E_Iberá/2019/Palustris,C_18_68.wav_3190,faintfaintfaintfaintfaintfaintfaintfaintfaintfaintfaintfaintfaintfaintfaintfaintfaintfaintfaintfaintfaintfaintfaint,C_18_68.wav,1,1,2586.03612,2586.098208,2586.016181,2586.14591,0.188991478,0.129729043,0.062088261,2586.048992,2586.048992,2586.061107,3744.891304,4392.765217,4085.669565,2670.782609,647.8782609,1393.113043,4287.913043,1.203995178,-1.381654406,3070.817391,-231.6,4782.230435,208.3782609,6.652173913,103.7086957,2.606391304,3.655086957,1.703173913,3.971869565,0.188991435,3.950661059,0.675671729,3.955333232,0.094321967,0.634269459,0.967899082,-0.834991581,-1.054955916,0.124995022,0.084303298,0.074651935,0.119048426,0.904479406,0.555979865,1.103018789,0.56420738,-0.055189178,-0.507513688,-0.359994339,2.352,26.33908181,4.007347826,3.087,-5.865188467,4.173521739,28.008,1.4885,28.008,37.13853271,6.2214,1.032021575,-0.777973625,4.7329,1.11494685,-0.467791444,0.379968323,0.813116748,Palustris_E_Iberá,8466.890313,1.417385319,2651.177603,-1396.149288,-542.2855428,-1326.553355,-184.2917079,56.95154243,1057.215914,-32.06846442,-100.2070096,66.29359365,-1315.219109,-253.9643258,-43.45829613,-776.7919105,-260.0625005,385.5732116,-147.1589967,-106.2319135,-7.425891714,-32.78101552,60.18489643,5.53E-14
C_18_68,C_18_68.wav_Palustris_complex_296,H:\Sporophila_vocalizations\M-F consolidated\converted_sound_files\C_18_68.wav,Palustris_final_kjochecked_CecilasImageCorrections.txt,Palustris,E_Iberá,2019,complex,296,C_18_68.wav,D:/Sporophila_vocalizations/E_Iberá/2019/Palustris,C_18_68.wav_3214,faintfaintfaintfaintfaintfaintfaintfaintfaintfaintfaintfaintfaintfaintfaintfaintfaintfaintfaintfaintfaintfaintfaintfaintfaintfaintfaintfaintfaintfaintfaintfaintfaint,C_18_68.wav,1,1,2617.399717,2617.434195,2617.383181,2617.472895,0.140249091,0.089713606,0.034478182,2617.412382,2617.412382,2617.416956,3599.29697,4280.530303,3980.369697,2764.733333,681.2424242,1506.021212,3998.648485,0.261884449,-0.605041675,3027.7,-198.730303,4844.315152,194.6787879,3.303030303,102.2090909,2.562272727,3.608757576,1.792636364,3.895151515,0.140249165,3.875271355,0.773162026,3.867763118,-0.504717928,0.475408883,1.376457361,-1.388779128,-1.411737626,0.091591587,0.058335544,0.383579956,0.157092165,0.886091925,1.649062399,0.723898169,0.502760086,-0.431361895,-0.787913186,-0.342725209,2.458909091,17.59726814,3.657181818,2.989,-5.48489633,4.084818182,58.354,1.2595,58.354,69.9676383,6.2595,1.922199192,-1.51395756,5,1.698708809,-0.074189905,0.390743537,1.19345341,Palustris_E_Iberá,8428.487242,1.904050241,3243.780705,-2697.658304,-2084.651847,-1365.018276,-419.3317527,301.3254533,739.056854,120.0269637,-248.7188803,348.1166382,-176.1273438,-57.85875779,-260.2655682,-668.7333018,-152.8481629,163.0960632,-132.5529839,-68.30997956,-273.7675308,174.4193735,-62.29310855,9.22E-12
C_18_68,C_18_68.wav_Palustris_complex_296b,H:\Sporophila_vocalizations\M-F consolidated\converted_sound_files\C_18_68.wav,Palustris_final_kjochecked_CecilasImageCorrections.txt,Palustris,E_Iberá,2019,complex,296b,C_18_68.wav,D:/Sporophila_vocalizations/E_Iberá/2019/Palustris,C_18_68.wav_3249,faintfaintfaintfaintfaintfaintfaintfaintfaintfaintfaintfaintfaintfaintfaintfaintfaintfaintfaintfaintfaintfaintfaint,C_18_68.wav,1,1,2630.058125,2630.103808,2630.038944,2630.141919,0.164562565,0.102975609,0.045682826,2630.071754,2630.071754,2630.078821,3741.152174,4276.678261,3980.834783,2834.978261,535.526087,1456.778261,4130.630435,0.691738738,-0.290787122,3213.126087,-126.4434783,4692.36087,132.8913043,3.347826087,104.0217391,2.536173913,3.640304348,1.831956522,3.931652174,0.164562554,3.867954899,0.61755807,3.864199227,-0.083999753,0.335298706,0.663108773,-1.156832946,-1.185905198,0.1070341,0.069071487,-0.130842593,-0.040347569,0.896079052,2.002886702,1.108036544,0.521568378,-0.238010318,-1.106910185,-0.497551895,2.467043478,19.21234937,3.611086957,3.432130435,-3.071795985,4.032913043,72.48,0.8397,72.48,80.63545881,7.1374,1.032021575,-1.146837524,6.2977,0.885713325,-0.12605966,0.142425938,2.429630363,Palustris_E_Iberá,9543.963154,1.760011478,2963.457326,-2395.430914,-1632.129788,-1491.633656,271.0646408,498.4961773,17.00439348,-361.2757671,-1521.900665,-405.9734619,-828.1248859,-222.9315325,-53.82345714,-89.79379562,360.5980148,-29.94137394,-81.69910458,40.36820711,-62.95996132,65.2972258,28.42411821,-6.92E-12
C_18_69,C_18_69_B.wav_Palustris_complex_227,H:\Sporophila_vocalizations\M-F consolidated\converted_sound_files\C_18_69_B.wav,Palustris_final_kjochecked_CecilasImageCorrections.txt,Palustris,E_Iberá,2019,complex,227,C_18_69_B.wav,D:/Sporophila_vocalizations/E_Iberá/2019/Palustris,C_18_69_B.wav_2678,NANANANANANANANANANANANANANANANANA,C_18_69_B.wav,1,1,2806.636883,2806.685031,2806.615712,2806.708251,0.156243471,0.092538471,0.048147353,2806.665908,2806.665908,2806.665567,3794.894118,4357.294118,4129.311765,3195.705882,562.4058824,1297.070588,4225.558824,1.000912644,-3.118420712,3232.511765,-83.77058824,4635.970588,73.31764706,1.705882353,99.47647059,2.376647059,3.633117647,1.766,3.766294118,0.156243439,4.100077669,0.351263305,4.13718659,0.842785679,0.729081663,0.28178076,-0.983823521,-1.046127067,0.102063343,0.061187617,-0.13040687,-0.356680312,0.86955452,2.422162302,0.376254669,0.424732711,-0.069944193,-0.353257237,0.093136433,2.594117647,14.03700172,3.899823529,3.484764706,-5.77119141,4.176529412,8.24,1.7089,8.24,12.54774595,7.7725,0.497915005,-1.272452001,6.0636,-0.018858921,1.783805921,-1.064550838,1.764013604,Palustris_E_Iberá,9634.532801,1.173070148,2467.64731,-3678.262569,751.2427284,-36.66726198,1083.821088,-1256.163652,1115.493903,-1962.383444,-1279.21654,-576.7286311,-909.59895,375.7661025,-245.0429017,-129.7542377,-220.6535519,63.58820453,59.91264676,-192.758561,-43.56753634,158.2309657,165.6019383,1.09E-12
C_18_69,C_18_69_B.wav_Palustris_complex_229,H:\Sporophila_vocalizations\M-F consolidated\converted_sound_files\C_18_69_B.wav,Palustris_final_kjochecked_CecilasImageCorrections.txt,Palustris,E_Iberá,2019,complex,229,C_18_69_B.wav,D:/Sporophila_vocalizations/E_Iberá/2019/Palustris,C_18_69_B.wav_2698,NANAfaintfaintfaintfaintfaint,C_18_69_B.wav,1,1,2821.532972,2821.604291,2821.513069,2821.640779,0.205157429,0.127709857,0.071318571,2821.53546,2821.53546,2821.55868,3322.242857,3740.614286,3506.842857,2389.528571,418.3714286,885.9571429,3592.957143,-1.059418679,-0.268621954,2817.785714,-84.78571429,4146.685714,59.34285714,1.857142857,102.5571429,1.917714286,3.469,1.346,3.190285714,0.205157494,3.490423429,-0.720616802,3.504116054,-1.378664885,-1.188100127,-0.453218423,-0.694574254,-0.993396677,0.124933535,0.082958856,-1.286888236,-1.161340138,0.871912445,0.024727543,0.01467963,0.377652408,-2.047886681,-0.53427246,-0.890573483,2.016,19.15656566,3.381,2.709,-3.805077058,3.633,24.361,2.0379,24.361,26.63793423,5.9716,-0.392262611,-0.533874202,3.9337,-0.496289534,1.105795074,-0.597703813,-0.423170607,Palustris_E_Iberá,752.9173317,-0.245114099,-2929.929929,-2365.136662,-987.0248401,-812.8058685,737.1524909,-379.6687342,37.1049134,412.0338603,-282.2628618,2.124493315,-123.9970884,192.1117221,-625.2829875,-272.2510791,-2.922757937,214.2844844,366.4591099,25.865886,-70.71706165,-37.27412148,164.1336439,5.47E-12
C_18_69,C_18_69_B.wav_Palustris_complex_230,H:\Sporophila_vocalizations\M-F consolidated\converted_sound_files\C_18_69_B.wav,Palustris_final_kjochecked_CecilasImageCorrections.txt,Palustris,E_Iberá,2019,complex,230,C_18_69_B.wav,D:/Sporophila_vocalizations/E_Iberá/2019/Palustris,C_18_69_B.wav_2707,NANANANANANAfaintNAfaintNANANAfaintNANANA,C_18_69_B.wav,1,1,2869.048152,2869.093141,2869.023481,2869.136678,0.18045925,0.113197438,0.04498875,2869.055771,2869.055771,2869.064841,3703.7125,4371.2375,4107.45625,3039.3875,667.5375,1356.6,4193.58125,0.896764333,-3.309768297,3294.56875,-154.85625,4941.8625,149.3,3,99.15,2.2688125,3.6593125,1.6749375,3.686,0.180459271,4.042290135,0.211990495,4.068711957,0.476564338,0.682220106,0.616700043,-0.970194799,-0.927965626,0.114604666,0.07126634,-0.387151356,-0.286722207,0.864850503,1.845526291,0.132528032,0.379105036,0.097153114,-0.549658754,0.182866729,2.7195,12.58396924,3.8955,3.34425,1.063259563,4.024125,70.523,1.4464,70.523,75.42677437,6.4964,0.408897244,-0.90680504,5.05,0.12126348,0.649323476,-0.669922022,1.00334028,Palustris_E_Iberá,6667.302948,0.91869997,2061.477886,-2802.681747,728.5783376,-228.2160404,757.2978543,-1329.708861,1794.227487,-1297.616076,-1011.870399,-355.1367939,-791.9021401,-313.7020259,27.36880186,-705.7652311,-288.708117,-29.58367506,93.99483556,52.69007078,19.39296599,42.08223106,14.87052071,-1.28E-12
C_18_69,C_18_69_B.wav_Palustris_complex_302,H:\Sporophila_vocalizations\M-F consolidated\converted_sound_files\C_18_69_B.wav,Palustris_final_kjochecked_CecilasImageCorrections.txt,Palustris,E_Iberá,2019,complex,302,C_18_69_B.wav,D:/Sporophila_vocalizations/E_Iberá/2019/Palustris,C_18_69_B.wav_3286,NANANANANANANANANANANANANA,C_18_69_B.wav,1,1,2828.791058,2828.838391,2828.768285,2828.872774,0.173831769,0.104489923,0.047333077,2828.804008,2828.804008,2828.80892,3849.461538,4412.638462,4094.623077,3846.176923,563.1846154,1305.253846,4081.361538,0.53127402,-0.230009968,3233.284615,-126.6923077,4922.823077,181.4769231,2.692307692,101.0076923,2.449153846,3.632230769,1.672846154,4.168076923,0.173831776,4.154660045,1.012093819,4.146400474,0.774611827,1.196377291,1.150620414,-0.913080039,-0.952379808,0.110036685,0.067207174,0.832669105,0.507992863,0.863618347,1.312914016,-0.013095332,0.426795111,-1.039817839,-1.452715856,0.221979935,3.053076923,17.18764227,3.561923077,3.019153846,-5.965161921,3.946384615,30.044,1.2273,30.044,34.32934579,7.9091,0.141843959,-1.006876906,6.6818,-0.024125051,0.242275284,-0.23528951,1.573900474,Palustris_E_Iberá,10805.02513,1.385942702,2792.675724,-1529.972044,-1276.933301,596.4994159,1110.254102,391.3788854,293.4557798,178.4744541,-1363.655889,-299.1337122,-683.6825067,66.974714,-866.8128257,-141.4262787,-736.9544662,89.16182836,710.0320996,-175.6203232,-93.73326115,25.7144222,20.5075387,-7.51E-12
C_18_69,C_18_69_B.wav_Palustris_complex_305,H:\Sporophila_vocalizations\M-F consolidated\converted_sound_files\C_18_69_B.wav,Palustris_final_kjochecked_CecilasImageCorrections.txt,Palustris,E_Iberá,2019,complex,305,C_18_69_B.wav,D:/Sporophila_vocalizations/E_Iberá/2019/Palustris,C_18_69_B.wav_3316,noicenoicenoicenoicenoicenoicenoice,C_18_69_B.wav,1,1,2861.287193,2861.357682,2861.262314,2861.395829,0.229691714,0.133514857,0.070489286,2861.300462,2861.300462,2861.310413,3273.042857,3740.614286,3494.528571,2465.228571,467.6,898.2571429,3482.214286,-1.420099,-0.276465013,2793.157143,-161.0857143,4318.928571,150.4857143,3.714285714,98.57142857,1.847857143,3.468285714,1.295714286,3.326285714,0.229691695,3.465342271,-0.770601931,3.429825843,-1.382611471,-1.186400438,-0.445873875,-0.389272809,-0.452538284,0.142465109,0.08921841,-1.467284106,-1.212129056,0.87469893,-0.545854435,-0.000442259,0.326789121,-1.370206659,-1.026633869,-0.955141315,2.142,20.85606061,3.969,3.003,-5.216784078,3.675,64.041,1.5634,64.041,66.38019424,6.2832,-0.392262611,-0.16342001,4.7198,-0.481652612,0.999068911,-0.828471252,-0.32800364,Palustris_E_Iberá,1151.116919,-0.243963253,-3092.294405,-1785.760621,-1037.051202,-741.3184316,688.2137748,-931.9988136,-255.884057,600.3190815,-332.6325192,-57.70752201,-243.9382002,164.3810497,270.4385978,-152.1302304,-241.2077776,42.27926942,238.726773,168.8645338,0.260008075,-49.60138126,-13.68402097,2.73E-12
C_18_70,C_18_70_B.wav_Palustris_complex_231,H:\Sporophila_vocalizations\M-F consolidated\converted_sound_files\C_18_70_B.wav,Palustris_final_kjochecked_CecilasImageCorrections.txt,Palustris,E_Iberá,2019,complex,231,C_18_70_B.wav,D:/Sporophila_vocalizations/E_Iberá/2019/Palustris,C_18_70_B.wav_2722,NANANANANANANA,C_18_70_B.wav,1,1,3057.640935,3057.705619,3057.617715,3057.747912,0.204521571,0.130197857,0.064684286,3057.653374,3057.653374,3057.660837,4269.728571,4761.9,4601.928571,3003.928571,492.1714286,1242.785714,4601.942857,2.226764294,-0.311758781,3728.314286,-72.07142857,5315.642857,46.64285714,4.571428571,104.9857143,2.318714286,3.745857143,1.594428571,4.102857143,0.204521475,4.461898208,0.304002806,4.381441311,2.278782819,1.575050782,0.090484345,-0.745330474,-0.687381384,0.135507696,0.087155358,0.134388435,-0.041836286,0.89036427,0.179207102,0.589168937,0.459462294,1.509979996,1.312082821,0.917325821,2.562,10.09679487,4.599,4.053,1.167654541,4.641,61.15,2.4171,61.15,63.47437383,6.4929,-0.392262611,-0.543477767,4.0758,-0.485136793,0.665185456,-0.488323229,-0.993620398,Palustris_E_Iberá,645.5910678,-0.79072425,1731.231869,-322.6812215,3789.67829,827.205913,423.3732652,969.766138,-269.1078824,-472.4357726,561.1364232,1129.979096,-724.6841303,-145.4975571,-376.7833025,-13.72256335,-255.515018,59.40851128,302.8758395,-216.6394672,59.69220124,-72.57066912,-138.0452859,3.76E-12
C_18_70,C_18_70_B.wav_Palustris_complex_232,H:\Sporophila_vocalizations\M-F consolidated\converted_sound_files\C_18_70_B.wav,Palustris_final_kjochecked_CecilasImageCorrections.txt,Palustris,E_Iberá,2019,complex,232,C_18_70_B.wav,D:/Sporophila_vocalizations/E_Iberá/2019/Palustris,C_18_70_B.wav_2730,NANANANANANA,C_18_70_B.wav,1,1,3088.432944,3088.502604,3088.395212,3088.546141,0.223552333,0.15093,0.06966,3088.481319,3088.481319,3088.475514,4091.316667,4708.6,4277.916667,2875.183333,617.3,1177.183333,4364.066667,1.452021227,-0.610448633,3689.366667,-69.26666667,5483.8,44.5,5,107.2166667,2.0695,3.819333333,1.361666667,4.0675,0.223552337,4.393830695,-0.057996424,4.325446612,2.00072014,1.347759293,0.019975371,0.103381834,-0.079505359,0.150379971,0.0893589,-0.705976112,-0.650365299,0.887190832,-0.020759414,0.451488158,0.42959219,1.557526537,1.64032376,1.067984096,2.548,11.61706349,4.753,4.214,-3.361694108,4.361,92.037,2.5118,92.037,94.19876636,7.0616,-0.481280373,-0.256121254,4.5498,-0.523364752,0.332689098,-0.294780864,-0.803507269,Palustris_E_Iberá,663.4275466,-0.774339772,968.5639875,241.3124172,3967.618474,32.03399851,222.6328955,66.29444419,-272.5386055,-424.6877989,329.2154314,533.2837586,-37.70542962,-158.855723,-130.2938025,103.2703996,-374.6038497,-112.6606154,214.526911,68.95562885,17.63383918,-32.82034235,132.7761709,1.13E-12
C_18_70,C_18_70_B.wav_Palustris_complex_306,H:\Sporophila_vocalizations\M-F consolidated\converted_sound_files\C_18_70_B.wav,Palustris_final_kjochecked_CecilasImageCorrections.txt,Palustris,E_Iberá,2019,complex,306,C_18_70_B.wav,D:/Sporophila_vocalizations/E_Iberá/2019/Palustris,C_18_70_B.wav_3324,NANANANANA,C_18_70_B.wav,1,1,3068.362583,3068.435725,3068.33588,3068.463589,0.1804114,0.12771,0.073143,3068.390446,3068.390446,3068.391608,4410,4875.12,4633.92,2175.18,465.12,930.22,4565.04,2.106574742,0.519605532,4134.38,-68.24,5185.2,47.5,5.8,100.12,2.323,3.4466,1.7108,3.752,0.180411356,4.620984134,-0.678453508,4.613734907,3.140718553,1.782029366,-0.533970079,-0.578510558,-0.715554145,0.13106871,0.08330352,-0.228613985,-0.297959956,0.886692637,1.249944958,0.641859527,0.504448363,2.357035799,3.133820031,0.646140925,1.764,16.03333333,4.7922,4.3806,-3.59141879,4.7334,72.126,2.5912,72.126,73.74023186,6.6058,-0.570298135,-0.907528524,4.0146,-0.652086546,0.461265001,-0.118311055,-0.708340301,Palustris_E_Iberá,1334.958674,-0.458989894,1843.588956,-365.4028314,5043.833311,135.2669751,-509.7897078,2158.029829,-1212.862988,-1748.154542,127.4529677,664.6931545,448.5422537,-306.2038168,-495.2438994,280.3724403,-276.2439629,-33.75391191,389.8167102,-32.14585127,-111.6661671,-61.68483352,59.42604536,4.92E-12
C_18_70,C_18_70_B.wav_Palustris_complex_307,H:\Sporophila_vocalizations\M-F consolidated\converted_sound_files\C_18_70_B.wav,Palustris_final_kjochecked_CecilasImageCorrections.txt,Palustris,E_Iberá,2019,complex,307,C_18_70_B.wav,D:/Sporophila_vocalizations/E_Iberá/2019/Palustris,C_18_70_B.wav_3329,NAfaintfaintNA,C_18_70_B.wav,1,1,3079.92525,3080.013776,3079.870102,3080.064569,0.278271,0.1944675,0.08852625,3079.955726,3079.955726,3079.961531,3811.375,4866.5,4392.775,3459.125,1055.125,2024.1,4457.375,1.755918747,-1.30586658,3036.2,-348.675,5900.1,359.8,6.75,102.65,2.6355,4.15475,1.42375,4.33425,0.278271028,4.382790999,1.309826271,4.380705843,1.260743469,1.856949128,1.719819294,0.697815787,0.581792315,0.194553736,0.119750572,0.061489108,-0.07847836,0.926815468,-0.976092375,1.509496307,0.602732984,2.175816512,0.204269652,1.369300647,3.234,26.5709707,5.9535,3.381,-8.919182369,4.6305,83.913,2.0603,83.913,85.62107477,6.9598,-0.659315896,0.57010365,4.8995,-0.630024691,0.032677262,0.138255091,0.147389587,Palustris_E_Iberá,NA,-0.779725276,2565.446577,1867.47824,3023.116346,-83.91904806,1981.484211,-654.34803,437.2204441,444.2999573,684.1102561,153.7656518,-1031.506273,266.3519714,1055.792925,-266.02295,-331.0155784,-71.23143074,-279.170436,-1.536840698,-189.9587309,128.852057,-90.51937456,-3.31E-12
C_18_71,C_18_71.wav_Palustris_complex_309,H:\Sporophila_vocalizations\M-F consolidated\converted_sound_files\C_18_71.wav,Palustris_final_kjochecked_CecilasImageCorrections.txt,Palustris,E_Iberá,2019,complex,309,C_18_71.wav,D:/Sporophila_vocalizations/E_Iberá/2019/Palustris,C_18_71.wav_3334,NANANANAfaintNA,C_18_71.wav,1,1,3215.574773,3215.619278,3215.554456,3215.69184,0.211215,0.137384833,0.044505,3215.594123,3215.594123,3215.597026,3474.016667,3861.6,3646.283333,2688.816667,387.6,1105.35,3675,-0.792211883,-0.514371153,2756.25,-138.4666667,4521.966667,121.1666667,2.833333333,99.66666667,2.422166667,3.6935,1.532166667,4.103666667,0.211214953,3.571798397,0.129384651,3.549073293,-1.140520838,-0.733289035,0.047925226,-0.922221736,-1.032275119,0.130209813,0.089045399,-1.313100524,-1.146041746,0.92125792,0.301874856,1.565233368,0.587278819,-1.436372098,-0.800968223,-0.363269519,2.45,28.56294816,3.332,3.038,-0.694368207,3.773,111.279,1.8359,111.279,113.1603645,6.6016,-0.481280373,-0.442409592,4.7657,-0.589285406,1.602347803,-0.816799283,0.527836651,Palustris_E_Iberá,3537.404358,-0.16100943,-1478.14542,-2589.526526,-664.6897491,-1425.564446,2099.248007,-532.7395079,-241.0196948,333.9223753,-111.2849112,-174.0698415,-704.0880104,391.5719386,-104.0352002,338.5285446,291.4276405,255.6623018,418.4275416,27.14036288,-102.6196079,-13.62939111,-127.182656,-1.49E-13
C_18_73,C_18_73.wav_Palustris_complex_311,H:\Sporophila_vocalizations\M-F consolidated\converted_sound_files\C_18_73.wav,Palustris_final_kjochecked_CecilasImageCorrections.txt,Palustris,E_Iberá,2019,complex,311,C_18_73.wav,D:/Sporophila_vocalizations/E_Iberá/2019/Palustris,C_18_73.wav_3344,noicenoicenoicenoicenoicenoicenoicenoicenoicenoice,C_18_73.wav,1,1,3357.994946,3358.068088,3357.974048,3358.114528,0.2080374,0.1404809,0.073143,3358.013522,3358.013522,3358.030937,4392.79,5081.84,4788.97,4283.42,689.07,1602.08,5004.31,3.53724078,0.623918224,3807.05,-178.06,5460.83,175.09,9.7,145.39,2.833,3.8123,1.8026,4.2241,0.208037383,4.58809487,1.488123599,4.653246712,2.517776552,2.311315288,1.067517647,-0.583347119,-0.785153457,0.135883876,0.089569204,0.757947592,0.596253145,0.875825082,0.697421824,0.255916045,0.378494275,2.782093828,-0.140383334,1.459695612,3.4104,12.46219135,4.557,4.7334,6.495554775,4.8216,75.584,1.7112,75.584,79.005,8.6096,-0.125209326,-0.490389311,6.8984,-0.22732712,0.365871261,-0.486157878,0.242556554,Palustris_E_Iberá,1769.306639,-0.537479898,4375.726078,308.9550643,3314.271595,1795.4111,987.5670977,1238.754222,-878.1582038,269.0120471,-473.9182167,1564.290681,-1133.15246,-247.3901543,321.3950182,-277.2389575,411.139734,-175.2980335,-131.9788608,-213.6298854,116.1316454,-82.44744047,89.17084366,-3.58E-12
C_18_73,C_18_73.wav_Palustris_complex_312,H:\Sporophila_vocalizations\M-F consolidated\converted_sound_files\C_18_73.wav,Palustris_final_kjochecked_CecilasImageCorrections.txt,Palustris,E_Iberá,2019,complex,312,C_18_73.wav,D:/Sporophila_vocalizations/E_Iberá/2019/Palustris,C_18_73.wav_3354,noicenoicenoicenoicenoicenoicenoicenoicenoice,C_18_73.wav,1,1,3367.574531,3367.608716,3367.556472,3367.644191,0.175488889,0.08772,0.034185,3367.580981,3367.580981,3367.589366,3741.988889,4143.944444,3990.822222,3145.7,401.9555556,1052.733333,3942.977778,0.080569563,-0.68822564,3292.188889,-100.5666667,4392.755556,100.5666667,2.888888889,143.5777778,2.321444444,3.377555556,1.611222222,3.686555556,0.175488901,3.907452754,0.093058495,3.923631594,0.335373357,0.129119785,-0.160654727,-1.329902627,-1.168446457,0.092373112,0.054046642,-0.382160676,-0.617045072,0.855687353,2.162499723,-0.114976283,0.346622685,0.320837382,-0.465888931,-0.539037507,2.221333333,17.08556397,3.479,3.544333333,-2.707048673,4.132333333,85.6,1.2568,85.6,87.90783034,8.7251,-0.214227088,-0.981855141,7.4683,-0.489026061,1.633160065,-1.218488249,1.19345341,Palustris_E_Iberá,4000.667449,0.081347517,583.5821645,-3217.883634,357.0097292,339.8679367,1206.769026,116.0927593,-393.1982036,-1170.468701,-1383.410582,4.097834838,3.22568265,99.73220652,303.716941,14.35261206,246.29998,-471.8778325,162.91537,-379.8547555,126.9439092,-105.0532175,-79.6726583,-3.63E-12
C_18_74,C_18_74.wav_Palustris_complex_313,H:\Sporophila_vocalizations\M-F consolidated\converted_sound_files\C_18_74.wav,Palustris_final_kjochecked_CecilasImageCorrections.txt,Palustris,E_Iberá,2019,complex,313,C_18_74.wav,D:/Sporophila_vocalizations/E_Iberá/2019/Palustris,C_18_74.wav_3363,faintfaintfaintfaintfaintfaintfaint,C_18_74.wav,1,1,3528.440442,3528.488541,3528.413076,3528.525029,0.191032,0.111953571,0.048098571,3528.467808,3528.467808,3528.462833,3371.485714,3752.928571,3556.042857,2515.071429,381.4428571,898.2571429,3531.414286,-1.259858672,-0.805871533,2657.8,-161.0857143,4318.942857,144.1285714,2.285714286,97.72857143,2.408142857,3.516571429,1.501714286,3.852428571,0.191032119,3.518304539,-0.207611639,3.517726417,-0.926059341,-1.133421737,-0.872622419,-0.786505199,-0.701445584,0.118213507,0.070154281,-0.725683101,-0.901753133,0.898835989,-0.186807369,0.792384032,0.516882731,-1.461450805,-0.903543516,-0.82600565,2.184,22.17868481,3.087,3.255,-0.007584769,3.633,45.474,1.7958,45.474,47.50586144,6.162,-0.392262611,-0.747160307,4.3662,-0.553904552,1.327638141,-0.905863,-0.423060204,Palustris_E_Iberá,1498.284082,-0.528527858,-2564.666144,-2343.271571,-813.2658795,-552.1348329,1171.684179,-488.956436,298.7545479,51.03318701,179.4693623,207.2348829,-691.6134806,148.4156809,-7.507934432,699.8922162,-327.8861491,59.67983776,133.1333941,-217.3022527,81.98328544,-13.82810407,-69.26315898,1.08E-11
C_18_76,C_18_76.wav_Palustris_complex_314,H:\Sporophila_vocalizations\M-F consolidated\converted_sound_files\C_18_76.wav,Palustris_final_kjochecked_CecilasImageCorrections.txt,Palustris,E_Iberá,2019,complex,314,C_18_76.wav,D:/Sporophila_vocalizations/E_Iberá/2019/Palustris,C_18_76.wav_3371,faintfaintfaintfaintfaintNA,C_18_76.wav,1,1,3724.598749,3724.680986,3724.579399,3724.732264,0.2121355,0.152864833,0.0822375,3724.643254,3724.643254,3724.638417,3545.8,4163.066667,3904.7,2883.716667,617.2833333,1363.766667,4091.3,0.563642767,-0.509796035,2871.083333,-131.0666667,4665.516667,108.8,2.166666667,99.3,2.518666667,4.035,1.624666667,4.1025,0.212135629,3.763695896,0.486057349,3.858399528,-0.779404911,-0.135130406,0.652813883,-0.624354876,-1.071349118,0.137265915,0.096915841,-1.254388715,-1.071946843,0.928022102,-0.75088137,1.586796044,0.607241859,-1.149839842,-0.657362812,0.013376169,2.646,37.80192308,3.43,2.989,-1.485416095,3.871,38.425,1.6102,38.425,40.09521964,7.2727,-0.481280373,-0.428507851,5.6625,-0.638924186,2.0986749,-1.364848965,1.668957039,Palustris_E_Iberá,1233.469518,-0.034471612,-323.258624,-2389.663083,148.1497098,-962.0565273,2391.449362,-859.3998104,-1002.510817,936.5542628,-25.48826124,-922.7135406,-1864.420478,1045.886677,-175.1597147,-62.98635801,359.1063553,226.0938966,74.98858207,24.97004728,-233.4965054,55.81788989,191.22624,-5.12E-12
C_18_77,C_18_77_A.wav_Palustris_complex_315,H:\Sporophila_vocalizations\M-F consolidated\converted_sound_files\C_18_77_A.wav,Palustris_final_kjochecked_CecilasImageCorrections.txt,Palustris,E_Iberá,2019,complex,315,C_18_77_A.wav,D:/Sporophila_vocalizations/E_Iberá/2019/Palustris,C_18_77_A.wav_3381,NANANANANANANA,C_18_77_A.wav,1,1,3819.764627,3819.805262,3819.743066,3819.845068,0.161831714,0.102002143,0.040635,3819.781213,3819.781213,3819.78453,3556.057143,3875.985714,3691.385714,1983.742857,319.9428571,885.9571429,3752.914286,-0.538451502,-0.272543483,3199.214286,-25.41428571,4405.085714,21.2,0.857142857,105.8857143,1.869571429,3.322142857,1.345571429,3.149,0.161831836,3.686823926,-1.078142552,3.662912929,-0.225048817,-0.830048687,-1.15170283,-1.107957507,-1.063918864,0.101229176,0.060724248,-1.190832618,-1.090691415,0.886069446,0.077108347,0.447000402,0.447349391,-0.397975411,0.204269652,-0.890573483,1.764,13.53102453,3.423,3.423,-1.076174386,3.843,4.547,2.2275,4.547,6.568476635,5.9716,-0.392262611,-1.188069999,3.7441,-0.556345952,1.254457147,-0.496901642,-0.232947075,Palustris_E_Iberá,1369.337217,-0.562557669,-2246.725257,-2609.306752,714.7191137,-715.7131612,171.6329482,575.3903344,-238.9005878,-237.6973561,-244.4236905,111.0170083,-341.087254,159.5495039,146.050502,437.7745534,-122.4370472,-104.4095547,13.02241641,109.4380718,-80.67092334,-7.353587084,12.52428269,4.33E-12
C_18_77,C_18_77_B.wav_Palustris_complex_316,H:\Sporophila_vocalizations\M-F consolidated\converted_sound_files\C_18_77_B.wav,Palustris_final_kjochecked_CecilasImageCorrections.txt,Palustris,E_Iberá,2019,complex,316,C_18_77_B.wav,D:/Sporophila_vocalizations/E_Iberá/2019/Palustris,C_18_77_B.wav_3388,NAnoiceNANANANANA,C_18_77_B.wav,1,1,3860.099347,3860.139982,3860.076957,3860.175641,0.159084,0.098685,0.040635,3860.117592,3860.117592,3860.11925,3556.028571,3826.757143,3679.085714,1929.585714,270.7142857,861.3285714,3691.4,-0.73879844,0.233333858,3174.6,-19.04285714,4232.8,84.78571429,0.571428571,106.3571429,1.996571429,3.28,1.418857143,3.213857143,0.159084059,3.62722816,-0.854633268,3.634190797,-0.371550457,-0.958906271,-1.20427858,-1.064075842,-0.952140624,0.102456467,0.059621971,-1.262148746,-1.121816854,0.888452369,-0.082724242,0.490580901,0.481481654,-0.383672294,0.204269652,-1.213412644,1.554,13.29166667,4.221,3.171,-6.165153362,3.759,4.081,1.9431,4.081,6.247297882,5.6872,-0.392262611,-1.229560064,3.7441,-0.52229942,0.832431667,-0.151094953,-0.518227172,Palustris_E_Iberá,635.442347,-0.802294032,-2558.565072,-2178.47529,461.9321678,-1000.459363,71.89979418,1001.977151,-290.2644031,64.23861802,-171.6274485,383.9043684,-133.929267,45.57643447,186.3520622,475.6533723,-168.458488,-234.5712141,-174.4951651,-0.813506734,160.643836,-46.38212132,26.04130149,4.43E-12
C_18_78,C_18_78.wav_Palustris_complex_236,H:\Sporophila_vocalizations\M-F consolidated\converted_sound_files\C_18_78.wav,Palustris_final_kjochecked_CecilasImageCorrections.txt,Palustris,E_Iberá,2019,complex,236,C_18_78.wav,D:/Sporophila_vocalizations/E_Iberá/2019/Palustris,C_18_78.wav_2741,NANANANANANANA,C_18_78.wav,1,1,4010.365625,4010.412065,4010.34904,4010.450212,0.188782429,0.101172857,0.04644,4010.369772,4010.369772,4010.383869,3592.957143,3912.885714,3765.214286,2437.385714,319.9428571,873.6428571,3875.971429,-0.137664571,-0.499992211,3125.385714,-27.54285714,4466.6,19.07142857,0.571428571,117.8428571,1.742285714,3.352142857,1.323,3.577571429,0.18878246,3.71154353,-0.892421825,3.672494379,-0.246971464,-0.769097407,-1.023634883,-0.950215126,-0.854038091,0.109381732,0.064502683,-1.356878443,-1.225066101,0.858654749,-0.445233385,-0.482503849,0.313143751,-0.339370988,0.327360004,-0.438598657,2.016,10.7236569,4.137,3.759,-1.476109768,3.843,60.237,1.9905,60.237,62.3621183,6.8246,-0.392262611,-0.781129041,4.8341,-0.531980472,0.986042123,-0.676096652,-0.518227172,Palustris_E_Iberá,1069.227243,-0.623432767,-2317.402899,-2142.193631,1195.168574,-144.4850532,-184.3906286,-83.40062949,-113.7035307,317.0240516,-234.7763599,-0.587656434,-242.3986034,6.056332804,-25.78767722,-74.53112303,-8.899236908,-47.71262494,-61.06075065,-2.515508793,158.2990337,-66.28872531,23.86375169,1.42E-11
C_18_78,C_18_78.wav_Palustris_complex_237,H:\Sporophila_vocalizations\M-F consolidated\converted_sound_files\C_18_78.wav,Palustris_final_kjochecked_CecilasImageCorrections.txt,Palustris,E_Iberá,2019,complex,237,C_18_78.wav,D:/Sporophila_vocalizations/E_Iberá/2019/Palustris,C_18_78.wav_2748,NANANANANANANANANANANA,C_18_78.wav,1,1,4018.015243,4018.051656,4017.997828,4018.081209,0.141966636,0.083380909,0.036413182,4018.024214,4018.024214,4018.033186,3797.672727,4110.872727,3969.927273,2611.936364,313.2090909,830.0090909,4040.4,0.397865679,1.07111522,3367,-71.48181818,4557.209091,110.6090909,1.363636364,113.0090909,2.039545455,3.059818182,1.444,3.433363636,0.141966718,3.95851072,-0.169451868,3.93359461,0.446666341,0.015843555,-0.478480554,-1.408677259,-1.417783859,0.086851028,0.053720995,1.114795669,2.416499619,0.857432625,1.364501592,-0.213629869,0.427329655,0.304609688,0.595920772,-0.150978313,2.111454545,10.12926013,4.156090909,3.701727273,-4.696770362,4.129363636,67.25,1.8957,67.25,70.42998746,7.9621,-0.036191565,-1.488023365,6.0664,-0.2839876,0.888086386,-0.323301627,0.432669684,Palustris_E_Iberá,2315.739507,0.015150896,1166.288547,-1827.504898,-371.4968191,1850.801001,-11.89177566,2722.655726,-389.865024,-1125.84506,454.404601,28.46326307,140.5996212,80.03242615,-388.2794143,415.3896089,476.8815215,15.25160757,80.8232765,772.1452425,288.6711557,-112.3736371,125.0559002,5.51E-12
C_18_78,C_18_78.wav_Palustris_complex_238,H:\Sporophila_vocalizations\M-F consolidated\converted_sound_files\C_18_78.wav,Palustris_final_kjochecked_CecilasImageCorrections.txt,Palustris,E_Iberá,2019,complex,238,C_18_78.wav,D:/Sporophila_vocalizations/E_Iberá/2019/Palustris,C_18_78.wav_2757,NANANANANANANANANANANA,C_18_78.wav,1,1,4035.494064,4035.530477,4035.472955,4035.558447,0.140047545,0.085491818,0.036413182,4035.504091,4035.504091,4035.512007,3742.854545,4181.345455,4009.090909,3089.181818,438.5,923.9909091,4032.572727,0.372372899,2.086791433,3484.454545,-67.42727273,4980.027273,130.8363636,1.363636364,116.2272727,2.098090909,3.244545455,1.486909091,3.876,0.140047452,4.038327546,0.387128405,3.997294301,0.569357663,0.233271273,-0.248908202,-1.263940428,-1.212102765,0.08991457,0.052497941,1.116696111,0.961623957,0.839066231,1.044606025,-0.821947877,0.387314703,0.457711895,0.282599876,0.05446479,2.352,8.54905877,3.995727273,3.434454545,-5.069124904,3.995727273,84.733,1.3744,84.733,87.89893458,7.5829,-0.036191565,-1.517003316,6.2085,-0.28729134,0.888086386,-0.314373936,0.527836651,Palustris_E_Iberá,1856.595012,-0.033068795,1158.722143,-1562.160701,-167.4403129,1811.402714,-5.105945769,2463.78048,-1240.305098,74.67730216,-274.3867851,345.517897,643.6578396,197.1102513,-423.7871803,484.0530981,299.9977089,-135.0935768,-114.4957695,-169.3542304,73.88653925,-9.137460276,100.3423264,2.05E-12
C_18_78,C_18_78.wav_Palustris_complex_240,H:\Sporophila_vocalizations\M-F consolidated\converted_sound_files\C_18_78.wav,Palustris_final_kjochecked_CecilasImageCorrections.txt,Palustris,E_Iberá,2019,complex,240,C_18_78.wav,D:/Sporophila_vocalizations/E_Iberá/2019/Palustris,C_18_78.wav_2780,NANANANANANANA,C_18_78.wav,1,1,4052.011443,4052.053737,4051.988223,4052.098518,0.178777143,0.110295,0.042293571,4052.01559,4052.01559,4052.028029,3531.428571,3962.1,3716,2911.285714,430.6714286,1045.9,3802.142857,-0.378118119,-0.076466994,3162.285714,-89.02857143,4700.371429,110.2142857,1.857142857,116.5285714,1.888142857,3.415428571,1.363714286,3.185142857,0.178777056,3.820543865,-0.046984993,3.668447981,-0.258719433,-0.183716554,-0.018565816,-1.006978236,-0.870038111,0.109560304,0.065014711,-0.810654577,-0.959052319,0.854962802,-0.447315911,-0.593631522,0.319601979,0.100261672,0.204269652,0.400783163,2.604,10.85805623,4.725,3.633,-3.708639005,3.801,101.9,2.1801,101.9,103.9998879,7.2986,-0.392262611,-0.932205639,5.1185,-0.537911986,1.059882714,-0.581648903,-0.32800364,Palustris_E_Iberá,2477.086985,-0.431435214,-1020.238293,-1873.178123,1037.714264,353.1419812,468.3249737,-3.438112966,-215.1296022,1065.061887,62.28457731,-24.5090972,440.125586,122.3678125,137.3869919,-53.22900298,-175.3277508,34.3705198,-17.98656718,-71.95305786,-13.01374646,-3.92603638,-93.7322749,1.67E-11
C_18_78,C_18_78.wav_Palustris_complex_241,H:\Sporophila_vocalizations\M-F consolidated\converted_sound_files\C_18_78.wav,Palustris_final_kjochecked_CecilasImageCorrections.txt,Palustris,E_Iberá,2019,complex,241,C_18_78.wav,D:/Sporophila_vocalizations/E_Iberá/2019/Palustris,C_18_78.wav_2787,NANANANANANANA,C_18_78.wav,1,1,4059.673199,4059.713005,4059.646662,4059.749493,0.170226857,0.102831429,0.039805714,4059.691443,4059.691443,4059.692273,3482.2,3802.128571,3617.571429,2450.885714,319.9285714,812.1285714,3629.871429,-0.939191905,0.452939526,3137.685714,-76.3,4491.185714,108.1142857,0.571428571,114.1285714,1.880428571,3.346428571,1.376857143,3.204,0.170226969,3.685891757,-0.526713874,3.609982924,-0.413871259,-0.959654424,-1.157667684,-0.991268725,-0.929382807,0.105138774,0.061829983,-0.755572332,-0.90810425,0.861011625,-0.256287618,-0.383378625,0.380373654,-0.182324089,0.204269652,-0.24489516,2.184,15.17608225,4.389,3.633,-5.027576362,3.717,109.578,2.0853,109.578,111.6386542,5.9716,-0.392262611,-1.061307679,3.8863,-0.54713556,1.097632235,-0.538191198,-0.518227172,Palustris_E_Iberá,891.2127344,-0.75890745,-2262.881697,-2084.275163,474.8498277,191.7349516,15.21289288,566.933071,-454.1487552,531.6723635,50.49351417,179.4757027,438.444559,39.48543746,174.3276316,682.0643527,68.5495879,-87.921354,-66.48523933,-135.9656513,83.34047211,-19.35929908,26.07229523,-8.17E-12
C_18_78,C_18_78.wav_Palustris_complex_242,H:\Sporophila_vocalizations\M-F consolidated\converted_sound_files\C_18_78.wav,Palustris_final_kjochecked_CecilasImageCorrections.txt,Palustris,E_Iberá,2019,complex,242,C_18_78.wav,D:/Sporophila_vocalizations/E_Iberá/2019/Palustris,C_18_78.wav_2794,NANANANANANANA,C_18_78.wav,1,1,4066.926118,4066.970899,4066.902898,4067.010705,0.184245714,0.107807143,0.044781429,4066.940215,4066.940215,4066.945191,3519.114286,3875.971429,3716,2518.614286,356.8571429,898.2428571,3752.914286,-0.538451502,-0.16274065,3125.385714,-84.78571429,4675.771429,116.5857143,1.571428571,114.5428571,1.926857143,3.346714286,1.314,3.319571429,0.184245661,3.73471365,-0.496488671,3.674348902,-0.290398745,-0.724187952,-0.898417049,-0.95090029,-0.827926248,0.11184585,0.066422604,-0.957768881,-1.020041453,0.867255663,-0.294239231,-0.198712903,0.372948831,-0.60257728,0.0811793,-0.374030824,2.142,13.0222583,3.927,3.255,-3.410070047,3.843,116.808,2.0379,116.808,118.9250841,6.3507,-0.392262611,-0.849632438,4.3128,-0.533869257,1.006917824,-0.626090997,-0.423170607,Palustris_E_Iberá,1436.433283,-0.567651052,-2065.731603,-2047.955669,566.5157819,-103.3556329,198.7396555,112.9711822,-170.3553715,398.8401074,-100.8126189,65.69442929,-96.95478853,61.14404946,-128.5254495,299.8616023,-115.9886088,-43.22565571,62.9677896,-138.8317582,145.2973093,-47.60129188,-24.03152995,-5.94E-12
C_18_78,C_18_78.wav_Palustris_complex_248,H:\Sporophila_vocalizations\M-F consolidated\converted_sound_files\C_18_78.wav,Palustris_final_kjochecked_CecilasImageCorrections.txt,Palustris,E_Iberá,2019,complex,248,C_18_78.wav,D:/Sporophila_vocalizations/E_Iberá/2019/Palustris,C_18_78.wav_2822,NANANANANANANA,C_18_78.wav,1,1,4110.332506,4110.370653,4110.310115,4110.418751,0.190637857,0.108636429,0.038147143,4110.341628,4110.341628,4110.35075,3580.642857,3863.671429,3716,2681.1,283.0285714,812.1,3777.528571,-0.45828481,-0.213720537,3125.371429,-69.95714286,4626.542857,72.07142857,1.428571429,116.4,2.008142857,3.342142857,1.357285714,3.717285714,0.190637874,3.715081687,-0.535444432,3.667199709,-0.248731075,-0.795597989,-1.066542664,-0.87008348,-0.644164802,0.116537052,0.067284038,-0.894268445,-1.018325466,0.869746537,-0.52036802,-0.158041194,0.384314408,-0.381125885,-0.041911052,-0.309462992,2.226,11.72045455,4.515,3.423,-5.249230816,3.801,160.24,2.0379,160.24,162.3126916,6.7299,-0.392262611,-0.753113205,4.692,-0.54430565,1.14147264,-0.813981604,-0.423170607,Palustris_E_Iberá,1109.007852,-0.621921323,-2145.177548,-1933.971912,687.7884698,83.83431747,166.4156417,-95.72082214,-297.2911071,367.9461144,-37.60063119,87.10875419,-312.9512593,92.63885938,88.6498737,459.8044227,-87.40389766,-21.95498221,-57.06749601,-136.362978,116.8083927,-32.70132674,-92.05063652,-9.26E-12
C_18_78,C_18_78.wav_Palustris_complex_321,H:\Sporophila_vocalizations\M-F consolidated\converted_sound_files\C_18_78.wav,Palustris_final_kjochecked_CecilasImageCorrections.txt,Palustris,E_Iberá,2019,complex,321,C_18_78.wav,D:/Sporophila_vocalizations/E_Iberá/2019/Palustris,C_18_78.wav_3434,NANANANANANANANANANANANA,C_18_78.wav,1,1,3988.117177,3988.165068,3988.092506,3988.197963,0.170479083,0.105457417,0.04789125,3988.137011,3988.137011,3988.144267,3631.925,4048.25,3782.658333,2535.558333,416.3166667,1055.141667,3797.016667,-0.394813697,0.958816867,3273.033333,-67.99166667,4608.091667,127.35,2,109.6166667,1.948166667,3.20275,1.463416667,3.347416667,0.170478968,3.816457589,-0.325555806,3.805609359,-0.004158101,-0.113297572,-0.187249646,-0.937425405,-0.899214418,0.108520929,0.0645834,0.387703528,0.333560889,0.845204763,0.932453234,-0.658278356,0.379618304,-0.097908141,-0.22654658,-0.438598657,2.205,12.49909512,4.508,3.871,-7.936527872,3.8955,37.164,1.8009,37.164,40.76503983,6.3033,0.052826197,-1.057502623,4.5024,-0.185000928,0.681156453,-0.581874973,-0.042723543,Palustris_E_Iberá,3843.818049,0.711041719,53.3919834,-1759.872433,-772.4485231,898.3461206,-174.3325225,1087.340354,-757.9271628,-270.5485414,-431.2225562,263.6830866,545.6002281,-182.9765075,-122.4635248,-24.29009982,-335.8378765,277.1325213,175.5150588,53.03905151,-88.72425381,11.43538903,-43.68748626,3.50E-12
C_18_78,C_18_78.wav_Palustris_complex_325,H:\Sporophila_vocalizations\M-F consolidated\converted_sound_files\C_18_78.wav,Palustris_final_kjochecked_CecilasImageCorrections.txt,Palustris,E_Iberá,2019,complex,325,C_18_78.wav,D:/Sporophila_vocalizations/E_Iberá/2019/Palustris,C_18_78.wav_3464,NANAnoiceNANANANAfaintfaintNANANA,C_18_78.wav,1,1,4026.719868,4026.763889,4026.697132,4026.796784,0.167277,0.099652417,0.04402125,4026.73051,4026.73051,4026.736315,3718.05,4206.141667,3976.458333,2543.441667,488.0833333,933.1083333,4084.125,0.540274385,0.926791041,3316.1,-56.875,4665.516667,90.26666667,1.916666667,115.825,1.94725,3.215333333,1.461333333,3.362583333,0.167277013,3.948824923,-0.346237493,3.999101091,0.404562263,0.15658866,-0.192390658,-1.060165139,-0.883679159,0.104055038,0.059793738,0.200233809,0.150973514,0.845316035,0.712493523,-0.696160925,0.379114437,0.438463259,0.276072358,-0.099617537,2.254,10.83170545,4.655,3.8955,-6.251164975,4.0425,75.811,1.6114,75.811,79.35998746,7.5355,0.052826197,-1.105850546,5.9241,-0.197238102,0.759923142,-0.597544714,0.242446152,Palustris_E_Iberá,6975.166447,0.79856447,650.384341,-1729.409859,310.7999283,936.6237232,-433.1819,1144.232939,-1040.60981,-173.4615291,-542.7102466,61.95800849,233.7148785,-105.771475,-185.7304614,-173.7869519,-117.434364,396.2648506,-72.90300427,75.22938011,-101.9882695,31.1528008,-101.5690331,-9.06E-12
C_18_78,C_18_78.wav_Palustris_complex_326,H:\Sporophila_vocalizations\M-F consolidated\converted_sound_files\C_18_78.wav,Palustris_final_kjochecked_CecilasImageCorrections.txt,Palustris,E_Iberá,2019,complex,326,C_18_78.wav,D:/Sporophila_vocalizations/E_Iberá/2019/Palustris,C_18_78.wav_3592,NANANANANANANANANANANANANA,C_18_78.wav,1,1,4101.178485,4101.224032,4101.157498,4101.257969,0.156239615,0.100471077,0.045546923,4101.198579,4101.198579,4101.196347,3703.684615,4372.892308,4081.369231,2654.030769,669.1923077,1238.992308,3962.1,0.142849058,-2.039645133,3273.046154,-95.87692308,4843.3,119.8461538,1.538461538,113.4384615,2.282076923,3.514615385,1.719230769,3.666461538,0.15623959,4.059797216,0.096388856,4.077501848,0.417587385,0.646764125,0.623350857,-1.167067324,-1.117047005,0.100390448,0.060992763,-0.704714426,-0.766004699,0.872096358,2.292294946,0.404755864,0.455773519,0.635867608,0.535666754,-0.056158419,2.193692308,12.51567877,4.014230769,3.991615385,-1.671343553,4.172538462,150.144,1.7536,150.144,153.8930747,7.2512,0.141843959,-1.272510129,5.4976,-0.150198883,0.859046365,-0.559449783,1.288509975,Palustris_E_Iberá,5222.654543,0.966913224,1828.78636,-3144.627671,1042.349903,-899.9538168,870.6269038,-316.0126256,638.8745509,-1380.575629,-974.5797604,-682.5611892,413.6045363,-230.2614446,225.6056442,-435.8352148,-266.4881376,-123.3460638,47.99926489,-78.07694272,-68.38737908,52.39291783,-32.0689525,-3.33E-12
C_19_100,C_19_100.wav_Hypoxantha_complex_2,H:\Sporophila_vocalizations\M-F consolidated\converted_sound_files\C_19_100.wav,Hypoxantha_final_kjochecked_CecilasImageCorrections.txt,Hypoxantha,Entre_Ríos,No year,complex,2,C_19_100.wav,D:/Sporophila_vocalizations/Entre_Ríos/No year/Hypoxantha,C_19_100.wav_824,NANANANANANANA,C_19_100.wav,1,1,5.197112143,5.304919,5.154818571,5.398628,0.289986571,0.243809571,0.107807143,5.217014857,5.217014857,5.242722714,3309.942857,3715.985714,3556.042857,1974.8,406.0428571,1132.042857,3666.785714,-0.818965131,0.476468704,2756.257143,-116.5714286,4085.157143,120.8142857,6.857142857,107.5571429,2.732428571,3.631,1.742,3.981857143,0.289986649,3.455725483,-0.178169441,3.5016344,-1.641554621,-1.153225912,-0.09672006,0.502806264,-0.172314689,0.208490683,0.14940385,-0.098849655,0.198035415,0.953625978,-0.762454167,2.361968127,0.737746949,-1.714223857,-0.165001404,-1.342548308,1.596,56.77562358,3.255,3.087,0.110859958,3.423,2.863,2.0168,2.863,7.377672897,5.084,-0.392262611,0.747003676,3.0672,0.029788258,-1.778288194,2.867482803,-0.803507269,Hypoxantha_Entre_Ríos,1977.175204,-0.497953603,-1977.962236,1998.218744,-2075.482632,-3034.991021,293.858139,1735.256143,1660.047421,478.2891474,770.7644013,194.859942,-496.7905235,-25.44320576,-264.5556199,125.6170656,522.2045429,609.5296124,154.3193279,100.3597243,-155.9183728,98.06224406,176.7165842,2.94E-12
C_19_100,C_19_100.wav_Hypoxantha_complex_208,H:\Sporophila_vocalizations\M-F consolidated\converted_sound_files\C_19_100.wav,Hypoxantha_final_kjochecked_CecilasImageCorrections.txt,Hypoxantha,Entre_Ríos,No year,complex,208,C_19_100.wav,D:/Sporophila_vocalizations/Entre_Ríos/No year/Hypoxantha,C_19_100.wav_1559,NANANANANA,C_19_100.wav,1,1,76.8975124,77.0020024,76.8266916,77.0913992,0.3605608,0.2647072,0.10449,76.9393084,76.9393084,76.9532404,3496.98,3962.1,3669.24,2643.9,465.1,1619.3,3755.38,-0.530420874,0.717250633,2773.46,-216.64,4788.98,219.58,8.2,106.8,2.997,3.7388,1.7724,4.3508,0.360560748,3.794167496,0.773105013,3.768728541,-0.676347614,0.138956405,1.000592998,1.569491538,1.227095282,0.244578814,0.156326903,1.5924389,1.718087147,0.934682385,-0.742496581,1.790203909,0.668152989,-1.179880305,-0.140383334,-0.257808726,2.2932,50.32077922,4.2042,2.6754,-4.139315108,3.7926,74.774,2.0976,74.774,78.95408411,5.7561,-0.570298135,1.812637331,3.6585,-0.048871387,-2.271903892,5.146406259,-0.13789051,Hypoxantha_Entre_Ríos,158.6027502,-1.058047842,269.870963,5314.390317,-2054.130471,-1923.226118,595.7465156,2297.225399,2893.738939,545.0900537,551.0978347,-36.38860332,323.2053328,1368.646133,-363.6000386,401.613208,697.3151884,274.7177093,342.6167674,157.3117078,-262.6158891,274.8228235,6.59128817,7.85E-12
C_19_100,C_19_100.wav_Hypoxantha_complex_4,H:\Sporophila_vocalizations\M-F consolidated\converted_sound_files\C_19_100.wav,Hypoxantha_final_kjochecked_CecilasImageCorrections.txt,Hypoxantha,Entre_Ríos,No year,complex,4,C_19_100.wav,D:/Sporophila_vocalizations/Entre_Ríos/No year/Hypoxantha,C_19_100.wav_833,NANAvery faintNANANANANANANANANANANA,C_19_100.wav,1,1,57.53074329,57.59874471,57.49798657,57.66301429,0.218891857,0.165027571,0.068001429,57.541524,57.541524,57.56142686,3556.042857,4122.071429,3851.364286,2722.385714,566.0214286,1685.742857,3986.707143,0.222992486,-3.380355833,2971.578571,-135.6428571,4780.378571,116.5785714,6.071428571,103.3142857,2.906071429,3.997571429,2.069357143,4.282785714,0.218891856,3.797179883,0.760835788,3.822634389,-0.520289644,0.091477279,0.743599949,-0.312751534,-0.475740048,0.151505743,0.098742592,0.258457176,0.919276655,0.932795286,1.822401957,2.201387876,0.660222496,-0.321635844,-0.411182108,-0.180327328,2.436,22.59083179,3.549,2.856,-10.42959033,4.137,53.923,1.8487,53.923,60.46165421,6.2605,0.23086172,-0.326492196,4.4118,0.505613087,-0.989427977,1.009815714,0.432669684,Hypoxantha_Entre_Ríos,4296.466366,0.168766448,1864.841506,-703.7569922,-731.00124,-1842.355778,1329.799573,-297.540175,3320.43432,-1661.511467,412.2784184,-111.9499543,-833.4293017,-745.186062,100.7484926,-116.8424716,277.996849,-44.3838632,-159.3772878,309.8110846,84.06163835,-116.0465348,62.51483337,3.94E-12
C_19_100,C_19_100.wav_Hypoxantha_complex_6,H:\Sporophila_vocalizations\M-F consolidated\converted_sound_files\C_19_100.wav,Hypoxantha_final_kjochecked_CecilasImageCorrections.txt,Hypoxantha,Entre_Ríos,No year,complex,6,C_19_100.wav,D:/Sporophila_vocalizations/Entre_Ríos/No year/Hypoxantha,C_19_100.wav_849,NANANANA,C_19_100.wav,1,1,69.37250575,69.474093,69.268016,69.580034,0.47172875,0.312018,0.1015875,69.4058845,69.4058845,69.410238,3639.1,3897.5,3768.3,2342.45,258.4,968.975,3811.35,-0.348131216,0.821563325,2713.2,-170.6,4349.7,159.5,9.25,111.15,2.301,3.19675,1.34075,4.13375,0.471728972,3.65068509,0.020467017,3.706335377,-0.730858018,-0.635315665,-0.24954444,2.969362445,2.436062703,0.317333927,0.203885947,0.948181369,1.024937452,0.913892931,-0.405790952,1.220168294,0.584269882,-1.112991513,-0.22654658,-0.777579776,1.9845,49.24583333,3.3075,3.087,-0.428589105,3.969,68.058,2.2269,68.058,70.84230841,5.2101,-0.659315896,3.491222004,2.9832,-0.377009168,-1.723385854,1.413097677,-1.65934756,Hypoxantha_Entre_Ríos,NA,-0.815172246,-1900.769392,5598.395788,-1715.373253,-779.1287711,467.9400683,-520.3519359,364.4974529,-1321.691371,763.1372825,732.2476837,-75.78948444,-30.4438855,-385.0015757,14.99637572,722.8658739,542.9708283,403.8941217,-186.6909288,142.6018008,78.42949658,81.87697199,-1.08E-11
C_19_101,C_19_101.wav_Hypoxantha_complex_209,H:\Sporophila_vocalizations\M-F consolidated\converted_sound_files\C_19_101.wav,Hypoxantha_final_kjochecked_CecilasImageCorrections.txt,Hypoxantha,Entre_Ríos,No year,complex,209,C_19_101.wav,D:/Sporophila_vocalizations/Entre_Ríos/No year/Hypoxantha,C_19_101.wav_1564,NANANANANANANANANANANANANANANANANANANANANANANANANA,C_19_101.wav,1,1,135.1489484,135.2404348,135.1083135,135.2996458,0.2590908,0.19133248,0.0914868,135.2049084,135.2049084,135.1958525,4389.32,5429.816,4909.572,3485.364,1040.496,2325.584,5026.712,3.61020224,-0.004153985,3707.152,-254.612,6318.692,267.076,6.16,113.068,3.12372,4.30476,2.19224,4.48988,0.259090829,4.926667586,2.106445645,4.934024201,2.931221681,3.692335503,2.939564124,0.332283591,0.071479069,0.181821083,0.117653348,0.101249298,0.236240243,0.934302563,0.037091505,1.920187921,0.657479559,2.7781078,1.96199988,2.219013319,3.18696,26.40108803,4.0278,4.0866,1.571089772,4.9686,38.02,1.561,38.02,52.95056075,9.6685,1.210057098,0.28049222,8.1075,2.478495681,-1.644181126,2.084530569,4.141310945,Hypoxantha_Entre_Ríos,14640.20687,2.651226711,8992.572529,2079.577826,2725.090271,-2527.694652,-967.1073901,453.3128849,-657.3092925,895.5415449,-529.574657,-1898.677705,-900.419848,890.7085261,40.13473122,-540.3879368,255.9024011,111.0725957,6.232995831,13.0727761,-329.7730847,-507.6699691,59.85780597,5.94E-13
C_19_101,C_19_101.wav_Hypoxantha_complex_210,H:\Sporophila_vocalizations\M-F consolidated\converted_sound_files\C_19_101.wav,Hypoxantha_final_kjochecked_CecilasImageCorrections.txt,Hypoxantha,Entre_Ríos,No year,complex,210,C_19_101.wav,D:/Sporophila_vocalizations/Entre_Ríos/No year/Hypoxantha,C_19_101.wav_2791,faintfaintfaintfaintfaint,C_19_101.wav,1,1,145.764415,145.8642608,145.702882,145.9118616,0.302243,0.2089798,0.099846,145.7922788,145.7922788,145.8224648,4547.82,5012.92,4720.06,2407.64,465.14,1378.14,4771.76,2.779844675,0.486664682,4031.02,-163.22,5753.68,154.32,8.6,116.02,3.0072,3.6236,1.8162,4.1882,0.302242991,4.84895514,0.492687558,4.824097848,3.788571007,2.848330454,0.539675087,0.744638855,0.323514756,0.195932111,0.126511705,0.346974933,0.064888209,0.926168635,-0.950643206,1.494175664,0.655988886,2.636747027,3.306146524,1.278905681,2.1168,36.76666667,4.3806,4.9098,1.937653526,4.851,54.822,2.5414,54.822,58.28492523,7.2376,-0.570298135,0.932068318,4.6962,-0.217470771,-1.874441263,3.80084196,0.623003619,Hypoxantha_Entre_Ríos,2944.884546,0.006067894,3971.085168,4247.516872,5077.251318,-1681.388489,-1193.821412,2778.674078,524.8838184,5.368780291,-68.48835988,-711.0149836,-159.3993116,835.4302349,-104.5726619,291.2078289,-175.274437,405.9295477,683.8536658,-354.963206,31.32364809,178.175226,56.95410411,6.57E-12
C_19_105,C_19_105_A.wav_Ruficollis_complex_2,H:\Sporophila_vocalizations\M-F consolidated\converted_sound_files\C_19_105_A.wav,Ruficollis_final_kjochecked_CecilasImageCorrections.txt,Ruficollis,Entre_Ríos,No year,complex,2,C_19_105_A.wav,D:/Sporophila_vocalizations/Entre_Ríos/No year/Ruficollis,C_19_105_A.wav_1042,NANANANANA,C_19_105_A.wav,1,1,424.6778662,424.783517,424.5640886,424.8578208,0.4104674,0.2937326,0.105651,424.7138572,424.7138572,424.725467,3290.28,3652.02,3496.98,2193.54,361.76,1119.74,3376.4,-1.764727372,0.651368933,2790.68,-145.4,4513.36,94.94,5.6,121.56,2.072,2.9656,1.4052,3.2452,0.41046729,3.590833907,-0.313641522,3.563898625,-1.069996671,-0.725948594,-0.019423805,2.884799424,2.016371451,0.288748938,0.184047736,2.50545941,2.745165699,0.84484763,-0.570468578,-0.902782568,0.404525336,-1.093719465,0.031943159,-0.890573483,1.8228,39.13484848,4.4394,3.0282,-2.613154649,3.675,8.947,2.1147,8.947,11.78714953,6.0215,-0.570298135,2.566201194,3.9068,-0.363881284,-0.793729121,0.120840605,-0.708340301,Ruficollis_Entre_Ríos,3764.546343,0.063361199,-1541.16606,4304.477293,-3216.906989,1953.523396,-109.7676829,-469.0483915,128.9311425,-1823.574673,1392.49069,-891.5014909,841.7080037,447.6292928,-22.75280608,-217.1290789,-175.0072476,332.083546,310.8025388,13.5254873,-37.21350492,8.530601435,512.3166748,1.19E-12
C_19_108,C_19_108.wav_Ruficollis_complex_17,H:\Sporophila_vocalizations\M-F consolidated\converted_sound_files\C_19_108.wav,Ruficollis_final_kjochecked_CecilasImageCorrections.txt,Ruficollis,Entre_Ríos,No year,complex,17,C_19_108.wav,D:/Sporophila_vocalizations/Entre_Ríos/No year/Ruficollis,C_19_108.wav_1114,NANANANA,C_19_108.wav,1,1,847.020397,847.1103743,846.9725058,847.1771315,0.29639,0.204626,0.0899775,847.0436168,847.0436168,847.0523245,3875.975,4198.975,4112.85,1490,322.975,818.275,4177.425,0.844144764,0.59509498,3445.3,-59.325,4608.125,55.625,3.5,130.3,1.65725,2.7895,1.27925,2.42325,0.296390085,4.025589543,-1.36170895,4.085238702,0.892392611,0.132770095,-0.784638286,0.852627954,1.293567483,0.206908325,0.117271068,0.111599541,-0.19236368,0.863794646,-0.898607278,-0.387469579,0.405488061,0.808543713,2.142942697,-0.777579776,1.176,14.05,3.7485,3.7485,-0.06214446,4.1895,21.361,2.96,21.361,23.16977526,6.36,-0.659315896,0.84369237,3.4,-0.606350662,0.102162737,0.25724076,-0.613283737,Ruficollis_Entre_Ríos,NA,-0.556271757,-1345.450322,1946.078177,2158.018964,228.6239284,-1155.468077,626.7800939,-1029.19213,-1251.552792,295.0151493,-424.3466678,64.36805449,660.1833265,-154.7265459,-382.6375507,-198.946713,9.713823519,-451.8463925,-154.4422916,-182.2914367,50.80855014,-208.8472923,-8.08E-12
C_19_109,C_19_109.wav_Ruficollis_complex_24,H:\Sporophila_vocalizations\M-F consolidated\converted_sound_files\C_19_109.wav,Ruficollis_final_kjochecked_CecilasImageCorrections.txt,Ruficollis,Entre_Ríos,No year,complex,24,C_19_109.wav,D:/Sporophila_vocalizations/Entre_Ríos/No year/Ruficollis,C_19_109.wav_1136,NANANANA,C_19_109.wav,1,1,1058.815408,1058.928605,1058.771871,1058.999717,0.337032,0.227846,0.11319725,1058.834274,1058.834274,1058.869104,3294.575,3703.7,3445.275,1720,409.15,775.2,3380.7,-1.750722628,0.759799231,3122.3,-74.175,4026.7,59.35,3,122.325,1.757,2.93125,1.41975,2.4595,0.337032204,3.466331948,-1.254924747,3.473194224,-1.084891443,-1.306264149,-0.985769504,1.111747397,0.888644305,0.213566309,0.132368049,-0.525191707,-0.484147418,0.833565582,-0.798512214,-1.284862642,0.315986359,-0.866466239,-0.22654658,-1.568535721,1.47,26.95833333,4.116,3.7485,-1.116674955,3.528,132.52,1.84,132.52,134.8769024,5.68,-0.659315896,1.457368072,3.84,-0.477489545,-0.929309329,1.882649292,-0.803507269,Ruficollis_Entre_Ríos,NA,-0.200118297,-3602.969419,2102.330187,-1471.365447,-703.6691317,-1232.40685,246.6851327,517.7842778,120.9538575,-974.2505619,-370.136731,1116.438348,438.5292425,488.0601022,-379.3011302,-17.09828245,256.3716554,250.1959161,-117.9417464,227.0718368,14.95137777,119.6651504,-1.37E-11
C_19_109,C_19_109.wav_Ruficollis_complex_27,H:\Sporophila_vocalizations\M-F consolidated\converted_sound_files\C_19_109.wav,Ruficollis_final_kjochecked_CecilasImageCorrections.txt,Ruficollis,Entre_Ríos,No year,complex,27,C_19_109.wav,D:/Sporophila_vocalizations/Entre_Ríos/No year/Ruficollis,C_19_109.wav_1164,NANANANA,C_19_109.wav,1,1,1144.132778,1144.254683,1144.086338,1144.322891,0.33604075,0.2365535,0.12190475,1144.219853,1144.219853,1144.190828,3402.225,3832.9,3639.1,1590,430.675,818.25,3596.025,-1.049426922,0.704897814,3079.225,-63.025,4112.825,55.625,4,131.075,1.68175,3.01675,1.3005,2.32875,0.336040933,3.570689098,-1.323945987,3.602411016,-0.75298675,-1.030375561,-0.893837806,1.113379421,0.977646532,0.220588552,0.137535397,-0.973479338,-0.650482314,0.872086649,-0.8181347,-0.120633424,0.364944959,-0.549350539,0.419677768,-1.568535721,1.2495,22.97727273,3.6015,3.0135,-1.008805674,3.822,217.813,2.32,217.813,220.1718675,5.96,-0.659315896,1.442400371,3.64,-0.477027566,-0.925871192,1.907649247,-0.613283737,Ruficollis_Entre_Ríos,NA,-0.233933382,-3125.478672,2219.155694,-548.157732,-1664.678909,-996.7996967,455.4866024,157.7496162,-217.2889445,-686.4746243,-401.6259781,579.74445,465.725892,393.1216395,-313.0788869,109.4362145,307.5965316,110.9640514,97.61393667,171.6384283,43.77215389,30.03931392,2.50E-11
C_19_109,C_19_109.wav_Ruficollis_complex_29,H:\Sporophila_vocalizations\M-F consolidated\converted_sound_files\C_19_109.wav,Ruficollis_final_kjochecked_CecilasImageCorrections.txt,Ruficollis,Entre_Ríos,No year,complex,29,C_19_109.wav,D:/Sporophila_vocalizations/Entre_Ríos/No year/Ruficollis,C_19_109.wav_1171,NANANANANA,C_19_109.wav,1,1,1158.395925,1158.582846,1158.330909,1158.643217,0.4262266,0.3123086,0.1869206,1158.49461,1158.49461,1158.524796,3204.14,3738.14,3393.6,2148.88,534.04,1068.06,3341.94,-1.87696074,0.689799924,3066.32,-62.3,4358.32,71.2,3.4,129.46,1.7908,3.1558,1.3368,2.838,0.426226744,3.504938866,-0.632057713,3.515688492,-1.271834323,-1.05276521,-0.34478773,2.516653491,1.760975503,0.303077573,0.203699074,-0.55885559,-0.431220414,0.862372825,-0.541827277,-0.364098555,0.371204419,-0.813406771,-0.657362812,-1.161758378,1.8816,24.68564103,3.8514,3.2046,-1.153483147,3.381,231.728,1.6,231.728,235.0724883,5.72,-0.570298135,2.804161083,4.12,-0.245314521,-1.377600125,1.466314511,-0.613283737,Ruficollis_Entre_Ríos,4443.882803,0.333982591,-2797.351992,3684.097942,-2124.268703,-1360.70497,-456.3978028,-1204.800073,30.499593,-282.8701058,-804.0460478,-386.735295,1080.217395,145.2064465,708.0737592,-352.4193949,153.5245306,534.071848,517.0597253,-109.9376736,195.498063,-10.69263821,301.6998714,-2.39E-12
C_19_109,C_19_109.wav_Ruficollis_complex_712,H:\Sporophila_vocalizations\M-F consolidated\converted_sound_files\C_19_109.wav,Ruficollis_final_kjochecked_CecilasImageCorrections.txt,Ruficollis,Entre_Ríos,No year,complex,712,C_19_109.wav,D:/Sporophila_vocalizations/Entre_Ríos/No year/Ruficollis,C_19_109.wav_3012,noicenoicenoicenoicenoicenoicenoicenoicenoicenoicenoicenoicenoice,C_19_109.wav,1,1,1122.68167,1122.774103,1122.637016,1122.813845,0.245219231,0.176829077,0.092433385,1122.726324,1122.726324,1122.735255,3518.184615,4054.869231,3723.584615,3935.384615,536.6692308,1888.3,3796.461538,-0.396621703,0.861683591,3140.530769,-188.3307692,5505.876923,264.8076923,4.538461538,122.9846154,2.580230769,3.839538462,1.662384615,4.581769231,0.245219267,4.022713823,1.619562904,3.868458018,-0.12264242,0.760769739,1.427678057,0.227925166,0.091932262,0.176181257,0.111587258,0.377970908,0.110669715,0.896747025,1.105854868,0.964912895,0.485550207,0.617386522,-0.591083392,0.917325821,3.211384615,16.70761717,4.285615385,3.991615385,-2.611409089,3.810692308,194.471,1.16,194.471,199.3193271,8.64,0.141843959,0.071038561,7.48,0.108228189,-0.270584609,-0.620033356,1.00334028,Ruficollis_Entre_Ríos,6497.603322,1.088426684,2569.160592,189.5227928,-998.3622741,-352.8916812,1557.070981,-355.4256238,-1050.371762,334.5817743,-98.44740596,-114.0182009,750.9975794,-595.9322528,325.244796,319.9565979,-13.83301573,213.8059607,133.8532621,-175.1406538,-52.88608053,33.3663757,-100.5480106,1.37E-11
C_19_110,C_19_110_A.wav_Palustris_complex_327,H:\Sporophila_vocalizations\M-F consolidated\converted_sound_files\C_19_110_A.wav,Palustris_final_kjochecked_CecilasImageCorrections.txt,Palustris,Entre_Ríos,No year,complex,327,C_19_110_A.wav,D:/Sporophila_vocalizations/Entre_Ríos/No year/Palustris,C_19_110_A.wav_3487,NANANANANANANA,C_19_110_A.wav,1,1,4166.234547,4166.271035,4166.208839,4166.308353,0.176163,0.099514286,0.036488571,4166.248644,4166.248644,4166.251132,3236.114286,3494.514286,3383.785714,1550.442857,258.4142857,627.5428571,3396.071429,-1.700659157,0.421567288,2817.757143,-67.8,3777.514286,78.41428571,2.285714286,117.7428571,1.753285714,2.919857143,1.301571429,3.110857143,0.176163051,3.328982142,-1.520679827,3.321517203,-1.494755469,-1.826480422,-1.403454955,-0.950468115,-0.756562666,0.105660705,0.058750173,-1.713369377,-1.32986895,0.868553808,-0.25846644,-0.142496658,0.397235947,-1.482080866,-0.288091756,-1.923658799,1.26,20.43707483,3.465,3.297,-0.662281963,3.507,35.429,1.8957,35.429,37.31872559,5.3555,-0.392262611,-0.971675809,3.4598,-0.587319764,1.461529583,-0.986072134,-0.32800364,Palustris_Entre_Ríos,455.8108525,-0.641055694,-4340.022372,-2898.605088,-979.8779608,-866.2142452,74.31289176,165.2376745,-891.1775271,33.47388134,-355.9210645,-63.34230876,-22.57373607,340.3616785,94.75085645,118.8081376,-135.6305415,-311.8042549,-154.0791812,186.7564084,108.6048723,-82.6385027,10.52328709,6.99E-12
C_19_110,C_19_110_B.wav_Palustris_complex_331,H:\Sporophila_vocalizations\M-F consolidated\converted_sound_files\C_19_110_B.wav,Palustris_final_kjochecked_CecilasImageCorrections.txt,Palustris,Entre_Ríos,No year,complex,331,C_19_110_B.wav,D:/Sporophila_vocalizations/Entre_Ríos/No year/Palustris,C_19_110_B.wav_3501,NANANANANANANANANANANANANA,C_19_110_B.wav,1,1,4326.0825,4326.132959,4326.060174,4326.165556,0.183461462,0.105383,0.050458846,4326.104381,4326.104381,4326.103934,3591.069231,4127.738462,3856.084615,2723.315385,536.6769231,1166.107692,3822.953846,-0.31033845,-0.523521389,3180.284615,-114.1307692,4604.776923,132.4,2.846153846,122.9923077,2.315846154,3.575846154,1.592538462,3.852153846,0.183461421,3.819711783,-0.049213642,3.833055783,-0.200692888,-0.115651532,0.031106277,-1.020066451,-0.99490022,0.110570106,0.068626762,-0.400012976,-0.285675031,0.875224766,1.463597697,0.374717475,0.446373053,0.104907407,-0.325965711,-0.508133245,2.193692308,21.5740676,4.059461538,3.494076923,-8.262384297,3.991615385,2.838,1.5166,2.838,6.503092203,7.9147,0.141843959,-0.861474062,6.3981,-0.169942632,0.97049963,-1.020930628,1.573900474,Palustris_Entre_Ríos,7854.438087,1.032381701,784.5828443,-2734.51252,-558.0992732,-373.2212513,694.2882977,-10.5967595,-538.9168464,-853.4288615,-890.662981,-781.6358391,-131.7970205,-105.6567625,426.3198968,20.64347524,59.27906054,-15.81046196,80.27635943,-2.678679451,8.095524048,48.51166573,-57.30926082,-8.42E-13
C_19_110,C_19_110_B.wav_Palustris_complex_332,H:\Sporophila_vocalizations\M-F consolidated\converted_sound_files\C_19_110_B.wav,Palustris_final_kjochecked_CecilasImageCorrections.txt,Palustris,Entre_Ríos,No year,complex,332,C_19_110_B.wav,D:/Sporophila_vocalizations/Entre_Ríos/No year/Palustris,C_19_110_B.wav_3514,NANANANANANANANANANANANANA,C_19_110_B.wav,1,1,4336.56631,4336.615429,4336.54175,4336.648473,0.185291462,0.106722615,0.049119231,4336.588637,4336.588637,4336.588637,3663.938462,4180.753846,3902.469231,2595.7,516.8,1232.376923,4021.730769,0.337061539,0.998937134,3226.676923,-144.9461538,4790.307692,167.7769231,3.538461538,122.9769231,2.286384615,3.526769231,1.569230769,3.671230769,0.185291461,3.937607007,0.099977789,3.897016616,0.0099541,0.398257739,0.663484722,-0.90547356,-0.846621295,0.115204428,0.070170806,-1.046456352,-0.892932979,0.881353303,1.784867138,0.607210523,0.455419928,0.592841876,0.601946174,-0.29952948,2.012769231,19.48772894,4.104692308,3.765461538,-0.742212222,3.991615385,13.304,1.7062,13.304,16.98112712,8.1991,0.141843959,-0.833841384,6.4929,-0.167113302,0.948351506,-1.03332021,1.478733507,Palustris_Entre_Ríos,7896.76745,0.972199467,1335.562708,-2314.65273,380.8065084,-1038.355565,827.0700575,508.2191464,-2026.701128,-476.8935228,-969.7256501,-361.5822986,573.2543905,-83.26375395,-6.290730245,-404.0144719,338.4538114,-50.37542531,-65.61329174,42.64981273,-66.89034791,34.82695047,-95.19443959,8.26E-12
C_19_111,C_19_111.wav_Hypoxantha_complex_15,H:\Sporophila_vocalizations\M-F consolidated\converted_sound_files\C_19_111.wav,Hypoxantha_final_kjochecked_CecilasImageCorrections.txt,Hypoxantha,Entre_Ríos,No year,complex,15,C_19_111.wav,D:/Sporophila_vocalizations/Entre_Ríos/No year/Hypoxantha,C_19_111.wav_870,NANANANANANANANA,C_19_111.wav,1,1,383.8715531,383.9608049,383.8280158,384.016678,0.285486,0.18866225,0.089251875,383.8976756,383.8976756,383.9136394,3369.9375,3606.8,3499.125,1664.8875,236.8625,818.2625,3456.0625,-1.505273202,0.982836237,2906.9875,-77.9,3919.025,92.7375,8.625,128.9625,2.240125,3.036375,1.417,3.414,0.285486102,3.419625909,-0.936366692,3.482105441,-1.363160855,-1.360183263,-0.762309392,0.525082009,0.388280373,0.185022033,0.114251848,0.123952023,0.020453811,0.89957467,-0.171863368,0.824172149,0.505090092,-0.922076967,-0.22654658,-1.851019987,1.28625,38.55625,3.6015,3.528,-0.191426596,3.822,27.982,1.5546,27.982,31.20525424,4.5798,-0.30324485,0.67904767,3.0252,-0.273815861,-0.393382803,-0.672873142,-0.993730801,Hypoxantha_Entre_Ríos,1785.93396,-0.399089504,-2955.821442,540.5644791,-1990.585629,-716.5542571,123.0643093,330.5795999,-832.7518783,-899.0901098,744.5193661,316.0845524,-37.42297914,-574.9282551,278.7736277,31.52418957,-85.74126451,-112.762174,-26.18115889,-157.0467185,-118.8239923,-8.760952078,-59.11904862,4.60E-12
C_19_111,C_19_111.wav_Hypoxantha_complex_216,H:\Sporophila_vocalizations\M-F consolidated\converted_sound_files\C_19_111.wav,Hypoxantha_final_kjochecked_CecilasImageCorrections.txt,Hypoxantha,Entre_Ríos,No year,complex,216,C_19_111.wav,D:/Sporophila_vocalizations/Entre_Ríos/No year/Hypoxantha,C_19_111.wav_1599,NANANANANANANANA,C_19_111.wav,1,1,395.4800794,395.5649774,395.4205783,395.6143198,0.285146625,0.193741625,0.084898125,395.5337756,395.5337756,395.52144,3434.5375,3671.4,3542.2,2021.0125,236.8625,775.2,3574.4875,-1.119572777,1.422047572,2896.2125,-61.2,3908.2625,94.5875,7.75,131.6,2.176625,2.9895,1.465125,3.546,0.285146652,3.406052249,-0.612808501,3.465984657,-1.584281404,-1.240250965,-0.308956229,1.209191906,1.032561559,0.206529568,0.122331931,1.261862845,2.366845866,0.899238528,0.030051207,0.849700647,0.496211936,-1.059347502,-0.76506687,-1.851019987,1.47,33.50327381,3.234,3.41775,2.084312603,3.71175,39.622,1.1707,39.622,42.7732243,4.6961,-0.30324485,0.673922144,3.5254,-0.290749631,-0.342850566,-0.798106029,-0.898674236,Hypoxantha_Entre_Ríos,1420.460332,-0.437812426,-2008.103095,1678.044375,-3326.666518,721.5704079,633.9343895,798.363053,-800.6151918,-1591.200722,1346.171499,472.0975017,-380.7531771,-289.6690546,46.29610866,36.25167458,-2.337509452,-68.74843452,-455.0541777,769.696743,19.40202453,-76.93120859,181.1810418,4.73E-14
C_19_111,C_19_111.wav_Hypoxantha_complex_217,H:\Sporophila_vocalizations\M-F consolidated\converted_sound_files\C_19_111.wav,Hypoxantha_final_kjochecked_CecilasImageCorrections.txt,Hypoxantha,Entre_Ríos,No year,complex,217,C_19_111.wav,D:/Sporophila_vocalizations/Entre_Ríos/No year/Hypoxantha,C_19_111.wav_1607,NANANANANA,C_19_111.wav,1,1,402.286864,402.4041248,402.240424,402.4842338,0.367456,0.2438096,0.117261,402.289186,402.289186,402.3425918,3514.2,3875.94,3669.26,1945.38,361.76,947.48,3927.64,0.03061569,0.673329499,2962.96,-115.72,4220.5,142.44,8.2,132.84,2.2178,3.2,1.5318,3.3508,0.367456075,3.604124733,-0.826645877,3.636097061,-0.681874233,-0.894670531,-0.744371444,1.216357485,1.008176803,0.231920822,0.148231386,0.725943468,0.857738114,0.880066527,-0.707630905,0.135986866,0.438948097,-0.581570939,-0.485036319,-1.523338239,1.5876,48.23166667,3.675,3.5574,-0.619107334,4.0278,46.967,1.6098,46.967,49.61891589,4.7514,-0.570298135,1.916753325,3.1416,-0.408133788,-0.986596428,0.205647561,-0.993620398,Hypoxantha_Entre_Ríos,509.8857474,-0.906843058,-2301.57017,2723.663347,-1271.633968,317.9775405,-231.6568658,325.9982589,-72.67416151,-958.7339273,327.2294466,393.5461607,-865.8615526,-226.1718165,190.5357817,-464.6753455,498.3076289,-90.43077654,30.03582138,-136.2316964,94.31805573,-44.63187325,10.70635326,-3.30E-13
C_19_111,C_19_111.wav_Hypoxantha_complex_218,H:\Sporophila_vocalizations\M-F consolidated\converted_sound_files\C_19_111.wav,Hypoxantha_final_kjochecked_CecilasImageCorrections.txt,Hypoxantha,Entre_Ríos,No year,complex,218,C_19_111.wav,D:/Sporophila_vocalizations/Entre_Ríos/No year/Hypoxantha,C_19_111.wav_1612,noicenoicenoicenoicenoicenoicenoicenoicenoicenoice,C_19_111.wav,1,1,412.042728,412.1419932,411.9974491,412.2041065,0.2766044,0.2066576,0.0992655,412.0659478,412.0659478,412.0903289,3161.07,3540.04,3359.15,2035.68,378.99,1136.96,3367.78,-1.792801999,1.134501401,2592.59,-132.05,3832.9,157.28,8.3,126.99,2.4817,3.3688,1.635,3.59,0.276604437,3.187100302,-0.273940579,3.264099307,-2.614300151,-1.669763564,0.128627142,0.471348433,0.218482032,0.189967217,0.122735796,0.126275878,0.189089191,0.914613293,0.154046642,1.344271491,0.576123196,-1.805507716,-1.949811509,-2.020510547,1.764,47.87853175,3.1752,3.0282,1.478898626,3.6162,55.886,0.9268,55.886,59.75718692,4.9756,-0.125209326,0.544938965,4.0488,-0.121491107,-0.027004362,-0.817069141,-0.232947075,Hypoxantha_Entre_Ríos,2556.274935,-0.239401273,-2664.679388,-51.21448659,-4077.893383,-1006.974737,1456.960905,-119.4567791,-762.719034,-215.1485455,377.4675405,505.8313426,-486.9534185,-311.8603912,362.0915056,-131.3292333,255.5739248,-142.1825089,-213.3560791,67.85826062,-300.5707772,28.39723563,2.691287829,-6.30E-12
C_19_111,C_19_111.wav_Hypoxantha_complex_219,H:\Sporophila_vocalizations\M-F consolidated\converted_sound_files\C_19_111.wav,Hypoxantha_final_kjochecked_CecilasImageCorrections.txt,Hypoxantha,Entre_Ríos,No year,complex,219,C_19_111.wav,D:/Sporophila_vocalizations/Entre_Ríos/No year/Hypoxantha,C_19_111.wav_1622,NANANANA,C_19_111.wav,1,1,423.2518708,423.3447505,423.2170408,423.4202155,0.31764925,0.20317475,0.09288,423.2794445,423.2794445,423.2896033,3682.2,3962.075,3811.35,1276.95,279.95,581.4,3811.375,-0.348049793,0.855876711,3337.625,-66.75,4134.375,66.75,2,133.65,1.62525,2.816,1.162,2.813,0.317649251,3.757519674,-1.735412197,3.768189711,0.3734688,-0.761680341,-1.712986214,0.930089743,1.053712368,0.206518427,0.121879986,0.032590881,-0.068571445,0.864563226,-0.76929419,-0.345520029,0.397291099,0.050855038,1.065902117,-1.455542015,1.1025,31.4375,4.1895,3.6015,-2.18333642,3.969,68.369,2.3415,68.369,70.44114953,4.878,-0.659315896,1.164695157,2.5365,-0.544433084,-0.712284196,1.009062786,-1.564180592,Hypoxantha_Entre_Ríos,NA,-0.77761809,-3030.410679,2282.031924,625.1257627,-191.1526216,-1610.033476,1003.533406,-222.324499,-1193.256521,20.97938382,311.5049785,217.0090298,80.31352445,106.6949465,109.8498167,-145.4671664,106.4415668,83.61268533,-117.1133651,70.82309217,10.65636895,-98.61925994,1.28E-11
C_19_111,C_19_111.wav_Hypoxantha_complex_220,H:\Sporophila_vocalizations\M-F consolidated\converted_sound_files\C_19_111.wav,Hypoxantha_final_kjochecked_CecilasImageCorrections.txt,Hypoxantha,Entre_Ríos,No year,complex,220,C_19_111.wav,D:/Sporophila_vocalizations/Entre_Ríos/No year/Hypoxantha,C_19_111.wav_1626,NANANANANANANANANANANANANA,C_19_111.wav,1,1,443.061283,443.1358545,443.0233273,443.1814014,0.229056615,0.158074462,0.074571923,443.1050435,443.1050435,443.1023645,3776.592308,4121.115385,3902.461538,2401.2,344.5384615,947.4692308,3948.838462,0.099657325,0.352789688,3306.169231,-105.0153846,4604.8,144.9538462,7.461538462,123.7769231,2.263384615,3.246230769,1.561846154,3.679,0.229056671,3.919789422,-0.179451103,3.919320525,0.499075955,0.17531465,-0.267589661,-0.050803014,-0.17386319,0.152556063,0.093501501,1.272132936,1.517417964,0.876253499,0.080789628,0.150134069,0.444538316,0.597481909,0.137990232,-0.577667834,1.990153846,25.16025641,4.489153846,3.969,-3.836671912,4.104692308,86.198,1.4634,86.198,91.14852336,8.8398,0.141843959,-0.173008566,7.3764,0.132253865,-0.350810621,-0.290880215,1.859180571,Hypoxantha_Entre_Ríos,3197.644395,1.024541041,1559.33321,96.72625202,-971.6308599,728.6923143,-592.7902737,1083.544725,-587.5082493,-1013.892656,-73.19677864,-1462.584792,-720.2494643,12.11375652,562.2366701,350.764382,-121.4210372,-169.1217907,-75.84440335,98.88212385,-11.96606251,15.68933929,124.7993346,1.45E-12
C_19_111,C_19_111.wav_Hypoxantha_complex_221,H:\Sporophila_vocalizations\M-F consolidated\converted_sound_files\C_19_111.wav,Hypoxantha_final_kjochecked_CecilasImageCorrections.txt,Hypoxantha,Entre_Ríos,No year,complex,221,C_19_111.wav,D:/Sporophila_vocalizations/Entre_Ríos/No year/Hypoxantha,C_19_111.wav_1639,NANAfaintNAfaint,C_19_111.wav,1,1,452.1284966,452.2376306,452.0797346,452.313095,0.3515886,0.2333606,0.109134,452.1331406,452.1331406,452.1830636,3479.76,3789.82,3634.8,1756.08,310.08,826.88,3617.54,-0.979354347,0.601957657,2997.4,-124.62,4254.94,139.46,7.8,129.9,2.0376,3.11,1.446,3.2154,0.351588785,3.630818134,-0.995238962,3.645078424,-0.608911785,-0.868318401,-0.782268506,1.178771972,1.005814933,0.222207242,0.138567031,0.492402858,0.55112796,0.885330708,-0.783426431,0.28341645,0.456983858,-0.464324009,0.031943159,-1.342548308,1.5288,48.30666667,3.7926,3.675,-0.570121909,4.0278,96.873,1.8049,96.873,99.33470093,4.7317,-0.570298135,1.677165167,2.9268,-0.452852085,-0.729528202,-0.144927251,-0.898563834,Hypoxantha_Entre_Ríos,430.8446421,-0.830117697,-2589.95565,2252.20819,-1080.304282,44.35121514,-192.7534535,79.4188447,-363.3318789,-1017.352408,714.6332213,-42.53298331,-236.5048889,-199.7088345,414.105287,-48.11919243,67.78039405,-272.8996002,260.9213162,-103.5532668,-8.051885213,-11.68851029,-45.82636262,1.08E-11
C_19_112,C_19_112.wav_Hypoxantha_complex_16,H:\Sporophila_vocalizations\M-F consolidated\converted_sound_files\C_19_112.wav,Hypoxantha_final_kjochecked_CecilasImageCorrections.txt,Hypoxantha,Entre_Ríos,No year,complex,16,C_19_112.wav,D:/Sporophila_vocalizations/Entre_Ríos/No year/Hypoxantha,C_19_112.wav_878,NANANANANA,C_19_112.wav,1,1,533.4935394,533.5399794,533.4679976,533.5840974,0.187152,0.1161,0.04644,533.5028274,533.5028274,533.5132764,3600.32,3893.18,3720.94,2117.64,292.86,964.68,3755.4,-0.530355736,-0.034898779,3410.84,-29.66,4134.36,8.9,0.8,128.48,2.3874,3.4974,1.9696,3.3618,0.187152,3.72671139,-0.831293254,3.728414434,-0.139151973,-0.590013411,-0.842201346,-0.591481222,-0.311601452,0.123749404,0.067565443,-0.67864401,-0.734828263,0.882598177,3.106409374,0.873169524,0.432231139,-0.552767009,0.548922638,-0.980968448,1.5876,9.994047619,4.0866,3.5574,-0.794833094,3.6162,26.595,2.2689,26.595,28.31547627,5.3361,-0.570298135,-0.805748163,3.0672,-0.627109178,0.102777508,0.111049118,-1.469124028,Hypoxantha_Entre_Ríos,78.08091814,-0.90036324,-1616.953155,-1487.734319,319.637355,-1219.425113,844.654894,1091.53261,416.7189627,-2157.253053,-721.4104336,1569.860964,1277.19911,-995.0284712,-870.2065551,300.652811,322.6010227,-283.3226848,94.1340138,52.08858424,-95.58716526,-106.7118817,-138.3340639,-6.27E-13
C_19_112,C_19_112.wav_Hypoxantha_complex_20,H:\Sporophila_vocalizations\M-F consolidated\converted_sound_files\C_19_112.wav,Hypoxantha_final_kjochecked_CecilasImageCorrections.txt,Hypoxantha,Entre_Ríos,No year,complex,20,C_19_112.wav,D:/Sporophila_vocalizations/Entre_Ríos/No year/Hypoxantha,C_19_112.wav_896,NANANANANA,C_19_112.wav,1,1,686.7289864,686.848569,686.6825466,686.951898,0.3790622,0.2693512,0.119583,686.7522062,686.7522062,686.7800702,3445.28,3772.62,3583.12,2033.62,327.3,1033.58,3720.92,-0.642654243,0.563526666,2980.2,-59.34,4168.82,8.9,1.4,128.58,1.6888,3.5166,1.3536,2.8898,0.379062103,3.553917208,-0.908419189,3.557119114,-0.755804295,-1.025668324,-0.882675044,1.430415638,1.286436685,0.23976184,0.150273196,-0.606477064,-0.581243139,0.897675304,-0.710334163,0.670544596,0.4135909,-0.721081385,0.031943159,-0.980968448,1.764,18.30666667,3.381,3.4986,0.502507406,3.7338,179.631,1.8487,179.631,182.3390197,4.958,-0.570298135,2.091998549,3.1093,-0.394944156,-0.974645185,0.199556795,-1.374067463,Hypoxantha_Entre_Ríos,135.573552,-1.278189029,-3205.868837,2592.672369,-375.3280696,-1104.62494,-31.74834235,-610.206141,-315.5797668,-531.4207932,352.0365373,535.605855,-152.4280891,-377.7352099,54.53564858,-36.60431371,566.2008283,-237.4762184,262.7822528,-134.8105686,69.36390367,-15.97923861,-72.63460938,9.96E-12
C_19_112,C_19_112.wav_Hypoxantha_complex_22,H:\Sporophila_vocalizations\M-F consolidated\converted_sound_files\C_19_112.wav,Hypoxantha_final_kjochecked_CecilasImageCorrections.txt,Hypoxantha,Entre_Ríos,No year,complex,22,C_19_112.wav,D:/Sporophila_vocalizations/Entre_Ríos/No year/Hypoxantha,C_19_112.wav_901,NANANANA,C_19_112.wav,1,1,702.2468823,702.394909,702.2018938,702.4834353,0.39155225,0.28154175,0.1480275,702.3237985,702.3237985,702.3179933,3402.2,3725.225,3596.025,2027.325,323,839.825,3639.125,-0.909053789,0.711760491,3014.625,-51.9,3983.625,11.125,2,130.65,1.58675,3.3495,1.28075,2.77025,0.391552119,3.509244805,-0.940800736,3.527409096,-0.942704793,-1.105531935,-0.806538911,1.903547122,1.770911436,0.260946927,0.161361353,-0.926776511,-0.528255328,0.900452058,-0.667210948,0.763307554,0.379212514,-0.913952343,-0.22654658,-1.455542015,1.5435,12.90530303,4.116,3.3075,-1.973929875,3.7485,195.467,1.5966,195.467,197.5210197,4.916,-0.659315896,2.280591568,3.3194,-0.548695298,-0.593891405,-0.313583897,-2.134740786,Hypoxantha_Entre_Ríos,NA,-1.266609484,-3918.136787,2812.142357,-667.2580002,-1078.209009,338.7933105,-1109.185782,-774.857186,-901.4169767,512.0789504,1120.918253,-71.47107699,-318.8041408,69.13981764,-237.257198,144.8194841,-56.13839553,182.9462441,61.86070973,274.9154708,-92.74766212,-40.01162076,-7.72E-12
C_19_113,C_19_113_A.wav_Hypoxantha_complex_23,H:\Sporophila_vocalizations\M-F consolidated\converted_sound_files\C_19_113_A.wav,Hypoxantha_final_kjochecked_CecilasImageCorrections.txt,Hypoxantha,Entre_Ríos,No year,complex,23,C_19_113_A.wav,D:/Sporophila_vocalizations/Entre_Ríos/No year/Hypoxantha,C_19_113_A.wav_905,NANANANANA,C_19_113_A.wav,1,1,816.5993538,816.7259026,816.542465,816.8048502,0.3679598,0.2623854,0.126549,816.6214126,816.6214126,816.6562428,3531.44,3996.54,3720.94,2582.92,465.12,1205.86,3789.82,-0.418252644,0.536075957,3152.46,-109.78,4461.68,106.82,4,142.16,1.7684,3.4934,1.4238,2.5842,0.367959865,3.817319372,-0.214574686,3.732067278,-0.230616055,0.058270979,0.359626281,1.363192597,0.922786753,0.238736015,0.156826192,1.855919713,2.711850605,0.871627031,-0.73248999,-0.124253688,0.310171513,-0.2292824,-0.312709827,-0.438598657,2.2344,18.21179487,3.7338,3.4986,-0.430843676,3.7926,90.265,1.5966,90.265,92.77426407,6.4439,-0.570298135,1.924360309,4.8473,-0.441670302,-0.727968084,-0.253352285,-0.328114042,Hypoxantha_Entre_Ríos,1003.652148,-0.724364507,-348.9114361,3118.827296,-1605.094302,1905.53449,463.0403572,388.5273229,57.1148291,-1047.193447,1328.98831,-366.4503635,-444.1503427,94.27039619,312.0103402,-370.812155,148.0049872,-328.937467,596.82277,423.6758117,51.54664692,-69.66246077,105.2139964,2.70E-12
C_19_113,C_19_113_A.wav_Hypoxantha_complex_24,H:\Sporophila_vocalizations\M-F consolidated\converted_sound_files\C_19_113_A.wav,Hypoxantha_final_kjochecked_CecilasImageCorrections.txt,Hypoxantha,Entre_Ríos,No year,complex,24,C_19_113_A.wav,D:/Sporophila_vocalizations/Entre_Ríos/No year/Hypoxantha,C_19_113_A.wav_910,NANANANANANANANANANA,C_19_113_A.wav,1,1,828.7851859,828.8687778,828.739907,828.9094127,0.233147,0.1695058,0.083592,828.8060839,828.8060839,828.8240794,3565.89,4022.38,3763.99,4445.39,456.5,1343.69,3884.58,-0.109627166,-0.375287564,3316.11,-71.21,4427.24,63.81,4.1,140.23,2.3903,3.7299,1.7257,3.6199,0.233146983,3.946392389,1.051997122,3.850052036,-0.001867331,0.23828606,0.405827417,0.090969694,-0.018121862,0.16274808,0.100447717,1.077696146,1.128298215,0.86034364,0.997299967,-0.16661797,0.310474147,0.098353667,0.548922638,0.646140925,2.646,9.737735598,4.116,3.4398,-4.55423252,3.8514,101.561,1.204,101.561,105.2139525,9.8319,-0.125209326,-0.111246887,8.6279,-0.172796587,-0.14228539,-0.513059053,0.432780086,Hypoxantha_Entre_Ríos,3765.342387,0.032131138,1405.639307,39.31575894,-331.877471,1029.527001,807.4858305,86.55422921,368.4730978,-732.4864451,612.9380114,-545.4129766,661.4561984,-377.7190591,-407.9446906,188.6127269,256.8526046,-138.0752344,-122.4127419,-227.9530659,293.416637,-58.16328154,169.1465131,1.29E-11
C_19_113,C_19_113_A.wav_Hypoxantha_complex_27,H:\Sporophila_vocalizations\M-F consolidated\converted_sound_files\C_19_113_A.wav,Hypoxantha_final_kjochecked_CecilasImageCorrections.txt,Hypoxantha,Entre_Ríos,No year,complex,27,C_19_113_A.wav,D:/Sporophila_vocalizations/Entre_Ríos/No year/Hypoxantha,C_19_113_A.wav_924,NANANANANANANANA,C_19_113_A.wav,1,1,849.9896485,850.0897846,849.9439344,850.1529136,0.28746875,0.2089795,0.10013625,850.0143196,850.0143196,850.0375398,3445.3,3854.4375,3628.325,3178.35,409.1375,1055.1375,3671.4,-0.803936785,1.919591663,3036.175,-83.45,4565.025,142.8,7.375,141.175,2.151,3.48925,1.555125,3.3705,0.287468645,3.701567805,-0.073384955,3.70016649,-0.633078335,-0.562276082,-0.23641782,0.564190179,0.335388882,0.191945892,0.122278017,0.722553095,0.772041201,0.871092032,-0.66868754,-0.129722322,0.314048227,-0.06365398,-0.549658754,-0.156114391,2.499,16.42148268,4.116,3.6015,-3.149271979,3.56475,123.062,1.0924,123.062,126.2465336,8.4874,-0.30324485,0.708983074,7.395,-0.282918841,-0.385058435,-0.771486772,-0.232836672,Hypoxantha_Entre_Ríos,2474.915921,-0.156701009,-977.1678708,1256.590376,-1490.554259,979.8354138,131.238889,422.565236,-1431.051019,369.6376064,547.1873762,11.03158924,155.6528792,-454.0074991,356.5127872,348.8743439,213.3327236,-5.655480701,143.3571917,58.45747669,-70.93172306,-2.498651694,20.52998706,1.84E-11
C_19_113,C_19_113_A.wav_Hypoxantha_complex_32,H:\Sporophila_vocalizations\M-F consolidated\converted_sound_files\C_19_113_A.wav,Hypoxantha_final_kjochecked_CecilasImageCorrections.txt,Hypoxantha,Entre_Ríos,No year,complex,32,C_19_113_A.wav,D:/Sporophila_vocalizations/Entre_Ríos/No year/Hypoxantha,C_19_113_A.wav_940,NANANANANA,C_19_113_A.wav,1,1,891.5243426,891.628832,891.4639706,891.688043,0.3687528,0.2240726,0.10449,891.5487236,891.5487236,891.5731042,3531.42,3996.54,3720.9,2983.22,465.12,1102.5,3789.82,-0.418252644,0.54705624,2997.4,-91.98,4427.22,83.1,6,145.46,1.837,3.2838,1.501,3.006,0.368752882,3.851255185,0.114970537,3.864090673,-0.572014693,-0.146128309,0.399555651,1.336977869,1.253530653,0.224925447,0.136122596,0.965560862,0.853044715,0.865142265,-0.73719711,-0.322170393,0.303112486,-0.239168398,0.548922638,0.37495603,2.4696,18.65438596,4.851,3.4398,-4.124411002,3.8514,165.23,1.8067,165.23,167.6563688,9.7479,-0.570298135,1.936334466,7.9412,-0.461158437,-0.613239745,-0.527986648,0.337613119,Hypoxantha_Entre_Ríos,719.7456406,-0.413083572,-477.4799616,2622.233776,-676.3457981,933.0328966,491.3292084,-699.3692717,-619.5363278,-298.0628472,869.419521,-1166.572327,324.0590504,11.09450535,-99.86031571,-259.6958136,560.0344968,-222.1092985,185.7989831,-181.8875582,-113.0263793,46.81031784,-86.17304832,-7.65E-12
C_19_113,C_19_113_A.wav_Hypoxantha_complex_35,H:\Sporophila_vocalizations\M-F consolidated\converted_sound_files\C_19_113_A.wav,Hypoxantha_final_kjochecked_CecilasImageCorrections.txt,Hypoxantha,Entre_Ríos,No year,complex,35,C_19_113_A.wav,D:/Sporophila_vocalizations/Entre_Ríos/No year/Hypoxantha,C_19_113_A.wav_950,NANANANANA,C_19_113_A.wav,1,1,918.743934,918.8530678,918.6916892,918.9204058,0.371925,0.2287168,0.109134,918.765993,918.765993,918.789213,3583.12,3893.18,3738.16,2268.9,310.08,1050.84,3789.82,-0.418252644,0.8050929,2997.4,-97.9,4427.22,83.1,3.4,146.34,1.7338,3.1816,1.4498,2.671,0.37192495,3.752778344,-0.6752745,3.73282049,-0.33536598,-0.363726601,-0.236834943,1.402184849,1.287274972,0.233374628,0.143868513,0.662087413,0.419010842,0.863867474,-0.727587193,-0.359036187,0.302786054,-0.101437269,0.548922638,-0.619388587,1.8228,18.86833333,4.1454,3.6162,-1.618029251,3.8514,192.44,1.9748,192.44,194.8465085,6.2185,-0.570298135,1.984231103,4.2437,-0.465827473,-0.606534999,-0.640928015,-0.042833945,Hypoxantha_Entre_Ríos,655.3540109,-0.683394558,-1524.295296,2551.351524,-461.351619,643.7518636,-100.9567087,-421.0558523,-1039.279563,-833.5255673,515.5067669,-721.3728227,59.86914799,-24.98177196,157.1666592,-370.7572371,366.3314403,-500.0569127,173.5655477,-300.0674405,-128.0800248,10.78735083,-40.70438431,-1.02E-12
C_19_113,C_19_113_B.wav_Hypoxantha_complex_37,H:\Sporophila_vocalizations\M-F consolidated\converted_sound_files\C_19_113_B.wav,Hypoxantha_final_kjochecked_CecilasImageCorrections.txt,Hypoxantha,Entre_Ríos,No year,complex,37,C_19_113_B.wav,D:/Sporophila_vocalizations/Entre_Ríos/No year/Hypoxantha,C_19_113_B.wav_957,NANANA,C_19_113_B.wav,1,1,966.393216,966.495771,966.3506463,966.588651,0.383291667,0.238004667,0.102555,966.412566,966.412566,966.439656,3531.433333,3818.533333,3646.3,2450.966667,287.1,861.3333333,3732.4,-0.605264833,0.38235199,3043.333333,-79.1,4163.066667,69.23333333,2,147.3666667,1.571,3.185333333,1.304,2.691666667,0.383291526,3.73537323,-0.893918171,3.644483815,-0.256651612,-0.294585299,-0.208743956,1.182543223,1.179547446,0.224508634,0.137247666,1.136174835,1.07435893,0.843668956,-0.701527456,-0.970788871,0.226227481,-0.459762632,-0.657362812,-1.041231758,1.96,8.805555556,3.969,3.577,-1.185185337,3.773,42.595,2.1429,42.595,44.33198475,6.2185,-0.748333658,2.155860736,4.0756,-0.623228143,-0.804183697,1.342580132,-1.088676963,Hypoxantha_Entre_Ríos,NA,-1.245756693,-2068.610431,3313.348311,-1077.798848,1092.153633,-278.4992403,435.8289708,954.9484565,-587.7846432,-100.4341311,355.6143458,111.502607,562.6951798,386.1245697,-613.9080302,163.2943074,-331.2763277,609.1456542,-87.17301463,-66.81581674,56.04508472,-190.8725217,1.22E-11
C_19_113,C_19_113_C.wav_Hypoxantha_complex_224,H:\Sporophila_vocalizations\M-F consolidated\converted_sound_files\C_19_113_C.wav,Hypoxantha_final_kjochecked_CecilasImageCorrections.txt,Hypoxantha,Entre_Ríos,No year,complex,224,C_19_113_C.wav,D:/Sporophila_vocalizations/Entre_Ríos/No year/Hypoxantha,C_19_113_C.wav_1649,NANANANANA,C_19_113_C.wav,1,1,1017.417132,1017.523943,1017.363726,1017.617984,0.3857944,0.2542584,0.106812,1017.447318,1017.447318,1017.460089,3565.88,3858.72,3703.7,2933.76,292.86,1154.18,3755.36,-0.530486013,0.48117454,2997.4,-50.44,4272.18,38.58,1.2,140.34,1.7582,3.2788,1.4784,3.5614,0.385794393,3.734780703,-0.331094953,3.712240378,-0.577765715,-0.389657898,-0.006536775,1.587047734,1.656787289,0.248311397,0.151104283,1.784803836,2.366425059,0.855220267,-0.684403149,-0.614647886,0.263805354,-0.421289893,-1.002015798,-0.438598657,2.4696,14.64666667,3.2634,3.087,-0.283230816,3.8514,21.415,1.6098,21.415,23.86018692,6.62,-0.570298135,2.193652767,5.0102,-0.456734423,-0.598116446,-0.737896312,0.147499989,Hypoxantha_Entre_Ríos,747.4006596,-0.707914797,-875.5902039,3183.386382,-2146.42597,2243.506724,439.0682673,-538.8026571,-227.208407,-1079.617596,643.7996645,-586.4228031,-572.058695,91.83789796,386.95699,-154.794948,388.7773001,-536.371593,227.1087281,366.3727371,13.45358106,-64.41698566,-102.4835243,2.12E-12
C_19_113,C_19_113_C.wav_Hypoxantha_complex_226,H:\Sporophila_vocalizations\M-F consolidated\converted_sound_files\C_19_113_C.wav,Hypoxantha_final_kjochecked_CecilasImageCorrections.txt,Hypoxantha,Entre_Ríos,No year,complex,226,C_19_113_C.wav,D:/Sporophila_vocalizations/Entre_Ríos/No year/Hypoxantha,C_19_113_C.wav_1656,NANANANANA,C_19_113_C.wav,1,1,1033.776751,1033.895173,1033.723345,1033.983408,0.384673,0.2600634,0.118422,1033.839445,1033.839445,1033.827835,3565.88,3893.18,3669.26,2665.94,327.3,1188.64,3669.24,-0.810971726,0.590977374,3014.62,-100.88,4410,115.72,4,139.22,1.8392,3.3716,1.5236,3.8972,0.384672897,3.744513676,-0.402649081,3.720546715,-0.639277363,-0.304712776,0.206970509,1.579491398,1.452929399,0.250708997,0.157750481,0.609581818,0.601895541,0.870413579,-0.683598195,-0.152914932,0.31064139,-0.386752672,-0.485036319,-0.528993622,2.2344,21.01196581,3.8514,4.263,0.855898364,3.8514,37.73,1.8049,37.73,40.26697196,7.0859,-0.570298135,2.176718749,5.281,-0.435156357,-0.763476316,-0.429961373,0.147499989,Hypoxantha_Entre_Ríos,836.7452483,-0.600457459,-1336.142444,2819.635484,-1347.764868,500.5371624,471.9884297,-849.7771695,-616.0275211,-499.8802661,222.521388,-608.5461386,-67.43079476,-0.69427308,417.1977196,-331.5865895,260.8108818,-547.6945933,358.6272276,-43.67382728,-147.0670604,12.78332832,-75.00375049,-4.64E-12
C_19_113,C_19_113_C.wav_Hypoxantha_complex_227,H:\Sporophila_vocalizations\M-F consolidated\converted_sound_files\C_19_113_C.wav,Hypoxantha_final_kjochecked_CecilasImageCorrections.txt,Hypoxantha,Entre_Ríos,No year,complex,227,C_19_113_C.wav,D:/Sporophila_vocalizations/Entre_Ríos/No year/Hypoxantha,C_19_113_C.wav_1661,NANANANANANANANA,C_19_113_C.wav,1,1,1041.010057,1041.106565,1040.959263,1041.168243,0.297196125,0.208979625,0.096508125,1041.011508,1041.011508,1041.053594,3434.525,3714.4625,3552.9625,3317.55,279.95,1055.15,3682.15,-0.768924924,0.612251673,3100.7625,-92.7375,4274.325,90.8875,7.125,137.725,2.22775,3.391875,1.5695,3.81125,0.297196262,3.578310949,0.080676532,3.575963202,-1.175331787,-0.743410752,0.070158951,0.830416025,0.762254948,0.200705079,0.122140897,1.500835851,1.26945155,0.86182573,0.002099362,-0.294228763,0.340108219,-0.70196148,-1.411291219,-0.66458607,2.46225,12.73958333,3.381,3.34425,0.005983261,3.6015,44.344,1.1707,44.344,47.54902804,6.9306,-0.30324485,0.855865233,5.7599,-0.278100722,-0.404029121,-0.875060693,0.147499989,Hypoxantha_Entre_Ríos,2243.083241,-0.131895197,-791.9541465,1249.866656,-2701.346636,1400.018684,716.8023172,-276.028098,-284.5428065,-513.8274044,218.1686642,-164.6188933,-296.2936208,-379.1074024,244.1316407,-30.13495311,187.3125072,-225.6357632,-212.7659833,-97.48744306,-196.7236288,16.63070918,27.76782698,-9.93E-12
C_19_113,C_19_113_C.wav_Hypoxantha_complex_228,H:\Sporophila_vocalizations\M-F consolidated\converted_sound_files\C_19_113_C.wav,Hypoxantha_final_kjochecked_CecilasImageCorrections.txt,Hypoxantha,Entre_Ríos,No year,complex,228,C_19_113_C.wav,D:/Sporophila_vocalizations/Entre_Ríos/No year/Hypoxantha,C_19_113_C.wav_1669,NANANANANANANANA,C_19_113_C.wav,1,1,1051.55119,1051.647698,1051.499671,1051.703572,0.2936915,0.20390025,0.096508125,1051.585295,1051.585295,1051.595454,3434.5125,3725.225,3574.5125,3092.3,290.7,1076.6625,3628.3125,-0.944269206,0.893621435,2928.5,-77.9,4306.625,118.7,6.625,137.7,2.170875,3.386,1.54425,4.004875,0.293691589,3.573443825,-0.237563657,3.584623814,-1.109590368,-0.801099625,-0.101954815,0.738266139,0.714504843,0.195839199,0.118270176,1.670320865,2.319428034,0.861817825,-0.251796919,-0.338021452,0.335116207,-0.809884754,-2.272923683,-0.777579776,2.68275,13.50293561,2.53575,3.12375,4.378919664,3.6015,54.882,1.0732,54.882,58.10402804,7.0342,-0.30324485,0.802946417,5.961,-0.274104133,-0.423967461,-0.793689914,-0.13789051,Hypoxantha_Entre_Ríos,1466.860947,-0.3182319,-1007.506389,1472.625761,-3391.345234,2075.86048,633.0104895,139.9843389,-96.6306168,-452.8302005,294.0477687,254.672969,-728.09459,-353.4315172,503.5994917,172.2473484,60.69113276,-286.9076427,61.14528388,617.7708332,-89.2098866,-60.42299579,1.369804121,-5.56E-12
C_19_113,C_19_113_C.wav_Hypoxantha_complex_229,H:\Sporophila_vocalizations\M-F consolidated\converted_sound_files\C_19_113_C.wav,Hypoxantha_final_kjochecked_CecilasImageCorrections.txt,Hypoxantha,Entre_Ríos,No year,complex,229,C_19_113_C.wav,D:/Sporophila_vocalizations/Entre_Ríos/No year/Hypoxantha,C_19_113_C.wav_1677,NANANANANA,C_19_113_C.wav,1,1,1057.718846,1057.840751,1057.657313,1057.930147,0.3852334,0.2728342,0.121905,1057.731617,1057.731617,1057.772252,3531.42,3841.52,3669.24,3325.84,310.06,1154.18,3789.84,-0.418187506,0.827053467,3014.64,-50.44,4358.32,92,2.6,142.46,1.7062,3.3386,1.4126,3.8126,0.385233645,3.742490929,-0.264957227,3.6837421,-0.294683896,-0.402408997,-0.348396916,1.881858977,1.64079919,0.25755586,0.160681953,1.600615927,1.42438279,0.840384983,-0.685357048,-1.066437366,0.22318334,-0.344509155,-1.346668784,-0.438598657,2.5872,9.193333333,3.7338,3.3222,-0.834576856,3.7338,61.66,1.561,61.66,64.20038318,7.0429,-0.570298135,2.185185755,5.4819,-0.434354402,-0.755823205,-0.428040653,-0.232947075,Hypoxantha_Entre_Ríos,584.33314,-0.893502577,-1272.340814,3408.134739,-1800.509875,2133.41559,100.1728165,-671.9980255,-318.9749363,-616.2357842,-69.70138968,18.76937542,-363.4524984,5.795110786,369.0142968,-4.383171585,334.8584333,-550.0164967,218.7581479,-138.5332451,-37.72223611,-27.55677866,152.5481078,1.83E-12
C_19_113,C_19_113_C.wav_Hypoxantha_complex_38,H:\Sporophila_vocalizations\M-F consolidated\converted_sound_files\C_19_113_C.wav,Hypoxantha_final_kjochecked_CecilasImageCorrections.txt,Hypoxantha,Entre_Ríos,No year,complex,38,C_19_113_C.wav,D:/Sporophila_vocalizations/Entre_Ríos/No year/Hypoxantha,C_19_113_C.wav_960,NANANANANANANANA,C_19_113_C.wav,1,1,1066.782755,1066.875635,1066.73559,1066.952551,0.289556625,0.216961375,0.09288,1066.781304,1066.781304,1066.820487,3445.325,3714.475,3596.0375,3119.7375,269.1625,1022.825,3649.875,-0.874041928,0.862739388,3079.2375,-61.2,4166.675,85.325,6.75,134.975,2.090625,3.318875,1.46725,3.321,0.289556659,3.632332292,-0.150378702,3.596926843,-0.840021942,-0.699395343,-0.23461155,0.694257391,0.887473932,0.205259387,0.124085518,1.202798803,0.965590599,0.863393321,0.471531322,-0.169931931,0.314401663,-0.625744288,-1.088179045,-0.608089216,2.38875,15.06407967,3.675,2.97675,-2.131385372,3.675,70.093,1.5966,70.093,73.33246373,7.1008,-0.30324485,0.740511039,5.5042,-0.270005116,-0.440221197,-0.702422278,0.147389587,Hypoxantha_Entre_Ríos,2122.173008,-0.268334383,-880.7826752,1139.570516,-2297.991278,1027.542492,534.8136413,-58.8133269,-471.4396187,-770.2532343,-78.21580573,-24.65064066,61.92359461,-432.6565752,66.89589436,303.1822381,266.6637082,-416.16554,-105.7577367,-36.85548832,-199.754848,-1.243155243,-115.2942846,2.38E-12
C_19_113,C_19_113_C.wav_Hypoxantha_complex_41,H:\Sporophila_vocalizations\M-F consolidated\converted_sound_files\C_19_113_C.wav,Hypoxantha_final_kjochecked_CecilasImageCorrections.txt,Hypoxantha,Entre_Ríos,No year,complex,41,C_19_113_C.wav,D:/Sporophila_vocalizations/Entre_Ríos/No year/Hypoxantha,C_19_113_C.wav_972,NANANA,C_19_113_C.wav,1,1,1082.0015,1082.119535,1081.9628,1082.20274,0.352892333,0.239939667,0.118035,1082.026655,1082.026655,1082.05568,3416.566667,3761.1,3560.133333,2385.433333,344.5333333,1033.6,3646.266667,-0.885793971,0.446403643,3072.033333,-14.8,4048.233333,0,0,139.9333333,1.528333333,3.246,1.389,1.965333333,0.352892543,3.699964991,-0.871769286,3.604229929,-0.422661912,-0.443592437,-0.273387405,1.41605475,1.427751019,0.236133851,0.143700077,1.710138975,2.03881933,0.840742464,-0.809517644,-1.076505168,0.232001416,-0.747249577,-0.082941169,-0.890573483,1.862,12.13888889,3.283,3.185,-0.257306158,3.675,86.467,2.1849,86.467,88.02954339,6.358,-0.748333658,1.696851272,4.1731,-0.66423817,-0.502663007,0.816177059,-0.803507269,Hypoxantha_Entre_Ríos,NA,-1.178181593,-1952.789287,3222.989324,-1500.178899,1833.87462,-233.9766852,550.8463299,740.202913,-1031.395492,674.3798782,-277.8643913,268.0499803,751.2993419,-18.65839082,-292.9565099,-2.778213946,-386.5656138,261.5521482,246.6438132,-68.77424483,47.9593939,3.083961815,-4.67E-12
C_19_113,C_19_113_C.wav_Hypoxantha_complex_42,H:\Sporophila_vocalizations\M-F consolidated\converted_sound_files\C_19_113_C.wav,Hypoxantha_final_kjochecked_CecilasImageCorrections.txt,Hypoxantha,Entre_Ríos,No year,complex,42,C_19_113_C.wav,D:/Sporophila_vocalizations/Entre_Ríos/No year/Hypoxantha,C_19_113_C.wav_975,NANANANANANA,C_19_113_C.wav,1,1,1097.673035,1097.777525,1097.610147,1097.839445,0.363466,0.229297167,0.10449,1097.737857,1097.737857,1097.72141,3373.516667,3689.333333,3545.783333,2563.016667,315.8333333,947.4833333,3531.416667,-1.259850917,0.748361436,2942.866667,-42.01666667,4177.433333,81.6,2.5,141.3833333,1.677333333,3.1985,1.445833333,2.7,0.363466103,3.61523494,-0.731829954,3.576758835,-0.919226468,-0.708725212,-0.160812815,2.112766377,2.629820658,0.249724771,0.132238686,0.852347105,1.027414945,0.855271272,-0.762165267,-0.62645676,0.24079318,-0.660479484,-0.513757402,-0.66458607,2.156,13.45833333,3.724,3.381,-1.134383456,3.724,100.721,1.4286,100.721,104.4663688,6.4286,-0.481280373,1.856506738,5,-0.151070124,-1.539372807,1.587421191,-0.613283737,Hypoxantha_Entre_Ríos,1059.700779,-0.763125345,-1990.82045,4294.937981,-1995.872409,190.0234345,-544.8178176,-313.887765,667.8175935,-425.0053994,-70.45459378,-186.5838845,808.6813076,381.8968355,117.4486127,78.23669321,22.1241288,-381.7096876,-363.0748951,464.83569,-191.8308381,49.98510467,-194.385912,-4.57E-12
C_19_116,C_19_116_A.wav_Ruficollis_complex_713,H:\Sporophila_vocalizations\M-F consolidated\converted_sound_files\C_19_116_A.wav,Ruficollis_final_kjochecked_CecilasImageCorrections.txt,Ruficollis,Esperanza,No year,complex,713,C_19_116_A.wav,D:/Sporophila_vocalizations/Esperanza/No year/Ruficollis,C_19_116_A.wav_3025,NAnoicenoiceNA,C_19_116_A.wav,1,1,1188.191191,1188.297131,1188.149105,1188.346474,0.27056075,0.19737,0.10594125,1188.269558,1188.269558,1188.246338,3682.15,4242.025,3897.525,2280,559.875,861.325,3854.425,-0.207839506,-0.056859346,3574.5,-129.8,5211.025,70.475,2,139.3,1.515,3.13,1.271,2.882,0.270560748,4.017692332,-0.958729336,3.986151477,0.819354407,0.107161355,-0.745396035,0.686160111,0.594738281,0.193660621,0.11858765,-1.101767513,-1.024466176,0.851460586,-1.053375304,-0.789775304,0.272741741,0.903927601,1.712126465,0.239363582,1.9845,6.708333333,4.4835,3.8955,-2.111282271,4.0425,7.613,2.68,7.613,9.194018692,7.24,-0.659315896,0.453682272,4.56,-0.659894747,0.3020375,-0.267360527,-0.898563834,Ruficollis_Esperanza,NA,-0.563350517,-1717.742121,752.6464789,2645.07618,69.85254069,-785.235354,-536.0482512,-744.2266988,-133.9631706,217.9234723,-406.1988149,781.3149882,173.6998962,274.1514155,-21.2968094,-476.57353,-1.271086435,102.1789919,27.71031385,131.7740794,-33.51503846,121.7868561,6.73E-12
C_19_118,C_19_118.wav_Ruficollis_complex_731,H:\Sporophila_vocalizations\M-F consolidated\converted_sound_files\C_19_118.wav,Ruficollis_final_kjochecked_CecilasImageCorrections.txt,Ruficollis,Esperanza,No year,complex,731,C_19_118.wav,D:/Sporophila_vocalizations/Esperanza/No year/Ruficollis,C_19_118.wav_3056,NANANANA,C_19_118.wav,1,1,1692.090329,1692.159989,1692.039535,1692.223844,0.24813075,0.18430875,0.06966,1692.136769,1692.136769,1692.123707,5038.775,5297.15,5167.95,2370,258.4,925.925,5232.575,4.280680995,1.068619701,4457.35,-85.3,5727.85,118.7,5.25,122.85,2.23825,3.2455,1.457,3.5905,0.248130841,5.05280958,-0.232576311,5.121485785,4.930627105,3.036529369,-0.43350299,0.194967531,0.069432215,0.169171986,0.10504691,2.085580629,2.624456584,0.897076219,-1.100564924,0.585166157,0.519149783,4.165914052,3.435391394,1.369300647,2.1315,18.75833333,4.3365,4.116,-0.675397858,5.292,34.039,2.64,34.039,35.88990654,7.8,-0.659315896,0.115001877,5.16,-0.596445871,-0.633608359,1.248645079,0.908173313,Ruficollis_Esperanza,NA,-0.238833128,4956.652819,3389.971135,5864.538403,2221.213414,-1684.013422,3805.31104,-1041.182184,-1528.238953,782.798562,-742.9444978,-1554.374058,607.0120753,323.0082813,631.8614715,-113.6725933,101.4073043,145.37168,346.6276059,37.18056447,63.61577259,77.09384199,1.03E-11
C_19_122,C_19_122.wav_Ruficollis_complex_103,H:\Sporophila_vocalizations\M-F consolidated\converted_sound_files\C_19_122.wav,Ruficollis_final_kjochecked_CecilasImageCorrections.txt,Ruficollis,Esperanza,No year,complex,103,C_19_122.wav,D:/Sporophila_vocalizations/Esperanza/No year/Ruficollis,C_19_122.wav_1336,NANANANANANANANANANANANANANANA,C_19_122.wav,1,1,2292.649688,2292.744503,2292.598991,2292.78746,0.262952733,0.1884688,0.094814933,2292.683744,2292.683744,2292.689936,3749.633333,4272.186667,3990.806667,3154.48,522.5466667,1464.253333,3933.386667,0.049332108,1.463909903,3376.38,-147.3866667,5478.053333,257.1733333,3.933333333,131.3933333,2.434466667,3.756466667,1.674933333,4.195266667,0.262952844,4.258967801,0.820311542,4.145850886,1.144280148,1.208838631,0.753519106,0.819576517,0.448750765,0.192584598,0.120554151,-0.469998288,-0.310456153,0.909190734,1.085112916,1.350177162,0.514160354,1.343967193,1.295670774,1.067984096,2.6656,20.23296629,4.557,3.9494,-2.62926818,4.0278,77.744,2.0884,77.744,84.82341122,8.5542,0.319879482,0.338806725,6.4658,0.632741539,-0.975977808,0.462108906,0.147499989,Ruficollis_Esperanza,5382.070232,0.745347237,2497.744413,1458.295786,1062.182729,-1627.079175,-9.036100852,319.4864353,-1400.966878,-175.919844,168.2046387,373.0708064,1414.594384,-577.7920073,-50.40842201,604.7294375,15.79291682,125.284492,408.338829,112.8544447,14.77474032,-144.2755302,101.1332547,2.18E-12
C_19_122,C_19_122.wav_Ruficollis_complex_111,H:\Sporophila_vocalizations\M-F consolidated\converted_sound_files\C_19_122.wav,Ruficollis_final_kjochecked_CecilasImageCorrections.txt,Ruficollis,Esperanza,No year,complex,111,C_19_122.wav,D:/Sporophila_vocalizations/Esperanza/No year/Ruficollis,C_19_122.wav_1365,NAfaint sound backgroundnoicenoicenoicenoicenoiceNAnoicenoicenoicenoicenoicenoicenoicenoice,C_19_122.wav,1,1,2381.322075,2381.405522,2381.287608,2381.461395,0.258155938,0.173787063,0.083446813,2381.343481,2381.343481,2381.357993,3687.54375,4204.35625,3940.56875,3363.3875,516.7875,1254.31875,3897.5,-0.067547796,0.303431203,3240.725,-174.34375,5205.65,224.43125,7.3125,134.69375,2.5995,3.6643125,1.760625,4.163125,0.258155961,4.125983104,0.890530979,4.067565213,0.526807613,0.951699119,1.016422081,0.343213366,0.466494003,0.178803691,0.106403457,0.368700688,0.384029858,0.897478719,0.700567351,0.926922412,0.496536468,0.670186857,0.958198059,0.719586834,2.554125,22.1714421,3.840375,4.354875,1.184058947,3.950625,165.876,1.92,165.876,173.737215,8.6,0.408897244,0.266376189,6.68,0.816538508,-1.106427561,0.775475403,0.337613119,Ruficollis_Esperanza,5039.10164,0.591694535,2412.963581,1269.68162,97.47498624,-1077.183576,-53.4188747,263.1482581,48.24671517,-181.0335772,573.050691,-119.950287,935.3761862,-291.8925583,-159.906138,153.8742676,-64.99382625,-74.66904391,140.4297916,-24.23921048,-18.34848512,-166.3800085,-180.7942029,3.51E-12
C_19_130,C_19_130_A.wav_Hypoxantha_complex_65,H:\Sporophila_vocalizations\M-F consolidated\converted_sound_files\C_19_130_A.wav,Hypoxantha_final_kjochecked_CecilasImageCorrections.txt,Hypoxantha,Mar_Chiquita,No year,complex,65,C_19_130_A.wav,D:/Sporophila_vocalizations/Mar_Chiquita/No year/Hypoxantha,C_19_130_A.wav_1037,NANANANANANA,C_19_130_A.wav,1,1,1812.580609,1812.668651,1812.543844,1812.741213,0.311259,0.197369667,0.0880425,1812.591251,1812.591251,1812.620276,3531.433333,3789.85,3675,1841.733333,258.4166667,746.4833333,3832.933333,-0.277836086,0.542481122,3043.333333,-46.96666667,4263.566667,66.75,2.333333333,138.9,1.743333333,2.992333333,1.3825,3.254,0.311259153,3.618844751,-1.075570555,3.650831888,-0.538897936,-1.001922381,-1.087834524,0.65534489,0.598752382,0.192488372,0.117331743,0.008903984,-0.176210359,0.877421825,-0.908634511,0.021501925,0.419051539,-0.517349385,0.204269652,-1.267219171,1.519,17.77777778,3.969,3.381,-1.882201939,3.822,4.848,1.6807,4.848,7.484578306,5.042,-0.481280373,1.068207873,3.3613,-0.411739554,-0.360254875,-0.424866986,-0.898563834,Hypoxantha_Mar_Chiquita,498.5043758,-0.838363196,-2776.797998,1201.832801,-321.2776255,-17.19581765,-480.5485657,58.53593823,-588.6152796,-600.747254,413.7705371,86.71678233,-565.8007923,-224.2760397,72.19563936,-158.7762461,199.8992396,-174.4078092,-72.70774116,-270.1301871,-2.992125093,-22.27419143,-14.75441057,8.35E-12
C_19_130,C_19_130_A.wav_Hypoxantha_complex_69,H:\Sporophila_vocalizations\M-F consolidated\converted_sound_files\C_19_130_A.wav,Hypoxantha_final_kjochecked_CecilasImageCorrections.txt,Hypoxantha,Mar_Chiquita,No year,complex,69,C_19_130_A.wav,D:/Sporophila_vocalizations/Mar_Chiquita/No year/Hypoxantha,C_19_130_A.wav_1050,NANANANA,C_19_130_A.wav,1,1,1854.630012,1854.701123,1854.600987,1854.795454,0.31522425,0.1944675,0.07111125,1854.627109,1854.627109,1854.659037,3380.7,3703.7,3509.9,2279.375,323,904.375,3617.575,-0.979240355,0.759799231,2907,-96.425,4285.075,77.875,4.25,136.5,1.93325,3.12925,1.461,2.9675,0.315224238,3.503763144,-0.744445973,3.480171792,-1.07029037,-1.14275569,-0.725264698,0.29224019,0.435920099,0.192269299,0.120506255,1.22039288,0.927960214,0.852614754,-0.939864738,-0.73784566,0.36733991,-0.783986071,-0.441954696,-1.003567189,1.911,15.93181818,3.7485,3.528,-0.158747337,3.528,47.301,1.7647,47.301,49.09659085,5.7983,-0.659315896,1.128078672,4.0336,-0.60945023,-0.415784527,-0.115939358,-0.898674236,Hypoxantha_Mar_Chiquita,NA,-0.967879527,-2646.743668,1431.010574,-1652.691735,1358.841334,-157.0420367,604.9883029,124.696327,-219.8851933,692.0912068,-87.94800738,-101.4085325,-124.4357915,211.5641992,-160.7920455,292.2576026,-174.5598616,122.6453454,-286.4106696,-84.23295623,22.09782867,-242.7015015,-2.64E-12
C_19_130,C_19_130_A.wav_Hypoxantha_complex_72,H:\Sporophila_vocalizations\M-F consolidated\converted_sound_files\C_19_130_A.wav,Hypoxantha_final_kjochecked_CecilasImageCorrections.txt,Hypoxantha,Mar_Chiquita,No year,complex,72,C_19_130_A.wav,D:/Sporophila_vocalizations/Mar_Chiquita/No year/Hypoxantha,C_19_130_A.wav_1060,NANANANANANANA,C_19_130_A.wav,1,1,1894.195156,1894.272279,1894.162813,1894.329499,0.248667429,0.166686429,0.077123571,1894.209253,1894.209253,1894.220863,3543.742857,3888.285714,3740.614286,2382.942857,344.5285714,898.2571429,3802.157143,-0.378071591,1.025482874,3174.585714,-57.21428571,4318.942857,91.14285714,2.857142857,138.0428571,1.964,3.248,1.579857143,3.193857143,0.248667458,3.740972984,-0.625682205,3.727190361,-0.258764095,-0.454710573,-0.477645435,0.081046654,0.207997286,0.16637901,0.099366101,0.304639058,-0.082376947,0.866736298,-0.098004788,-0.156950283,0.36888053,-0.102907895,0.204269652,-0.955141315,1.722,7.501360544,3.465,3.381,0.327113081,3.885,86.438,1.5546,86.438,88.88782271,5.7563,-0.392262611,0.123104531,4.2017,-0.455644578,0.565070468,-0.875269709,-1.088676963,Hypoxantha_Mar_Chiquita,606.999002,-0.835198023,-1829.897759,60.9569641,-108.6597601,659.9368222,159.9309303,496.8062707,-1061.506422,-560.4991799,495.0698371,757.0859016,162.4404485,-7.420089802,-2.778763908,-107.6611193,-148.3402734,-249.9200816,-125.4942187,-275.8036529,-145.9077856,-37.18029297,-113.1338337,8.24E-12
C_19_130,C_19_130_A.wav_Hypoxantha_complex_73,H:\Sporophila_vocalizations\M-F consolidated\converted_sound_files\C_19_130_A.wav,Hypoxantha_final_kjochecked_CecilasImageCorrections.txt,Hypoxantha,Mar_Chiquita,No year,complex,73,C_19_130_A.wav,D:/Sporophila_vocalizations/Mar_Chiquita/No year/Hypoxantha,C_19_130_A.wav_1067,NANANANANA,C_19_130_A.wav,1,1,1903.474347,1903.554456,1903.440678,1903.610184,0.2490074,0.169506,0.080109,1903.488279,1903.488279,1903.505694,3496.98,3841.52,3669.24,2184.86,344.54,757.98,3824.32,-0.305889,0.459213973,3324.7,-47.46,4220.5,5.94,1.4,143.4,1.6262,3.0746,1.4058,2.5274,0.249007323,3.665062734,-1.21562129,3.666341315,-0.196431577,-0.78673145,-1.110688145,0.007153348,0.05552835,0.166799849,0.102964543,-0.115590972,-0.424076144,0.831566623,-1.077246195,-1.397209171,0.285447214,-0.12610767,0.204269652,-1.252153343,1.5288,9.667857143,3.969,3.5574,-1.405330147,3.7926,96.015,1.5126,96.015,97.96225424,5.8403,-0.570298135,0.128236318,4.3277,-0.573795154,-0.102764744,-0.149794474,-0.993730801,Hypoxantha_Mar_Chiquita,498.5641724,-0.857698623,-2834.863572,263.045971,315.0348556,821.6626689,-1054.347097,544.8691199,-235.3289093,69.46936977,-193.8928237,76.46600127,-46.34034635,-42.36064944,233.2212529,-470.1317605,-304.2817092,-311.3846998,-214.5644518,-326.3173125,108.064006,-52.24793928,82.98515195,2.97E-12
C_19_130,C_19_130_A.wav_Hypoxantha_complex_74,H:\Sporophila_vocalizations\M-F consolidated\converted_sound_files\C_19_130_A.wav,Hypoxantha_final_kjochecked_CecilasImageCorrections.txt,Hypoxantha,Mar_Chiquita,No year,complex,74,C_19_130_A.wav,D:/Sporophila_vocalizations/Mar_Chiquita/No year/Hypoxantha,C_19_130_A.wav_1072,NANANANANANANANA,C_19_130_A.wav,1,1,1918.323798,1918.397812,1918.286791,1918.451508,0.234931375,0.16471675,0.07401375,1918.346293,1918.346293,1918.357177,3552.975,3832.9,3682.175,2620.7875,279.9375,872.1125,3789.85,-0.418154937,3.051933387,3057.7125,-50.075,4145.125,76.0375,7,140.825,2.135,3.210375,1.551625,3.226875,0.234931272,3.675223868,-0.571453812,3.712437943,-0.492559613,-0.612855855,-0.481084232,-0.060338156,-0.130614144,0.153808657,0.093852743,-0.313942008,-0.536980728,0.867418764,0.386739914,-0.056922042,0.360323774,-0.30231107,0.096565594,-0.834076629,1.8375,9.25625,3.528,3.381,5.068481296,3.85875,110.204,1.4706,110.204,113.0784288,7.1008,-0.30324485,-0.084305026,5.6302,-0.355822448,0.044591363,-0.572394594,-0.613394139,Hypoxantha_Mar_Chiquita,637.4196359,-0.778459298,-1788.610375,67.62996774,-645.4009203,-67.52388039,46.3901296,1427.890912,-2327.755486,325.1897376,-247.1870652,987.8631424,761.0932897,-343.7438714,-397.270286,124.2150238,496.4245061,-416.4561519,-5.759576673,-111.5246028,-165.7706352,-33.70609328,33.08342146,-2.30E-12
C_19_130,C_19_130_A.wav_Hypoxantha_complex_77,H:\Sporophila_vocalizations\M-F consolidated\converted_sound_files\C_19_130_A.wav,Hypoxantha_final_kjochecked_CecilasImageCorrections.txt,Hypoxantha,Mar_Chiquita,No year,complex,77,C_19_130_A.wav,D:/Sporophila_vocalizations/Mar_Chiquita/No year/Hypoxantha,C_19_130_A.wav_1083,NANANANANANA,C_19_130_A.wav,1,1,1943.275091,1943.358296,1943.233488,1943.419248,0.287468667,0.18576,0.083205,1943.297343,1943.297343,1943.304116,3574.483333,3804.2,3675,2296.933333,229.6666667,717.7666667,3746.8,-0.558365224,0.515030414,3244.333333,-46.96666667,4206.133333,42.03333333,1.833333333,142.8333333,1.634,2.954,1.351,2.902,0.287468645,3.684038989,-0.840811899,3.676936418,-0.217619328,-0.761542559,-1.044041836,0.359145206,0.255864953,0.18093332,0.112922802,1.025887145,1.191772053,0.850067359,-0.976252122,-0.819714192,0.337985406,-0.179481962,-0.082941169,-1.041231758,1.764,9.916666667,3.136,2.891,-0.813336613,3.822,135.573,1.2605,135.573,138.130718,5.5462,-0.481280373,0.708983072,4.2857,-0.430279106,-0.255818466,-0.263279883,-0.993730801,Hypoxantha_Mar_Chiquita,681.7086512,-0.725788037,-2065.426345,1170.619226,-780.3741901,1558.374281,-726.4112868,740.6898844,-7.118163601,-607.8442942,716.8373182,47.12480616,-331.9168836,-91.03390968,368.3536675,-33.49079864,-122.0349293,-118.986434,107.4230159,-77.79006865,193.1399537,-89.90379911,47.07130191,7.48E-12
C_19_130,C_19_130_B.wav_Hypoxantha_complex_243,H:\Sporophila_vocalizations\M-F consolidated\converted_sound_files\C_19_130_B.wav,Hypoxantha_final_kjochecked_CecilasImageCorrections.txt,Hypoxantha,Mar_Chiquita,No year,complex,243,C_19_130_B.wav,D:/Sporophila_vocalizations/Mar_Chiquita/No year/Hypoxantha,C_19_130_B.wav_2826,NAnoicefaintNANANANANANANANANA,C_19_130_B.wav,1,1,2049.491387,2049.569271,2049.456557,2049.609422,0.214953417,0.152864917,0.07788375,2049.514607,2049.514607,2049.531538,3617.566667,4134.366667,3847.266667,2863.7,516.7833333,1241.75,3998,0.259772388,-0.205550683,3194.1,-137.2416667,4687.041667,113.7416667,6.333333333,128.9416667,2.696083333,3.703166667,1.957,4.091,0.214953271,3.860741459,0.474067857,3.84542942,-0.003601194,0.105048608,0.182052144,-0.241775185,-0.543504807,0.14397203,0.092621163,-0.025783159,-0.079046512,0.91056037,0.803436969,1.336660132,0.583847584,0.504538169,0.060664241,-0.0242884,2.3765,15.86242091,3.9445,3.4055,-2.683237964,3.9445,52.797,1.6022,52.797,57.54947664,6.9613,0.052826197,-0.385962857,5.3591,0.085694369,-0.399305232,0.12837303,0.622893216,Hypoxantha_Mar_Chiquita,2976.313632,0.244668512,1142.226428,-488.31672,37.50567158,-1065.204187,621.9162828,533.5713552,109.1406257,-370.1473994,-12.43836795,-61.75590621,-262.9399826,-547.9183387,305.8648949,314.4376206,309.5466622,10.90621367,-150.5586065,-100.4289435,-55.98475048,27.55846416,124.0323436,-1.12E-11
C_19_130,C_19_130_B.wav_Hypoxantha_complex_244,H:\Sporophila_vocalizations\M-F consolidated\converted_sound_files\C_19_130_B.wav,Hypoxantha_final_kjochecked_CecilasImageCorrections.txt,Hypoxantha,Mar_Chiquita,No year,complex,244,C_19_130_B.wav,D:/Sporophila_vocalizations/Mar_Chiquita/No year/Hypoxantha,C_19_130_B.wav_1728,NANANANANA,C_19_130_B.wav,1,1,2066.694374,2066.767517,2066.659544,2066.833694,0.3072896,0.17415,0.073143,2066.710628,2066.710628,2066.731526,3738.16,3979.32,3858.74,2448.76,241.18,861.32,3944.9,0.086830082,0.700780208,3169.66,-80.12,4547.82,130.56,3.8,137.3,1.9818,3.08,1.4694,4.0336,0.307289719,3.791162555,-0.456754699,3.841477452,0.167219051,-0.420358175,-0.90136813,0.492517761,0.667885969,0.182923049,0.106325609,0.173449928,-0.277334516,0.866534281,-0.93216284,-0.313234199,0.394516959,0.272832445,-0.140383334,-0.800178517,1.9404,12.4547619,3.4398,2.9106,-2.11590044,4.0278,71.696,1.122,71.696,73.94530841,5.3659,-0.570298135,1.008271403,4.2439,-0.502784185,-0.349913348,-0.116146078,-0.708450704,Hypoxantha_Mar_Chiquita,262.5112966,-1.086531917,-1834.555423,1538.740343,383.5350048,494.4976173,-300.4328731,227.1586321,-531.6825999,-93.94475104,-64.58294411,390.9930186,-480.2646626,-76.6892676,433.3898965,65.48077319,143.5088959,-385.4865358,-80.71166441,-509.6520326,183.224828,-46.80493487,-138.9311088,-1.45E-12
C_19_130,C_19_130_B.wav_Hypoxantha_complex_245,H:\Sporophila_vocalizations\M-F consolidated\converted_sound_files\C_19_130_B.wav,Hypoxantha_final_kjochecked_CecilasImageCorrections.txt,Hypoxantha,Mar_Chiquita,No year,complex,245,C_19_130_B.wav,D:/Sporophila_vocalizations/Mar_Chiquita/No year/Hypoxantha,C_19_130_B.wav_1733,NANANANAfaintNANA,C_19_130_B.wav,1,1,2099.880002,2099.96293,2099.844342,2100.016833,0.270761143,0.172491429,0.082928571,2099.913173,2099.913173,2099.918149,3605.271429,4011.328571,3839.042857,2264.814286,406.0571429,1058.214286,3962.114286,0.142895586,-0.025487107,3149.971429,-61.44285714,4429.671429,46.61428571,4.428571429,133.7285714,2.225857143,3.498,1.455285714,3.953714286,0.270761015,3.737763102,-0.345302968,3.766024719,-0.354195728,-0.432327711,-0.331759498,0.068554942,-0.023610192,0.169638778,0.107452797,-0.677378937,-0.811311044,0.898757104,-1.021871145,0.649578508,0.496702863,0.089459497,0.204269652,-0.632302153,1.932,20.46938776,4.305,3.801,-2.127917216,3.969,104.381,1.3171,104.381,107.6506822,5.5122,-0.392262611,0.456706201,4.1951,-0.26290094,-0.715657742,0.526889614,0.052333022,Hypoxantha_Mar_Chiquita,430.0662011,-0.578501905,-1259.614063,664.8513337,498.6001435,-1224.736882,-84.12690338,295.7554366,93.79222933,500.1892106,-8.071968069,-348.5022809,-675.0815269,-174.4028339,445.8857016,-168.5369214,259.6780908,-180.5792468,-189.8786305,-236.2469792,28.80988083,31.25214645,-11.62726757,-9.86E-12
C_19_130,C_19_130_B.wav_Hypoxantha_complex_79,H:\Sporophila_vocalizations\M-F consolidated\converted_sound_files\C_19_130_B.wav,Hypoxantha_final_kjochecked_CecilasImageCorrections.txt,Hypoxantha,Mar_Chiquita,No year,complex,79,C_19_130_B.wav,D:/Sporophila_vocalizations/Mar_Chiquita/No year/Hypoxantha,C_19_130_B.wav_1093,NANANANANANANANANANANANANANANA,C_19_130_B.wav,1,1,2018.233555,2018.291605,2018.195242,2018.343076,0.217512,0.147833933,0.05805,2018.251744,2018.251744,2018.259484,3795.573333,4186.04,3973.593333,2706.793333,390.48,1309.226667,4031.013333,0.367294082,-1.09815622,3146.713333,-89.01333333,4720.073333,86.06,4.666666667,129.74,2.390333333,3.682666667,1.728866667,3.5838,0.217512077,3.979738241,0.254339562,3.955762899,0.456286031,0.407291983,0.173845854,-0.380420227,-0.372526767,0.139510299,0.084596082,-0.431380465,-0.455981386,0.908760568,0.343143953,1.201501245,0.544608354,0.478752737,0.778691295,-0.197545416,2.0188,12.95858826,4.165,3.4594,-3.261961119,4.1258,20.155,1.7561,20.155,26.92243925,7.2689,0.319879482,-0.347326173,5.5128,0.559398962,-0.892466782,0.796029917,0.147499989,Hypoxantha_Mar_Chiquita,1585.051481,-0.202454941,982.4052733,-204.9728886,975.7284866,-1744.546833,-193.2127551,373.871429,1045.669333,-299.9967719,297.8707372,30.63605477,-271.2965329,-379.0196645,112.5850885,-18.95475994,-42.07673615,-429.4542376,-101.5009514,-212.8996889,127.8059609,-103.4416606,-10.13565318,-1.83E-11
C_19_130,C_19_130_B.wav_Hypoxantha_complex_84,H:\Sporophila_vocalizations\M-F consolidated\converted_sound_files\C_19_130_B.wav,Hypoxantha_final_kjochecked_CecilasImageCorrections.txt,Hypoxantha,Mar_Chiquita,No year,complex,84,C_19_130_B.wav,D:/Sporophila_vocalizations/Mar_Chiquita/No year/Hypoxantha,C_19_130_B.wav_1113,NANANANANANA,C_19_130_B.wav,1,1,2056.844857,2056.915484,2056.806157,2056.958054,0.259346,0.1518975,0.0706275,2056.879686,2056.879686,2056.879686,3603.2,3775.483333,3689.333333,1904.766667,172.25,588.5833333,3689.35,-0.74547512,0.711760491,3301.75,-22.23333333,4163.083333,22.25,2.333333333,136.2333333,1.9505,2.7405,1.424333333,3.6025,0.259345794,3.675900013,-1.071335086,3.692859403,-0.153192758,-0.873211186,-1.306122991,0.150501914,0.247043813,0.159561502,0.091734826,0.344644264,-0.193987885,0.863133624,-0.99758505,-0.426643462,0.418087873,-0.185701396,0.778691295,-1.041231758,1.47,16.57321429,3.626,3.43,0.30429719,3.822,61.552,2.2167,61.552,64.51843925,5.9606,-0.481280373,0.284342076,3.7439,-0.334191393,-1.060765321,1.197362969,-1.469124028,Hypoxantha_Mar_Chiquita,361.6361625,-1.056090779,-2692.401336,1387.57327,130.7844704,-166.4068207,-1343.076035,1415.686128,539.1173658,-12.4988527,430.9081724,278.4774166,416.2301361,-255.3296538,50.3139586,223.1303465,-148.3335878,-171.2135708,-82.56393183,-405.83215,-14.62308161,45.97369804,-62.31243149,4.94E-12
C_19_130,C_19_130_B.wav_Hypoxantha_complex_86,H:\Sporophila_vocalizations\M-F consolidated\converted_sound_files\C_19_130_B.wav,Hypoxantha_final_kjochecked_CecilasImageCorrections.txt,Hypoxantha,Mar_Chiquita,No year,complex,86,C_19_130_B.wav,D:/Sporophila_vocalizations/Mar_Chiquita/No year/Hypoxantha,C_19_130_B.wav_1122,NANANAfaintNANAfaintfaint,C_19_130_B.wav,1,1,2085.264388,2085.345658,2085.220125,2085.408061,0.281775875,0.187936625,0.08127,2085.280351,2085.280351,2085.298492,3520.6625,3908.2625,3692.9375,2364.55,387.5875,1087.425,3757.5375,-0.523394075,0.622545689,3003.875,-172.4875,4586.5625,142.8,7.75,130.1,2.398625,3.362875,1.729875,3.73125,0.281775701,3.699236495,-0.133264871,3.66301017,-0.554618195,-0.648090395,-0.470571927,0.439492487,0.167755669,0.183812427,0.117638193,0.053804129,-0.030034078,0.904648369,-0.888562237,0.852413317,0.560465888,-0.062120387,-0.011138464,-0.608089216,2.02125,24.87017045,3.528,3.34425,-0.458550995,3.78525,89.572,1.7241,89.572,92.97242056,6.3054,-0.30324485,0.623022464,4.5813,-0.232165212,-0.626362188,-0.299150119,0.527726249,Hypoxantha_Mar_Chiquita,1598.434757,-0.327227899,-1057.195535,860.5680237,-689.3403222,-598.9107572,179.8871046,239.473576,-689.6811217,91.85270437,450.2641173,-714.3776955,-612.4269533,-314.7735508,537.2753003,408.9612148,295.8466514,-283.1291299,-94.39563341,-217.2826845,13.0786717,43.43413105,98.99950067,4.59E-13
C_19_130,C_19_130_B.wav_Hypoxantha_complex_87,H:\Sporophila_vocalizations\M-F consolidated\converted_sound_files\C_19_130_B.wav,Hypoxantha_final_kjochecked_CecilasImageCorrections.txt,Hypoxantha,Mar_Chiquita,No year,complex,87,C_19_130_B.wav,D:/Sporophila_vocalizations/Mar_Chiquita/No year/Hypoxantha,C_19_130_B.wav_1131,NANANAfaintfaintNA,C_19_130_B.wav,1,1,2092.769029,2092.856103,2092.722589,2092.905446,0.244626167,0.1828575,0.087075,2092.793216,2092.793216,2092.813533,3474,3933.416667,3674.983333,1798.033333,459.3833333,789.5666667,3904.683333,-0.044152273,0.432678289,3258.683333,-74.16666667,4249.2,71.7,3.166666667,132.35,1.957333333,3.107166667,1.4925,3.052666667,0.244626168,3.659267794,-0.890421126,3.624352781,-0.360173866,-0.786315456,-0.924738113,0.277666603,0.058567265,0.170828182,0.106929542,0.461136856,0.269556126,0.874057273,-0.96805929,-0.089895392,0.462940991,-0.293705827,1.78392917,-1.191890033,1.029,14.09027778,3.724,3.577,-1.108620879,3.675,97.748,1.9704,97.748,99.90469159,5.468,-0.481280373,0.062083073,3.4976,-0.524557797,0.219134786,-0.627446333,-0.993730801,Hypoxantha_Mar_Chiquita,593.4821526,-0.603919761,-2208.268266,306.7829221,498.1238794,400.7701407,-622.532319,891.4480371,-685.9215633,-927.4066841,1438.438252,-415.9685857,-140.1554064,58.86989845,-399.0431096,-311.2300872,-163.6523119,130.8146589,-488.9910731,-382.0739602,24.47662637,11.06959451,216.5842877,7.47E-12
C_19_130,C_19_130_B.wav_Hypoxantha_complex_88,H:\Sporophila_vocalizations\M-F consolidated\converted_sound_files\C_19_130_B.wav,Hypoxantha_final_kjochecked_CecilasImageCorrections.txt,Hypoxantha,Mar_Chiquita,No year,complex,88,C_19_130_B.wav,D:/Sporophila_vocalizations/Mar_Chiquita/No year/Hypoxantha,C_19_130_B.wav_1137,faintNANANANANANANA,C_19_130_B.wav,1,1,2107.972778,2108.033005,2107.935771,2108.077268,0.20817775,0.141496875,0.060226875,2107.994547,2107.994547,2107.999626,3520.6625,3725.25,3639.1125,1847.275,204.5625,796.7375,3682.175,-0.768843501,1.449498281,3014.6375,-55.625,4123.6,85.3,7.25,131.1125,2.166,3.0705,1.597,3.254125,0.20817757,3.575609364,-0.914568687,3.62796063,-0.750473135,-0.984430346,-0.818839082,-0.438851408,-0.454636629,0.13407653,0.080873563,-0.215140603,-0.405659645,0.890795848,-0.218642567,0.553429303,0.508564867,-0.620901286,0.31197371,-1.342548308,1.43325,12.39375,3.6015,3.4545,-0.514717042,3.7485,112.402,1.133,112.402,115.4586355,5.2709,-0.30324485,-0.488272561,4.1379,-0.312986839,-0.212687028,0.143500822,-0.803507269,Hypoxantha_Mar_Chiquita,380.7330158,-1.137851,-2492.673339,-356.9326803,-589.5081592,-749.2179047,-152.6246157,1647.798675,-621.9211092,75.74650304,414.6055701,588.8820979,110.1807071,-249.4985299,-143.2139924,233.3958858,168.502702,-510.1440533,-160.9824292,-105.1119319,-198.9079586,36.24391367,11.67235711,-1.47E-11
C_19_130,C_19_130_B.wav_Hypoxantha_complex_90,H:\Sporophila_vocalizations\M-F consolidated\converted_sound_files\C_19_130_B.wav,Hypoxantha_final_kjochecked_CecilasImageCorrections.txt,Hypoxantha,Mar_Chiquita,No year,complex,90,C_19_130_B.wav,D:/Sporophila_vocalizations/Mar_Chiquita/No year/Hypoxantha,C_19_130_B.wav_1151,NANANANANANANANANA,C_19_130_B.wav,1,1,2124.095005,2124.14983,2124.06211,2124.18724,0.185358444,0.12513,0.054825,2124.116935,2124.116935,2124.12403,3445.3,3684.566667,3560.155556,2191.7,239.2444444,631.6555556,3627.155556,-0.948037279,0.550106319,3215.622222,-46.15555556,3933.377778,51.11111111,4.555555556,131.8,2.201,2.943888889,1.610555556,3.582111111,0.185358255,3.638973495,-0.644795663,3.574522383,-0.493818263,-1.010943772,-1.154118587,-0.639143423,-0.657497356,0.122089582,0.073114431,0.501834692,0.218695809,0.858390868,0.49710679,-0.328318774,0.462656544,-0.623529157,0.300006593,-1.242109458,1.502666667,13.52530864,3.969,3.413666667,-2.343128702,3.773,128.677,0.9864,128.677,131.6410467,6.5737,-0.214227088,-0.832832816,5.5873,-0.334753859,0.412655196,-0.321500067,-0.708450704,Hypoxantha_Mar_Chiquita,893.6664114,-0.689344005,-1988.876342,-1283.272894,-814.0053173,512.5375346,-275.8271147,1330.980142,-49.44738884,-772.3462574,336.5567182,352.8635912,389.6346711,-159.7591205,-217.7536743,372.0941785,-35.05354112,-303.7338003,-160.1337119,-343.3837557,74.69889963,-30.98167587,124.4353824,3.52E-12
C_19_130,C_19_130_C.wav_Hypoxantha_complex_225,H:\Sporophila_vocalizations\M-F consolidated\converted_sound_files\C_19_130_C.wav,Hypoxantha_final_kjochecked_CecilasImageCorrections.txt,Hypoxantha,Mar_Chiquita,No year,complex,225,C_19_130_C.wav,D:/Sporophila_vocalizations/Mar_Chiquita/No year/Hypoxantha,C_19_130_C.wav_1522,NANANANANANANA,C_19_130_C.wav,1,1,2164.632162,2164.6927,2164.592357,2164.75075,0.230908,0.158393571,0.060537857,2164.654553,2164.654553,2164.661187,3494.5,3666.785714,3580.657143,1254.514286,172.2714286,541.4,3592.957143,-1.059418679,0.586271538,3260.742857,-40.25714286,4048.228571,57.22857143,6.714285714,142.1571429,1.767142857,2.706142857,1.356714286,2.766857143,0.230907877,3.586965496,-1.76089803,3.581014802,-0.444115794,-1.193305819,-1.519313986,-0.328468042,-0.357078003,0.14141639,0.086180205,-0.958289531,-0.862638313,0.87274083,-0.980451495,-0.131320492,0.42237464,-0.488275957,1.681353877,-1.600819637,0.798,13.80952381,4.053,3.549,-2.343458064,3.675,20.572,2.3858,20.572,23.65683178,5.6345,-0.392262611,-0.145056271,3.2487,-0.306358081,-0.719024335,0.7252847,-1.65934756,Hypoxantha_Mar_Chiquita,387.7644279,-1.110969237,-3796.021584,-2.541580636,699.8433087,-1255.296801,-1583.257467,1453.353827,71.52010182,-150.2969983,726.985552,90.55773286,558.6802009,-336.7373917,-120.1484269,-163.8815001,-214.2509251,-302.1954769,30.02809833,-121.1480173,139.1027075,-40.48264991,30.80960899,-8.80E-12
C_19_130,C_19_130_C.wav_Hypoxantha_complex_226,H:\Sporophila_vocalizations\M-F consolidated\converted_sound_files\C_19_130_C.wav,Hypoxantha_final_kjochecked_CecilasImageCorrections.txt,Hypoxantha,Mar_Chiquita,No year,complex,226,C_19_130_C.wav,D:/Sporophila_vocalizations/Mar_Chiquita/No year/Hypoxantha,C_19_130_C.wav_1529,NANANANANANANA,C_19_130_C.wav,1,1,2170.550763,2170.619593,2170.511786,2170.661887,0.231508714,0.150100714,0.068830714,2170.572324,2170.572324,2170.589739,3457.585714,3666.785714,3556.057143,1363.285714,209.1857143,529.1142857,3629.885714,-0.939145378,0.649016015,3199.2,-46.62857143,4035.914286,78.41428571,7.428571429,141.4,1.846571429,2.719142857,1.393857143,3.054285714,0.231508678,3.587047625,-1.738713529,3.576102665,-0.408961897,-1.186093677,-1.546865228,-0.010036228,-0.067618668,0.148885505,0.087616704,-0.150719694,-0.416143015,0.859706499,-1.062422615,-0.541327763,0.384190517,-0.551839306,0.942811765,-1.600819637,1.05,14.76190476,3.885,3.549,-1.663480095,3.717,26.545,2.3858,26.545,29.53104673,5.533,-0.392262611,-0.135984474,3.1472,-0.329581803,-0.590867053,0.50819465,-1.564180592,Hypoxantha_Mar_Chiquita,764.8720759,-1.020075012,-3595.633252,349.6937229,64.3579045,-279.2780152,-1565.789289,1288.984657,96.73253878,-258.867756,522.4484555,207.1543093,243.5072577,-227.2734088,-54.8608879,-42.11159624,-376.3831264,-284.4478087,-127.8890561,-183.7688776,-88.86219629,18.78592362,109.884255,1.15E-11
C_19_130,C_19_130_C.wav_Hypoxantha_complex_92,H:\Sporophila_vocalizations\M-F consolidated\converted_sound_files\C_19_130_C.wav,Hypoxantha_final_kjochecked_CecilasImageCorrections.txt,Hypoxantha,Mar_Chiquita,No year,complex,92,C_19_130_C.wav,D:/Sporophila_vocalizations/Mar_Chiquita/No year/Hypoxantha,C_19_130_C.wav_1163,NANANANANA,C_19_130_C.wav,1,1,2153.835381,2153.902719,2153.792424,2153.946837,0.273084,0.154413,0.067338,2153.849313,2153.849313,2153.867889,3652,3824.3,3720.94,1556.66,172.26,465.1,3789.86,-0.418122368,0.376861848,3359.16,-32.64,4358.3,38.58,1.2,145.64,1.5608,2.4734,1.2354,3.1524,0.273084112,3.770793517,-1.761704014,3.75265313,0.367434235,-0.750856949,-1.687821705,0.473010573,0.815806086,0.170332824,0.090652583,0.186459002,-0.201479513,0.824202419,-1.060653714,-1.617720511,0.270623396,0.019017106,1.755208088,-0.980968448,1.176,12.76333333,4.0278,3.4986,-1.603320631,3.8514,10.255,2.5616,10.255,12.58746729,5.6158,-0.570298135,0.491783818,3.0542,-0.483234074,-0.558844024,0.687540185,-1.65934756,Hypoxantha_Mar_Chiquita,264.1204325,-1.121517633,-3163.150633,1493.560587,1267.236348,726.2013173,-2120.045181,843.4441503,195.5283317,-733.4735457,336.7759922,-93.03376028,788.9068133,97.60437028,-288.322063,-152.8490075,-304.2909141,-276.7582911,-197.0343518,-295.6318413,67.86204635,-11.90544129,-50.82068134,-1.13E-12
C_19_135,C_19_135_A.wav_Hypoxantha_complex_135,H:\Sporophila_vocalizations\M-F consolidated\converted_sound_files\C_19_135_A.wav,Hypoxantha_final_kjochecked_CecilasImageCorrections.txt,Hypoxantha,Mar_Chiquita,No year,complex,135,C_19_135_A.wav,D:/Sporophila_vocalizations/Mar_Chiquita/No year/Hypoxantha,C_19_135_A.wav_1221,faintfaintfaintfaintfaintfaintfaintfaintfaintfaint,C_19_135_A.wav,1,1,2584.322891,2584.378039,2584.299091,2584.432605,0.193458,0.1335148,0.0551475,2584.327535,2584.327535,2584.349014,3738.14,4168.81,3919.05,2492.61,430.66,1421.19,4375.53,1.489356355,-4.037212071,3221.35,-129.08,4771.77,74.17,4.6,114.5,2.4475,3.5513,1.7284,3.8195,0.193457944,3.939465423,0.107769113,3.911856462,0.213408635,0.24740857,0.177736765,-0.893969957,-1.028817069,0.119572257,0.078335774,-0.254372101,-0.25789146,0.897248127,2.166336656,1.155692522,0.52280849,0.515420189,0.97973887,0.013376169,2.0874,18.17239538,4.704,3.675,-14.55524787,3.969,14.466,2.069,14.466,18.61572897,6.7488,-0.125209326,-0.710531563,4.6798,-0.056007683,-0.505337651,0.742758282,0.432669684,Hypoxantha_Mar_Chiquita,2423.781443,-0.39076816,1543.080014,-1785.339224,1966.654533,-1415.991726,777.9473962,-104.0870016,3278.175065,-2045.675429,-249.8672427,-372.4862626,-660.646474,-812.4498894,-146.7167018,-677.6747717,700.9369473,-253.9510781,-443.3589502,-200.5933779,-11.27116666,-17.00447223,144.9926759,1.80E-11
C_19_135,C_19_135_A.wav_Hypoxantha_complex_136,H:\Sporophila_vocalizations\M-F consolidated\converted_sound_files\C_19_135_A.wav,Hypoxantha_final_kjochecked_CecilasImageCorrections.txt,Hypoxantha,Mar_Chiquita,No year,complex,136,C_19_135_A.wav,D:/Sporophila_vocalizations/Mar_Chiquita/No year/Hypoxantha,C_19_135_A.wav_1231,faintNANANA,C_19_135_A.wav,1,1,2593.442528,2593.512188,2593.410601,2593.578946,0.2285045,0.16834475,0.06966,2593.459943,2593.459943,2593.473005,3445.3,3768.3,3574.475,1938,323,947.475,3552.975,-1.189637209,0.348038604,3143.85,-92.725,4328.15,137.25,13.5,114.575,2.44725,3.48625,1.8455,3.95975,0.228504673,3.666148597,-0.685637847,3.646844532,-0.647125115,-0.657449633,-0.381773663,-0.311077414,-0.40313477,0.154074089,0.099797773,-1.237946192,-0.899950237,0.935672326,-0.572648956,1.850168177,0.626270793,-0.381776041,0.850494,-0.777579776,1.617,33.925,3.969,3.381,-4.188900354,3.6015,24.951,2.5616,24.951,26.84136449,6.8293,-0.659315896,-0.181343463,4.2677,-0.587169565,-0.910303262,1.745942826,-0.613283737,Hypoxantha_Mar_Chiquita,NA,-0.790031242,-2147.496138,346.5968573,322.9832525,-2776.770952,317.0175848,1543.694241,643.6441799,470.6218599,442.0254767,-150.742883,347.0991293,-205.9206904,271.999247,471.5066877,-31.26580804,18.88087106,229.9462896,272.0219923,-88.87836292,154.2800483,-127.2626894,1.06E-11
C_19_135,C_19_135_A.wav_Hypoxantha_complex_237,H:\Sporophila_vocalizations\M-F consolidated\converted_sound_files\C_19_135_A.wav,Hypoxantha_final_kjochecked_CecilasImageCorrections.txt,Hypoxantha,Mar_Chiquita,No year,complex,237,C_19_135_A.wav,D:/Sporophila_vocalizations/Mar_Chiquita/No year/Hypoxantha,C_19_135_A.wav_1549,NANANANA,C_19_135_A.wav,1,1,2641.105839,2641.191463,2641.068106,2641.301758,0.35116825,0.23365075,0.08562375,2641.126156,2641.126156,2641.149376,3940.575,4220.5,4091.3,2102.55,279.925,753.7,4112.85,0.633829333,0.423528052,3423.8,-59.325,4586.575,40.8,1.5,122.425,1.8125,3.237,1.2955,3.6915,0.351168224,3.952706506,-0.747204181,3.996176867,0.96793774,-0.027092346,-1.140950217,0.532145526,0.283358255,0.205748945,0.137165439,-0.442505668,-0.400447716,0.8987614,-0.737078083,0.700213644,0.473556425,0.720009754,0.850494,-0.66458607,1.6905,17.1375,4.116,3.7485,-0.589422821,4.116,72.486,2.5128,72.486,75.10118692,5.5897,-0.659315896,1.670814919,3.0769,-0.41676853,-1.4865815,2.733131244,-1.754404125,Hypoxantha_Mar_Chiquita,NA,-1.243808187,-1573.833064,3020.819214,1850.939639,-1418.726602,-1107.204874,1617.348196,1065.682846,-218.9942184,-159.5615768,1060.562691,-151.4942511,-15.26391603,421.4079544,59.05634842,546.1259533,325.606032,667.7326592,-305.1182119,366.7340466,20.75210042,-146.0754088,-2.56E-12
C_19_135,C_19_135_B.wav_Hypoxantha_complex_144,H:\Sporophila_vocalizations\M-F consolidated\converted_sound_files\C_19_135_B.wav,Hypoxantha_final_kjochecked_CecilasImageCorrections.txt,Hypoxantha,Mar_Chiquita,No year,complex,144,C_19_135_B.wav,D:/Sporophila_vocalizations/Mar_Chiquita/No year/Hypoxantha,C_19_135_B.wav_1247,NANA,C_19_135_B.wav,1,1,2717.97695,2718.148197,2717.927608,2718.19754,0.3602805,0.269932,0.1712475,2718.037903,2718.037903,2718.026293,4866.5,5469.45,5297.15,2216.75,602.95,1464.25,5297.15,4.490996426,-0.0705847,4048.2,-44.5,5943.15,7.4,0.5,120.8,1.7465,3.844,1.2425,3.547,0.360280374,5.143127498,-0.01923958,5.256808639,5.050410153,3.632012519,0.43987792,2.114701481,2.471932343,0.28626862,0.172073083,0.317678879,0.05277819,0.921154065,-0.786325972,1.371334376,0.548280001,4.669843064,3.65079951,0.917325821,1.764,16.38571429,5.439,4.116,-3.667432775,5.439,8.339,2.9557,8.339,9.311878505,6.601,-0.83735142,1.808403826,3.6453,-0.802864546,0.438105967,0.821044657,-0.613283737,Hypoxantha_Mar_Chiquita,NA,-1.390568837,3660.155727,5068.199584,7905.015039,381.5368421,-235.3000473,642.4536806,-1614.013017,-2431.491191,467.0274655,890.9855391,-1019.398701,1514.430973,598.7670731,-166.4152932,-541.9991141,-253.1408089,-349.8504903,-217.9104477,4.057555095,77.25540739,-228.3125459,-6.15E-12
C_19_135,C_19_135_B.wav_Hypoxantha_complex_145,H:\Sporophila_vocalizations\M-F consolidated\converted_sound_files\C_19_135_B.wav,Hypoxantha_final_kjochecked_CecilasImageCorrections.txt,Hypoxantha,Mar_Chiquita,No year,complex,145,C_19_135_B.wav,D:/Sporophila_vocalizations/Mar_Chiquita/No year/Hypoxantha,C_19_135_B.wav_1249,NANA,C_19_135_B.wav,1,1,2718.905749,2718.952189,2718.888334,2718.984116,0.138785,0.0957825,0.04644,2718.911554,2718.911554,2718.926066,3574.5,4263.55,3832.9,3817.75,689.05,1593.45,3789.8,-0.418317783,-5.945036309,3316.1,-81.6,5124.9,22.25,1,113.85,2.932,4.334,2.33,4.2465,0.138785046,4.062262001,0.994320166,4.053347011,0.340538658,0.776958073,0.931098159,-1.323827521,-1.38072163,0.093903691,0.060001245,-0.784341729,-0.834528776,0.88831877,4.816347084,1.409263366,0.478988931,0.97461308,1.065902117,0.691338408,2.499,4.145833333,5.586,3.822,-27.58816711,3.822,9.539,2.5123,9.539,10.01551402,6.5025,-0.83735142,-1.536065014,3.9902,-0.919556605,7.279762848,0.146016756,-1.183843931,Hypoxantha_Mar_Chiquita,NA,-1.433820718,868.5288932,-6164.730179,3699.975336,-15.48004765,4721.63982,-1958.862411,3502.529275,-4217.809526,414.6676782,1961.921459,1850.279865,3639.952075,660.3538289,277.4458369,340.6063257,991.2938494,159.3278167,-190.5386079,-276.6628933,-309.6014983,-120.9553941,1.29E-12
C_19_135,C_19_135_B.wav_Hypoxantha_complex_148,H:\Sporophila_vocalizations\M-F consolidated\converted_sound_files\C_19_135_B.wav,Hypoxantha_final_kjochecked_CecilasImageCorrections.txt,Hypoxantha,Mar_Chiquita,No year,complex,148,C_19_135_B.wav,D:/Sporophila_vocalizations/Mar_Chiquita/No year/Hypoxantha,C_19_135_B.wav_1757,NANANANANANANANANANANANA,C_19_135_B.wav,1,1,2743.172536,2743.237842,2743.145446,2743.293957,0.20911225,0.148511167,0.06530625,2743.181727,2743.181727,2743.204947,3789.841667,4407.125,4048.233333,3233.816667,617.2916667,1801.633333,4177.433333,0.844171905,-1.145737448,3100.783333,-129.8416667,5124.891667,223.7916667,6.333333333,114.1166667,2.9075,4.215166667,2.097,4.2805,0.209112149,4.099166125,1.021674394,4.083241918,0.544091502,0.953242228,0.999482844,-0.447642832,-0.523998993,0.143626293,0.091868905,-0.567445639,-0.423148556,0.923889973,1.398006825,1.853896193,0.581593574,0.96991012,0.419677768,0.61600927,2.6705,15.15326687,4.263,3.6995,-1.539801411,3.969,31.322,1.9704,31.322,36.97090654,6.8966,0.052826197,-0.474160877,4.9262,0.296439204,-0.977198342,1.239626219,0.622893216,Hypoxantha_Mar_Chiquita,3405.215085,0.3912584,2659.578621,-215.2662924,1178.586686,-2159.542856,927.2085102,482.7991687,1226.055506,-219.7291637,-341.6002142,111.0488452,54.73989168,-651.8243582,178.7977593,21.74146862,237.3947279,93.35333749,-51.79823115,34.83998417,37.11826451,-66.4146098,-62.40927178,6.57E-12
C_19_136,C_19_136.wav_Ruficollis_complex_134,H:\Sporophila_vocalizations\M-F consolidated\converted_sound_files\C_19_136.wav,Ruficollis_final_kjochecked_CecilasImageCorrections.txt,Ruficollis,Mar_Chiquita,No year,complex,134,C_19_136.wav,D:/Sporophila_vocalizations/Mar_Chiquita/No year/Ruficollis,C_19_136.wav_1469,NANANANANANANANAfaintNANA,C_19_136.wav,1,1,3075.62969,3075.735763,3075.573223,3075.78748,0.290411364,0.214257,0.106073,3075.675602,3075.675602,3075.694072,3445.3,3962.109091,3554.918182,2995.3,516.7909091,1370.309091,3648.890909,-0.877247031,0.866482666,3194.727273,-130.8363636,5011.354545,223.9090909,5.181818182,130.2272727,2.387090909,3.487545455,1.624181818,4.308818182,0.290411349,3.890463161,0.726088275,3.771394232,-0.304238183,0.335761049,0.913052652,1.067614828,0.694916949,0.211151454,0.133990662,0.660245257,0.835755575,0.891504379,-0.391818328,0.543038395,0.511939788,0.214013457,0.125939428,0.383173754,2.619272727,20.78271476,3.755181818,4.156090909,0.609062893,3.648272727,34.591,1.6116,34.591,39.56717187,6.3052,-0.036191565,0.753416434,4.6936,0.138283661,-0.775508289,-0.116781606,-0.32800364,Ruficollis_Mar_Chiquita,5919.820995,0.930036049,845.3442629,1836.418592,-1137.089744,-59.73890416,372.5101128,-247.7849022,-656.2381476,151.2022047,1024.479004,-255.5952403,740.8007101,-397.163516,265.9271512,38.34280065,-558.7688305,608.6240318,213.6144724,116.6319969,-8.511040896,-32.43116156,48.54152446,-1.18E-11
C_19_147,C_19_147_B_newrecording.wav_Ruficollis_complex_9,D:\Sporophila_vocalizations\additionalsporophilasongs\C_19_147_B_newrecording.wav,C_19_147_B_newrecording.wav.Table.1.selections.txt,Ruficollis,Mar_Chiquita,2019,complex,9,C_19_147_B.wav,NA,C_19_147_B_newrecording.wav_8,NANANANANANANANANANA,C_19_147_B_newrecording.wav,1,1,12.4093129,12.5416666,12.3477801,12.6043605,0.3301871,0.2565806,0.1323539,12.4830363,12.4830363,12.4900023,3686.47,4539.2,3962.1,2104.25,852.73,1360.91,3893.19,-0.081585109,1.763122625,3385.01,-189.91,4806.22,221.07,10.6,136.35,2.2447,3.5028,1.5535,3.3654,0.330186972,4.121344287,0.027818395,4.04632894,0.665065681,1.045119392,1.018284493,1.753285867,1.317834391,0.238809999,0.148666996,0.100138504,0.55695478,0.896368221,-0.506745182,0.672522081,0.552650769,1.00950804,1.841371335,-0.077018796,1.7346,55.86137085,4.263,4.263,0.839947162,4.263,9.814628351,2.2581,9.815,14.79764342,6.5532,-0.125209326,1.354008482,4.2951,0.139892452,-1.056453762,-0.007646339,-0.042723543,Ruficollis_Mar_Chiquita,7118.432182,0.96603492,1170.590391,3103.199858,465.932333,-776.6179301,-407.9925676,229.9273145,-2080.603964,-590.5684748,941.5949106,-646.408428,961.8067785,-59.6471748,93.28379884,-519.110938,-642.7475614,315.2784111,218.6007644,221.5143917,-11.18100431,-90.52587635,129.1411128,1.86E-12
C_19_149,C_19_149_B.wav_Ruficollis_complex_223,H:\Sporophila_vocalizations\M-F consolidated\converted_sound_files\C_19_149_B.wav,Ruficollis_final_kjochecked_CecilasImageCorrections.txt,Ruficollis,Salta,No year,complex,223,C_19_149_B.wav,D:/Sporophila_vocalizations/Salta/No year/Ruficollis,C_19_149_B.wav_1583,NANANANANA,C_19_149_B.wav,1,1,3816.095045,3816.183281,3816.070664,3816.218111,0.2030122,0.147447,0.088236,3816.106655,3816.106655,3816.134519,3186.9,3583.14,3410.86,1560,396.2,861.34,3600.34,-1.035373324,-0.249014305,2859.62,-53.4,4013.78,44.5,1.8,128.28,1.502,3.2918,1.2724,2.6608,0.20301234,3.341652512,-1.550222244,3.328975926,-1.410604625,-1.779531847,-1.419114279,-0.58057123,-0.895903343,0.133471263,0.089464727,-0.723498398,-0.897708568,0.857371155,-1.014171459,-0.603820002,0.345033429,-1.21621381,0.721249131,-1.523338239,1.176,3.785714286,3.6162,3.3222,-1.920842757,3.5574,12.898,2.5,12.898,15.1973939,5.45,-0.570298135,-0.566264961,2.95,-0.491009413,-0.777160816,1.690730994,-1.183843931,Ruficollis_Salta,431.5823167,-0.988697421,-4057.844989,-577.8380787,-282.4543234,-1172.218568,-1285.149364,1496.998885,1587.057945,560.9576869,47.38820288,-325.8826853,330.4101776,-147.6474395,-165.5456184,-339.454751,161.6847193,69.92402812,-302.5655484,-184.4260759,-54.07192598,105.8908442,292.5425409,-9.04E-12
C_19_149,C_19_149_B.wav_Ruficollis_complex_226,H:\Sporophila_vocalizations\M-F consolidated\converted_sound_files\C_19_149_B.wav,Ruficollis_final_kjochecked_CecilasImageCorrections.txt,Ruficollis,Salta,No year,complex,226,C_19_149_B.wav,D:/Sporophila_vocalizations/Salta/No year/Ruficollis,C_19_149_B.wav_2583,NANANANANANANANANANANANANANANANANA,C_19_149_B.wav,1,1,3831.860029,3831.918079,3831.818028,3831.957689,0.220505824,0.139661353,0.05805,3831.893834,3831.893834,3831.887005,3455.429412,3987.429412,3678.364706,3739.1,532,1393.329412,3779.694118,-0.451231805,0.653629579,3110.911765,-116.0823529,5162.9,187.6529412,3.470588235,132.7294118,2.183705882,3.627235294,1.557705882,3.869352941,0.220505772,3.946526366,0.923523761,3.869147393,-0.135743519,0.378926551,0.795563867,-0.017104575,-0.044028835,0.149717378,0.087956941,0.258485898,-0.066060612,0.868869501,0.824604354,0.043418241,0.354341789,0.254199954,0.305638177,0.545111258,2.663294118,12.32294944,3.657705882,3.830647059,4.440968038,3.813352941,25.69,1.0185,25.69,32.72894393,9.1204,0.497915005,-0.30212286,8.1019,0.623227943,-0.580149583,0.230786765,1.288620377,Ruficollis_Salta,6199.990961,1.241943987,2045.711194,-140.0322237,-907.8402991,-632.0584656,-83.20713475,65.21986576,-501.683234,359.5524733,-298.8313877,-775.5918932,1065.401966,-225.6302108,-93.23593754,155.0326043,54.05242398,65.07064891,-98.6801227,-246.6881015,-29.58385309,-18.06285862,25.76427498,-1.74E-12
C_19_149,C_19_149_B.wav_Ruficollis_complex_245,H:\Sporophila_vocalizations\M-F consolidated\converted_sound_files\C_19_149_B.wav,Ruficollis_final_kjochecked_CecilasImageCorrections.txt,Ruficollis,Salta,No year,complex,245,C_19_149_B.wav,D:/Sporophila_vocalizations/Salta/No year/Ruficollis,C_19_149_B.wav_1646,NANAdouble note?NA,C_19_149_B.wav,1,1,3885.56915,3885.648968,3885.531417,3885.734592,0.30000025,0.20317475,0.07981875,3885.563345,3885.563345,3885.595272,3488.375,3983.625,3725.225,2437.725,495.275,1119.725,3746.75,-0.55852807,0.066668843,3165.35,-126.1,4758.825,70.475,4,138.9,1.8275,3.7195,1.287,3.0465,0.3,3.668121166,-0.622744348,3.710529982,-0.700469242,-0.545235654,-0.131306358,0.424714378,0.891431997,0.190682447,0.109426088,-1.625306138,-1.213404911,0.893426224,-0.907585597,0.508995759,0.313945946,0.040102754,-0.011138464,-0.551592363,2.058,9.542929293,3.675,2.7195,-2.753846449,3.675,82.585,1.8081,82.585,84.65420561,6.0379,-0.659315896,0.89820028,4.2298,-0.545125182,-0.621167122,1.29426944,-0.518116769,Ruficollis_Salta,NA,-0.458404423,-2149.829511,1366.511334,465.7927931,-1887.447184,101.9655003,-267.8828193,237.1778552,659.3749659,-558.8543196,-91.71176426,250.8982962,136.8454728,638.4588657,-249.389535,74.44612837,176.4231789,-145.4244186,339.3386621,128.9148907,45.13939955,-399.7156834,-5.72E-12
C_19_149,C_19_149_B.wav_Ruficollis_complex_250,H:\Sporophila_vocalizations\M-F consolidated\converted_sound_files\C_19_149_B.wav,Ruficollis_final_kjochecked_CecilasImageCorrections.txt,Ruficollis,Salta,No year,complex,250,C_19_149_B.wav,D:/Sporophila_vocalizations/Salta/No year/Ruficollis,C_19_149_B.wav_1657,NANANA,C_19_149_B.wav,1,1,3910.90599,3911.01822,3910.869225,3911.078205,0.291588667,0.208979667,0.11223,3910.90599,3910.90599,3910.92921,3244.3,3875.966667,3588.833333,2357.066667,631.6333333,1062.333333,3876,-0.137571516,-0.139211471,2957.233333,-98.9,4651.166667,89.03333333,3.333333333,135.9666667,1.823,3.706,1.253333333,3.277333333,0.291588785,3.443363465,-0.527248608,3.444603683,-1.684360779,-0.999570921,0.212036618,0.244710802,0.181009,0.193838395,0.127387949,-1.455397617,-0.977025901,0.902661071,-0.92376294,0.786461439,0.383513899,-0.892179757,0.204269652,-0.739915207,1.862,11,4.263,3.185,-3.429345922,3.479,108.188,1.905,108.188,109.7181682,5.715,-0.748333658,0.771195134,3.81,-0.671849361,-0.294636761,1.774428499,-1.278900495,Ruficollis_Salta,NA,-0.913300679,-2817.821211,980.6877013,91.39450322,-2062.523918,624.1295297,245.3425366,1019.078235,854.5826982,176.725958,332.8129319,82.50758589,394.1824016,-53.53379401,-898.3796588,619.4131145,663.1196832,-288.8445657,307.6475008,-33.47314837,130.4900562,-120.8931604,-6.40E-12
C_19_149,C_19_149_B.wav_Ruficollis_complex_251,H:\Sporophila_vocalizations\M-F consolidated\converted_sound_files\C_19_149_B.wav,Ruficollis_final_kjochecked_CecilasImageCorrections.txt,Ruficollis,Salta,No year,complex,251,C_19_149_B.wav,D:/Sporophila_vocalizations/Salta/No year/Ruficollis,C_19_149_B.wav_1660,NANANANANANANANANANANANA,C_19_149_B.wav,1,1,3917.991463,3918.075635,3917.956149,3918.131266,0.2436205,0.175117333,0.084172417,3918.018069,3918.018069,3918.032581,3294.566667,3804.183333,3488.375,3509.266667,509.625,1148.433333,3624.758333,-0.955844833,0.135295614,3050.533333,-150.8416667,4859.325,148.375,2.75,131.6666667,1.897333333,3.426333333,1.333916667,3.644,0.243620579,3.649666143,0.801459846,3.54651165,-1.140105869,-0.691114036,0.118910526,-0.15843584,-0.291031978,0.166374882,0.109762233,0.903938766,0.889145785,0.864760059,0.737959117,-0.106299614,0.340157719,-0.339093371,0.060664241,0.352357289,2.6215,7.57880291,3.8465,3.5035,-1.021036901,3.6505,113.137,1.3714,113.137,117.8332766,7.0436,0.052826197,0.046899174,5.6722,0.072482109,-0.270259191,-0.331762873,-0.042723543,Ruficollis_Salta,6206.952408,1.016389898,399.3485656,-370.4008821,-1791.495011,477.6965143,314.9869854,33.22257264,212.5403608,-243.808474,712.7495572,-521.0960453,958.8472343,-726.4864237,-90.08796384,156.5549287,361.2774262,829.0049534,-64.78495048,-215.7206965,198.1387532,-39.52335427,-48.81076499,1.10E-11
C_19_149,C_19_149_B.wav_Ruficollis_complex_258,H:\Sporophila_vocalizations\M-F consolidated\converted_sound_files\C_19_149_B.wav,Ruficollis_final_kjochecked_CecilasImageCorrections.txt,Ruficollis,Salta,No year,complex,258,C_19_149_B.wav,D:/Sporophila_vocalizations/Salta/No year/Ruficollis,C_19_149_B.wav_1683,NANANANANA,C_19_149_B.wav,1,1,3938.676669,3938.766066,3938.632551,3938.833404,0.2910374,0.2008528,0.089397,3938.680152,3938.680152,3938.714982,3600.34,4082.7,3875.96,2492.76,482.36,1154.18,4065.48,0.479549163,0.014512496,3152.46,-89.02,4788.98,53.4,2.8,136.9,1.65,3.7538,1.2716,2.6516,0.291037221,3.779368289,-0.829577537,3.783730598,-0.16563946,-0.361609049,-0.425262621,0.479384926,0.698180802,0.190972915,0.1137441,-1.345187982,-1.137563116,0.879884869,-0.959970096,0.088972701,0.272596614,0.200964352,0.721249131,-0.348203692,1.9404,9.657142857,3.5574,3.5574,0.222214902,3.8514,135.205,1.8985,135.205,137.5417305,6.1906,-0.570298135,0.762866796,4.2921,-0.482231819,-0.718575857,0.41719958,-0.423060204,Ruficollis_Salta,1732.288575,-0.350260505,-1696.72076,1179.920354,1359.005014,-1185.613455,-469.2356423,-308.9349229,-289.4182241,273.7150206,-378.3948438,-344.6863806,-211.3178784,-259.5375772,92.26022771,-507.2549525,178.0063445,123.9932871,-301.8018072,142.514436,80.6555375,18.26875732,-135.3154563,1.12E-11
C_19_149,C_19_149_B.wav_Ruficollis_complex_264,H:\Sporophila_vocalizations\M-F consolidated\converted_sound_files\C_19_149_B.wav,Ruficollis_final_kjochecked_CecilasImageCorrections.txt,Ruficollis,Salta,No year,complex,264,C_19_149_B.wav,D:/Sporophila_vocalizations/Salta/No year/Ruficollis,C_19_149_B.wav_1701,NANANA,C_19_149_B.wav,1,1,3961.409392,3961.527426,3961.262332,3961.593216,0.436159333,0.330884333,0.118035,3961.436482,3961.436482,3961.461637,3560.133333,4105.633333,3789.833333,3090.766667,545.5,1492.966667,4048.266667,0.423486761,0.098694669,3215.633333,-118.7,5081.866667,143.4333333,5.666666667,135.7333333,1.994,3.882,1.097333333,3.545,0.436159323,3.901812287,0.175589091,3.902692833,-0.128356688,0.308431974,0.66777193,3.36613606,2.674906829,0.318465879,0.200040154,-1.676437346,-1.213651628,0.924795667,-0.520577301,1.529399107,0.430764737,0.598988052,-0.082941169,0.31469272,2.646,16.85252525,4.949,4.067,-1.681812965,3.871,158.295,1.8159,158.295,160.3407976,5.888,-0.748333658,2.954138066,4.0721,-0.550628245,-1.184256029,2.292442597,-0.32800364,Ruficollis_Salta,NA,-0.710496026,-743.1993275,5166.177268,1101.172454,-2785.19079,1015.852194,-1762.886645,64.78279951,-37.54993237,-964.5563983,339.3480698,351.0487628,695.140692,615.7150185,-109.2030777,722.9729831,379.6945537,-125.5681091,447.5412438,-16.0084303,237.217859,377.4512981,-4.03E-12
C_19_149,C_19_149_C.wav_Ruficollis_complex_266,H:\Sporophila_vocalizations\M-F consolidated\converted_sound_files\C_19_149_C.wav,Ruficollis_final_kjochecked_CecilasImageCorrections.txt,Ruficollis,Salta,No year,complex,266,C_19_149_C.wav,D:/Sporophila_vocalizations/Salta/No year/Ruficollis,C_19_149_C.wav_1707,NANANANAclickNAclickNANANANANA,C_19_149_C.wav,1,1,4007.567275,4007.62339,4007.513095,4007.677086,0.247358667,0.163991083,0.056115,4007.56147,4007.56147,4007.590979,3552.975,4098.466667,3811.366667,2558.808333,545.5083333,1392.475,3890.325,-0.090916177,-1.289853667,3158.2,-102.6166667,4959.825,80.36666667,2.916666667,124.5666667,2.17425,3.799166667,1.614833333,3.7045,0.247358768,3.872981631,-0.16092143,3.836139984,-0.10991546,0.01170502,0.144180932,0.189745258,0.093179084,0.159071589,0.094451605,-1.005765,-0.854624714,0.899580453,1.365492521,1.10766997,0.441103858,0.322791276,0.994099411,0.164034444,2.1805,17.10578449,4.214,3.479,-8.077720099,3.871,6.491,2.4762,6.491,11.80033645,7.0436,0.052826197,0.103343961,4.5674,0.216608485,-0.762075965,0.321522736,0.147389587,Ruficollis_Salta,4598.198359,0.523788085,505.5932012,-311.3554376,791.1916523,-2086.572326,137.4427494,-648.1674372,656.0927865,-1079.64429,-206.0208207,-372.5646152,636.6351691,-836.3457129,-37.54961632,-115.6510552,245.3613818,132.1836174,-29.39665764,119.5632211,-77.80196243,-42.66568163,-2.856904248,1.06E-11
C_19_149,C_19_149_C.wav_Ruficollis_complex_267,H:\Sporophila_vocalizations\M-F consolidated\converted_sound_files\C_19_149_C.wav,Ruficollis_final_kjochecked_CecilasImageCorrections.txt,Ruficollis,Salta,No year,complex,267,C_19_149_C.wav,D:/Sporophila_vocalizations/Salta/No year/Ruficollis,C_19_149_C.wav_1719,NANANANANANANANANANANANAclickNAclickNA,C_19_149_C.wav,1,1,4001.794093,4001.843435,4001.743662,4001.892415,0.217082625,0.148753,0.0493425,4001.812959,4001.812959,4001.816225,3396.85625,3913.65625,3628.33125,2844.24375,516.79375,1464.25625,3805.9875,-0.365596435,-1.010771464,3036.1625,-162.3,5135.675,161.35625,3.0625,119.96875,2.368875,3.6811875,1.6045625,3.985625,0.217082645,3.893980609,0.797448902,3.766113626,-0.446493064,0.351720326,1.101027633,-0.126466956,-0.313686068,0.146799669,0.090659154,-0.242624152,-0.013215931,0.915450805,0.758434807,1.485677859,0.546880923,0.106114209,0.635085884,0.437102568,2.480625,17.80691062,4.171125,3.362625,-8.098767702,3.675,0.205,1.9429,0.205,5.759685762,7.0549,0.408897244,-0.35381038,5.112,0.274288512,-0.048074826,-0.615170392,0.908173313,Ruficollis_Salta,5088.595504,0.920840883,1717.823395,-997.5565572,-247.2810435,-1353.375702,1067.276214,-678.4350871,75.8298855,-435.033639,821.5618233,-848.6330297,203.4587303,-408.2061498,50.37938653,-74.15595509,-121.7633279,138.8741991,-62.06138695,101.8179728,-66.59918119,109.5833553,7.433893113,-5.97E-12
C_19_151,C_19_151_A.wav_Ruficollis_complex_274,H:\Sporophila_vocalizations\M-F consolidated\converted_sound_files\C_19_151_A.wav,Ruficollis_final_kjochecked_CecilasImageCorrections.txt,Ruficollis,Salta,No year,complex,274,C_19_151_A.wav,D:/Sporophila_vocalizations/Salta/No year/Ruficollis,C_19_151_A.wav_1744,NANANA,C_19_151_A.wav,1,1,4132.799747,4132.906172,4132.770722,4132.985506,0.273591,0.214784667,0.106425,4132.813292,4132.813292,4132.836512,3215.6,3789.833333,3474.033333,1948.466667,574.2,1234.566667,3732.4,-0.605264833,0.02549278,2957.233333,-89.03333333,4163.1,59.36666667,6.666666667,123.3,2.293666667,3.796666667,1.701333333,3.253,0.273590848,3.440253279,-0.415819534,3.420330438,-1.683913486,-1.204919039,-0.136379348,-0.048128921,-0.425752472,0.181064655,0.127259713,-1.39793112,-1.061332368,0.937474959,-0.931081259,1.841546365,0.660728898,-1.18265386,0.204269652,-1.191890033,1.568,41.97222222,3.577,3.087,-1.616267036,3.479,18.003,2.357,18.003,19.39071797,5.1226,-0.748333658,0.499435278,2.7656,-0.705338489,0.028721546,1.215066649,-1.183843931,Ruficollis_Salta,NA,-0.963293379,-3130.680573,164.3717543,-260.8238049,-2559.814575,1082.776878,622.0064957,589.915844,598.7861358,714.7228692,362.0139045,-409.2642166,277.8882303,56.65927644,-341.3714379,477.0236319,615.7351103,-5.708177338,36.37825309,-5.476369123,114.7041153,-24.87378066,-1.58E-11
C_19_151,C_19_151_B.wav_Ruficollis_complex_279,H:\Sporophila_vocalizations\M-F consolidated\converted_sound_files\C_19_151_B.wav,Ruficollis_final_kjochecked_CecilasImageCorrections.txt,Ruficollis,Salta,No year,complex,279,C_19_151_B.wav,D:/Sporophila_vocalizations/Salta/No year/Ruficollis,C_19_151_B.wav_1784,NANANANANANANANANANANA,C_19_151_B.wav,1,1,4219.500595,4219.57606,4219.444656,4219.627249,0.246102091,0.182593455,0.075465,4219.52487,4219.52487,4219.535425,3296.527273,3625.409091,3406.154545,1935.354545,328.8727273,1033.609091,3421.809091,-1.616833721,-0.044381751,3085.109091,-109.2545455,4588.527273,114.6545455,4.545454545,120.4909091,2.062,3.300636364,1.345181818,3.471272727,0.246102038,3.62879536,-0.445582843,3.53287193,-0.982591248,-0.846378733,-0.322345584,0.296755327,0.270274371,0.176182596,0.107871772,-0.623335092,-0.721787829,0.916189168,-0.743789391,1.228627463,0.585323637,-0.598239839,1.222562565,-0.68513038,1.550181818,25.93737374,3.835363636,3.274090909,-2.647824311,3.541363636,11.535,2.3066,11.535,16.72073051,5.9367,-0.036191565,0.084367971,3.6301,0.187549534,-0.953161402,0.764676878,-0.042723543,Ruficollis_Salta,4382.213159,0.303045312,-1562.60093,409.6189465,-655.1020991,-2362.51625,-463.3405839,169.3374214,196.8680987,48.43543029,939.690514,-1071.273986,601.7124133,-242.5489828,110.1822076,382.606206,-319.8750384,145.4574725,-143.7975868,-93.33188248,-108.2606234,58.236438,-60.08590257,9.66E-12
C_19_151,C_19_151_B.wav_Ruficollis_complex_280,H:\Sporophila_vocalizations\M-F consolidated\converted_sound_files\C_19_151_B.wav,Ruficollis_final_kjochecked_CecilasImageCorrections.txt,Ruficollis,Salta,No year,complex,280,C_19_151_B.wav,D:/Sporophila_vocalizations/Salta/No year/Ruficollis,C_19_151_B.wav_1796,NANANA,C_19_151_B.wav,1,1,4232.465597,4232.599112,4232.417222,4232.649422,0.284112333,0.232199667,0.133515,4232.556542,4232.556542,4232.521712,3158.2,3617.566667,3301.733333,2130.133333,459.4,1234.566667,3502.733333,-1.35327016,-0.011108165,2584,-133.5333333,4277.933333,118.7,5.333333333,121.5333333,2.065333333,3.611333333,1.410666667,3.120666667,0.284112149,3.391416856,-0.44052672,3.337425552,-1.622599207,-1.322342305,-0.404689267,0.670939455,0.557081759,0.202304403,0.128016232,-0.288713138,-0.532450388,0.896958866,-0.860215739,0.626014776,0.510281777,-1.05964713,-0.370151991,-1.041231758,1.862,18.68095238,3.577,2.695,-3.966368211,3.479,26.776,1.8907,26.776,28.12659813,5.2182,-0.748333658,0.658301669,3.3275,-0.714065121,0.531220306,0.780739196,-1.088787366,Ruficollis_Salta,NA,-0.750507602,-3224.627764,726.7989222,-1127.360432,-900.6004265,826.5415083,-183.8361859,515.7934617,80.74309187,476.0149741,188.5680416,170.4137941,683.0336944,330.2637602,122.7157447,43.07796934,543.1967654,-261.8540178,-120.3619399,-193.5408056,137.8946991,-37.09648771,8.20E-12
C_19_154,C_19_154_A.wav_Ruficollis_complex_304,H:\Sporophila_vocalizations\M-F consolidated\converted_sound_files\C_19_154_A.wav,Ruficollis_final_kjochecked_CecilasImageCorrections.txt,Ruficollis,Salta,No year,complex,304,C_19_154_A.wav,D:/Sporophila_vocalizations/Salta/No year/Ruficollis,C_19_154_A.wav_1868,NANANANANAfaintNANANANANANA,C_19_154_A.wav,1,1,4584.287094,4584.369331,4584.211629,4584.413836,0.258749083,0.202207333,0.0822375,4584.33305,4584.33305,4584.324342,3409.416667,3990.816667,3596.041667,2712.958333,581.4166667,1672.425,3588.85,-1.072795303,0.428103171,3000.291667,-134.7833333,4952.616667,194.125,7.416666667,125.65,2.438916667,3.792083333,1.614666667,3.495416667,0.258749123,3.889845245,0.76912476,3.802211845,-0.585803825,0.42522713,1.383171449,0.638889618,0.32585057,0.196249435,0.126780348,-0.687687718,-0.217609258,0.937877323,-0.17831034,1.991567703,0.615888376,-0.159055803,0.850494,-0.099617537,2.058,30.64960317,4.067,3.4055,-4.821649918,3.6995,9.72,1.676,9.72,15.13457009,8.7719,0.052826197,0.27533263,7.0959,0.24134823,-0.812226617,0.285362625,1.098286443,Ruficollis_Salta,5356.425434,0.757649158,1001.929632,808.4106469,-769.7014364,-2508.074142,1042.365373,-95.9473207,-706.763396,307.9647296,831.1058331,-1176.455419,517.5758262,-23.83878294,156.8148693,10.45979346,-393.4099799,-68.21381212,104.301976,196.8065971,-5.123144428,2.231318698,71.30740479,1.48E-11
C_19_154,C_19_154_A.wav_Ruficollis_complex_607,H:\Sporophila_vocalizations\M-F consolidated\converted_sound_files\C_19_154_A.wav,Ruficollis_final_kjochecked_CecilasImageCorrections.txt,Ruficollis,Salta,No year,complex,607,C_19_154_A.wav,D:/Sporophila_vocalizations/Salta/No year/Ruficollis,C_19_154_A.wav_2656,NANANANANANANANANANANANANANANANANANANANANANANANANANANANANANANANA,C_19_154_A.wav,1,1,4619.236633,4619.287608,4619.191825,4619.320442,0.181429906,0.128616969,0.050975156,4619.260941,4619.260941,4619.260215,3867.890625,4570.421875,4207.04375,4164.534375,702.51875,2193.703125,4190.890625,0.888001191,-0.814327332,3332.259375,-195.20625,5663.221875,243.9,4.625,133.8375,2.91153125,4.16053125,1.95490625,4.4185,0.181429864,4.52215703,2.338494612,4.396418043,1.264144572,2.49166954,2.791343165,-0.380622147,-0.509482468,0.131793835,0.079733909,0.157163802,0.046996574,0.913952642,1.867568394,1.624296585,0.549784064,1.721326959,1.119754146,1.567039633,3.05025,16.35852908,4.391625,4.060875,-4.829055359,4.29975,40.02,2.1229,40.02,54.73545794,9.8324,1.83318143,-0.89214957,7.7095,2.427926413,-0.991960031,1.264859073,2.429630363,Ruficollis_Salta,7917.619157,2.040757716,7071.635005,-487.6731182,511.0099925,-2466.005514,-81.28877932,-121.076411,517.195672,266.4610788,171.5581977,-494.039646,951.3504802,157.1471245,77.82548512,-231.1382419,-151.5590796,-319.914058,-41.73985213,-176.6097709,-115.6320531,-261.1999658,26.17184474,-4.66E-12
C_19_154,C_19_154_B.wav_Ruficollis_complex_315,H:\Sporophila_vocalizations\M-F consolidated\converted_sound_files\C_19_154_B.wav,Ruficollis_final_kjochecked_CecilasImageCorrections.txt,Ruficollis,Salta,No year,complex,315,C_19_154_B.wav,D:/Sporophila_vocalizations/Salta/No year/Ruficollis,C_19_154_B.wav_1937,NANANANANANANANANANANANANANANANANANANANANANA,C_19_154_B.wav,1,1,4712.0209,4712.099795,4711.955726,4712.135417,0.225113273,0.179690909,0.078895227,4712.06734,4712.06734,4712.067604,3484.440909,4216.586364,3789.836364,3069.222727,732.1318182,2157.231818,3727.181818,-0.622260019,0.650620277,3171.245455,-190.2,5348.068182,238.7409091,6.181818182,135.2909091,2.975318182,4.034136364,2.034181818,4.151090909,0.225113291,4.157400478,1.661556292,3.996418304,0.030283038,1.558269659,2.605830049,0.179515872,-0.180967811,0.170251123,0.111344629,0.149560423,0.509150295,0.933941113,1.343496413,2.154937211,0.669046223,0.814027048,0.948406781,0.711882718,2.552454545,32.02827892,4.463454545,4.209545455,0.749755507,3.768545455,35.872,1.9903,35.872,46.8592739,8.9091,0.943003813,-0.23255163,6.9188,1.551454615,-1.094116382,1.264363249,1.859070169,Ruficollis_Salta,10009.1053,1.527128629,4545.470479,554.7378783,-1055.73816,-2674.746056,729.4966361,635.8749641,-262.9215633,249.0489206,721.5508254,-699.1922323,1382.036818,141.6035942,217.3384411,-72.59852206,-109.9462295,-183.3920624,248.9527393,229.7165518,-292.2891976,-213.3915785,14.55685808,-4.57E-12
C_19_154,C_19_154_B.wav_Ruficollis_complex_317,H:\Sporophila_vocalizations\M-F consolidated\converted_sound_files\C_19_154_B.wav,Ruficollis_final_kjochecked_CecilasImageCorrections.txt,Ruficollis,Salta,No year,complex,317,C_19_154_B.wav,D:/Sporophila_vocalizations/Salta/No year/Ruficollis,C_19_154_B.wav_1961,NANANANANANANANANANANANANANANANANANANANANANANANANANANANANANANANANANANANANANANANANANANA,C_19_154_B.wav,1,1,4736.664997,4736.723317,4736.615047,4736.760442,0.196382953,0.145394884,0.05832,4736.693077,4736.693077,4736.694427,3555.472093,4118.346512,3813.867442,2745.539535,562.8697674,1662.562791,3841.913953,-0.248586949,-0.340942259,3170.87907,-130.0837209,5055.795349,193.5767442,4.302325581,134.8604651,2.50544186,3.806209302,1.677604651,3.88855814,0.196382953,4.044980213,0.839689791,3.947539622,0.158306771,0.843974305,1.25080297,-0.228456434,-0.462764256,0.142823092,0.089789513,-0.589454032,-0.326293598,0.922672014,1.693661717,1.865649504,0.594129845,0.50029687,0.845484509,0.171041806,2.235767442,20.1246015,4.221976744,3.695511628,-3.690188619,3.975837209,55.333,1.6019,55.333,73.99271963,9.2718,2.812376808,-0.666365383,7.6699,3.355196656,-0.839953321,0.705987584,1.764013604,Ruficollis_Salta,9820.862429,2.907327074,4590.373704,-1453.544516,-1471.013586,-3621.112092,-1881.234494,-761.6452023,-286.051501,-426.7765486,414.4162356,-184.7659443,664.0126957,-40.39035819,42.3421559,17.40103932,-59.75531927,158.9530784,29.72923157,118.3329538,-132.3607394,-264.6999319,47.64433813,2.41E-13
C_19_154,C_19_154_B.wav_Ruficollis_complex_799,H:\Sporophila_vocalizations\M-F consolidated\converted_sound_files\C_19_154_B.wav,Ruficollis_final_kjochecked_CecilasImageCorrections.txt,Ruficollis,Salta,No year,complex,799,C_19_154_B.wav,D:/Sporophila_vocalizations/Salta/No year/Ruficollis,C_19_154_B.wav_3198,NANANANANANANANANANANANANANANANANANANANA,C_19_154_B.wav,1,1,4762.577549,4762.647789,4762.529367,4762.684941,0.2027183,0.1555739,0.0702405,4762.630084,4762.630084,4762.618764,3647.72,4267.875,3962.09,3483.86,620.155,2118.87,4026.7,0.353245913,0.23823577,3135.23,-172.12,5292.86,252.975,6.8,134.22,2.868,3.99305,1.8632,4.3611,0.202718274,4.171087282,1.865324824,4.062603791,0.353400626,1.390650678,1.956292498,-0.139292423,-0.410981919,0.148148012,0.094035238,0.882346735,0.957901309,0.922174408,0.246168526,1.587073183,0.609739881,0.869554351,0.419677768,0.691338408,2.7195,23.72678266,4.41,3.8661,-4.692781323,4.0131,86.337,1.84,86.337,95.1643271,9.386,0.76496829,-0.570705207,7.546,1.043665185,-0.874066047,0.807015779,1.19345341,Ruficollis_Salta,8571.088763,1.36509343,4185.448394,466.6943111,-594.1524892,-1112.321986,532.2603616,830.7460095,125.6836752,589.9174724,974.1141667,-411.8610321,123.4767921,-20.24102187,201.6343748,-33.57859427,-421.0768275,279.1757547,-137.3449905,-72.55627679,-8.825913893,-57.48150517,45.3154494,-2.72E-12
C_19_155,C_19_155_D.wav_Ruficollis_complex_625,H:\Sporophila_vocalizations\M-F consolidated\converted_sound_files\C_19_155_D.wav,Ruficollis_final_kjochecked_CecilasImageCorrections.txt,Ruficollis,Salta,No year,complex,625,C_19_155_D.wav,D:/Sporophila_vocalizations/Salta/No year/Ruficollis,C_19_155_D.wav_2748,faintfaintfaintfaintfaintfaintfaintfaintfaintfaintfaintfaintfaintfaintfaintfaintfaintfaintfaint,C_19_155_D.wav,1,1,4958.972658,4959.032542,4958.931107,4959.070732,0.192867737,0.139625368,0.059883105,4959.005044,4959.005044,4959.003822,3758.094737,4474.363158,4089.031579,3286.631579,716.2631579,1976.526316,3980.231579,0.201902111,-1.452511154,3409.042105,-153.0631579,5249.568421,182.7315789,5.210526316,132.9473684,2.891473684,3.991789474,1.986789474,4.123,0.192867683,4.283819073,1.430715398,4.250998201,0.873691085,1.578882056,1.686586501,-0.445212269,-0.587822265,0.134756643,0.084329396,-0.604529687,-0.542308765,0.916685623,2.253895105,1.786824645,0.59042187,1.418296791,0.839156731,0.727020631,2.599578947,19.08840826,4.603421053,4.077315789,-7.808459337,4.108263158,26.293,1.4497,26.293,33.70685981,8.0272,0.675950529,-0.719444206,6.5775,0.711368227,-0.483302418,0.264326226,1.573790072,Ruficollis_Salta,8097.85553,1.660975497,4283.080242,-1282.677076,923.8937304,-2327.323769,976.594643,-359.1547075,427.3887289,-839.0579473,-359.4567132,-553.3505092,786.774569,-589.8041769,443.1566346,-107.0703692,-373.7832729,31.66759141,166.0206295,-120.3061018,111.1102249,-36.52859967,-47.95636179,5.80E-12
C_19_155,C_19_155_D.wav_Ruficollis_complex_803,H:\Sporophila_vocalizations\M-F consolidated\converted_sound_files\C_19_155_D.wav,Ruficollis_final_kjochecked_CecilasImageCorrections.txt,Ruficollis,Salta,No year,complex,803,C_19_155_D.wav,D:/Sporophila_vocalizations/Salta/No year/Ruficollis,C_19_155_D.wav_3222,faintfaintfaintfaintfaintfaintfaintfaintfaintfaintfaintfaintfaintfaintfaintfaint,C_19_155_D.wav,1,1,4945.721168,4945.777041,4945.665658,4945.823481,0.212908938,0.157823313,0.055873125,4945.741485,4945.741485,4945.743299,3606.80625,4349.69375,3929.80625,4129.54375,742.9,2357.8875,3757.55625,-0.523333008,-1.384787367,3251.5125,-206.79375,5361.7625,229.06875,6.375,132.26875,3.2965625,4.2420625,2.177,4.5175,0.212908878,4.193632783,2.603637824,4.105465003,-0.081243722,1.651828406,2.890514114,-0.039089879,-0.142499658,0.155323489,0.095615281,0.172846699,0.167051675,0.924612513,1.571358902,1.905022939,0.598549813,1.213986305,-0.549658754,1.284555367,3.436125,19.01232526,4.59375,4.44675,-6.384995245,3.950625,13.868,1.2551,13.868,19.65264486,8.2186,0.408897244,-0.416832165,6.9635,0.328350398,-0.206787673,-0.36497619,1.954237136,Ruficollis_Salta,6776.186473,1.030638328,4573.88414,-576.9478012,-496.8700568,-1286.984475,2848.146945,-1120.132669,521.3838439,180.0619832,298.3314459,-672.5952445,670.3927542,-339.0200852,952.2462006,-18.00969912,-416.1499577,-364.3869399,-35.65262864,-82.06003848,14.23164848,77.27545783,-100.6482044,1.50E-11
C_19_155,C_19_155_D.wav_Ruficollis_complex_804,H:\Sporophila_vocalizations\M-F consolidated\converted_sound_files\C_19_155_D.wav,Ruficollis_final_kjochecked_CecilasImageCorrections.txt,Ruficollis,Salta,No year,complex,804,C_19_155_D.wav,D:/Sporophila_vocalizations/Salta/No year/Ruficollis,C_19_155_D.wav_3239,NANAfaintfaintfaintfaintfaintfaintNAfaintNAfaintNAfaintfaintNAfaintfaintfaintfaintfaintfaintfaintfaintfaintNAfaintNAfaintfaint,C_19_155_D.wav,1,1,4971.507605,4971.559463,4971.466389,4971.599711,0.189345767,0.133321433,0.051858,4971.52947,4971.52947,4971.533147,3804.193333,4438.7,4137.24,3711.203333,634.5166667,1857.606667,4120.016667,0.657170573,0.069413913,3247.2,-164.2066667,5251.226667,205.2566667,4.866666667,134.3566667,2.923866667,4.1606,1.950566667,4.366533333,0.189345794,4.208891359,1.603629214,4.18630478,0.591857013,1.33592744,1.593807019,-0.49363259,-0.473783412,0.131650365,0.078846436,-0.023541895,0.018846906,0.916692972,1.517177541,1.651168413,0.558926736,1.335061432,0.434038309,0.887194166,2.842,15.18777662,4.5766,4.1454,-2.730709234,4.2826,36.704,1.5789,36.704,48.22836449,8.5425,1.655145907,-0.772622969,6.9636,1.677721116,-0.411404888,0.178557837,1.478733507,Ruficollis_Salta,7879.697559,2.064614553,4842.658268,-970.1530758,-183.3849291,-1855.553351,-98.06902765,-80.99456861,-578.956489,4.977844085,208.1998036,77.37048363,401.7660022,-303.8505483,243.0200686,78.21934542,-8.589487467,310.6942469,-180.0033457,-11.62211694,12.8401375,12.38510237,-148.1311526,-8.55E-12
C_19_158,C_19_158.wav_Ruficollis_complex_326,H:\Sporophila_vocalizations\M-F consolidated\converted_sound_files\C_19_158.wav,Ruficollis_final_kjochecked_CecilasImageCorrections.txt,Ruficollis,Salta,No year,complex,326,C_19_158.wav,D:/Sporophila_vocalizations/Salta/No year/Ruficollis,C_19_158.wav_2019,NANANANA,C_19_158.wav,1,1,5231.162619,5231.206157,5231.126338,5231.239535,0.18635875,0.1131975,0.0435375,5231.17568,5231.17568,5231.182937,3703.7,4220.5,3983.625,1882.6,516.8,1399.675,4048.225,0.423351056,0.361763958,3294.6,-126.1,4478.9,40.8,1.75,134.875,1.81925,3.61775,0.91975,2.474,0.186358983,3.838470397,-0.272781442,3.92497346,0.103847485,0.12465973,0.093719138,-0.599061957,-0.432158756,0.116763803,0.063092375,-2.099435491,-1.277668291,0.929986243,-0.583212356,1.67595612,0.583933344,0.26117007,0.850494,-1.116560895,1.3965,13.85714286,3.675,3.6015,-0.573463009,4.3365,68.202,1.6599,68.202,69.9553939,4.7773,-0.659315896,-0.817722322,3.1174,-0.619370458,-0.527027634,1.879210982,-1.088787366,Ruficollis_Salta,NA,-1.321165267,-1487.99703,107.45013,1941.458385,-2841.659722,521.4770175,1863.554504,453.3335595,843.2967265,-80.27417054,970.6721643,-182.8641688,156.5900039,92.4878118,-307.1482149,-300.6903738,-198.8475518,-365.4264271,395.9573841,395.3054609,-25.25609922,-39.63691623,5.19E-12
C_19_161,C_19_161_A.wav_Ruficollis_complex_411,H:\Sporophila_vocalizations\M-F consolidated\converted_sound_files\C_19_161_A.wav,Ruficollis_final_kjochecked_CecilasImageCorrections.txt,Ruficollis,Salta,No year,complex,411,C_19_161_A.wav,D:/Sporophila_vocalizations/Salta/No year/Ruficollis,C_19_161_A.wav_2050,NANANANANANANA,C_19_161_A.wav,1,1,5546.534799,5546.623533,5546.502457,5546.674119,0.231909429,0.171662,0.088733571,5546.607776,5546.607776,5546.587044,3605.257143,4282.028571,3888.271429,3980.628571,676.7571429,2214.842857,3962.1,0.142849058,1.535281745,3162.3,-163.2142857,5155.671429,195.0142857,7.285714286,133.6571429,2.443714286,4.169,1.441285714,4.069428571,0.231909212,4.078234477,2.082485052,4.033674005,-0.038197331,1.108186923,1.920753157,0.06946759,0.028794727,0.163833127,0.100554976,0.925556789,1.567659209,0.915700853,-0.908794003,1.184928442,0.534971294,1.279016127,0.450450356,0.33621533,2.478,15.13890276,3.969,4.305,2.041426983,4.053,26.737,1.592,26.737,30.8746729,10.0498,-0.392262611,-0.129936611,8.4578,-0.058841988,-1.567014197,2.929753367,0.337613119,Ruficollis_Salta,1009.545573,-0.771296483,2456.400648,2870.863195,-191.9909062,-751.9625656,1083.963525,2837.995346,896.9566066,1787.966976,1063.242898,46.4961957,711.2011457,581.7660295,664.3607347,-20.63395522,88.30691766,-187.9131016,-513.3997112,128.8951206,453.2546699,-27.19677733,1.549240594,-7.01E-13
C_19_161,C_19_161_A.wav_Ruficollis_complex_413,H:\Sporophila_vocalizations\M-F consolidated\converted_sound_files\C_19_161_A.wav,Ruficollis_final_kjochecked_CecilasImageCorrections.txt,Ruficollis,Salta,No year,complex,413,C_19_161_A.wav,D:/Sporophila_vocalizations/Salta/No year/Ruficollis,C_19_161_A.wav_2060,NANANANANANA,C_19_161_A.wav,1,1,5562.463965,5562.503632,5562.42333,5562.538462,0.178972,0.1151325,0.0396675,5562.478477,5562.478477,5562.482347,3718.05,4220.516667,3962.083333,3384.283333,502.4333333,1866.233333,4005.183333,0.28316791,0.90391545,2784.95,-212.7,4794.716667,249.7666667,3.833333333,130.5166667,2.2375,3.820833333,1.570666667,3.8715,0.178971963,3.898657447,1.531907392,3.914391079,-0.794441131,0.360114688,1.508891001,-0.905514061,-1.29049742,0.110939041,0.075156233,-0.802251611,-0.663835298,0.919355386,-0.418859724,1.378965762,0.574105507,-0.440877627,-0.944573634,0.31469272,2.94,9.525641026,3.969,3.577,-2.450739894,4.165,42.91,1.4575,42.91,46.04808411,6.5672,-0.481280373,-0.92926265,5.1097,-0.293838804,-1.198605356,2.851329096,-0.042723543,Ruficollis_Salta,1148.607864,-0.712354871,698.0832928,324.8427857,-311.9752044,-2182.327856,1579.459494,2131.841193,1467.7814,2940.897928,-457.6379932,782.2230141,76.9067529,25.56780777,-122.8005933,-194.2965933,335.4815929,205.3615164,-57.93440005,40.39465968,81.3124955,93.39612254,141.8731111,1.60E-11
C_19_161,C_19_161_C.wav_Ruficollis_complex_417,H:\Sporophila_vocalizations\M-F consolidated\converted_sound_files\C_19_161_C.wav,Ruficollis_final_kjochecked_CecilasImageCorrections.txt,Ruficollis,Salta,No year,complex,417,C_19_161_C.wav,D:/Sporophila_vocalizations/Salta/No year/Ruficollis,C_19_161_C.wav_2068,NANANANANA,C_19_161_C.wav,1,1,5680.624896,5680.731708,5680.592388,5680.779308,0.2697196,0.186921,0.106812,5680.659726,5680.659726,5680.667853,3497,4513.36,4065.46,3482.56,1016.36,2222.24,4427.22,1.657706407,0.426273123,3118,-246.28,5409.14,157.26,3.2,137.4,2.0286,4.1286,1.4404,3.5948,0.269719626,4.074603334,1.596623774,3.952172562,-0.188379712,1.196204048,2.239780308,0.225164661,0.053370756,0.178262392,0.114472052,-0.845381609,-0.572018519,0.918669077,-1.015684922,1.254109725,0.508234481,0.752279825,0.893575624,0.917325821,2.7048,10.96683761,4.4394,4.2042,-0.85578824,3.7338,1.93,1.6418,1.93,4.56771028,7.0647,-0.570298135,0.44098176,5.4229,-0.411473434,-1.160986851,1.705844194,-0.042723543,Ruficollis_Salta,92.51720446,-1.271429288,1521.548663,2172.384153,1967.107613,-1673.908009,1681.379041,822.6805584,469.2163577,2103.78228,610.50935,218.3091858,-12.02733866,203.8490649,-230.7078808,-1155.726003,631.6714979,-208.215887,-505.7836199,-27.4873298,135.9156364,86.73774992,33.37484867,9.48E-13
C_19_161,C_19_161_C.wav_Ruficollis_complex_636,H:\Sporophila_vocalizations\M-F consolidated\converted_sound_files\C_19_161_C.wav,Ruficollis_final_kjochecked_CecilasImageCorrections.txt,Ruficollis,Salta,No year,complex,636,C_19_161_C.wav,D:/Sporophila_vocalizations/Salta/No year/Ruficollis,C_19_161_C.wav_2816,NANANANANANANANANANANANANANA,C_19_161_C.wav,1,1,5700.194508,5700.279095,5700.150141,5700.3189,0.222420429,0.1687595,0.084587071,5700.253387,5700.253387,5700.248411,3377.621429,4042.078571,3666.785714,4388.128571,664.4571429,2085.65,3839.05,-0.257914609,1.937238547,2873.135714,-142.0214286,4774.214286,236.3285714,3.714285714,134.5428571,2.375571429,3.733,1.607928571,4.210071429,0.222420501,3.859857361,2.296699221,3.703481691,-0.825137737,0.398251057,1.60823108,-0.070706365,-0.381957617,0.160334795,0.105617126,2.167448643,1.924581703,0.864395665,0.505612013,-0.151722318,0.414777927,-0.006610165,-0.780453164,0.433067079,2.961,10.74552074,3.507,3.78,3.697480069,3.696,19.546,1.3876,19.546,25.5005461,8.9474,0.23086172,-0.273211413,7.5598,0.368293074,-0.763803495,0.393500512,1.478733507,Ruficollis_Salta,7968.063988,1.174602175,3105.302442,815.2103754,-3006.338511,1139.876691,954.3161791,1476.299817,-477.9132044,1057.364808,350.2913469,-605.2423124,721.3777529,-84.71190455,-84.05192229,-1.247768307,319.9558932,332.6053427,-344.9430495,-453.9122361,197.453818,-47.2661153,178.9168349,-7.55E-12
C_19_162,C_19_162.wav_Ruficollis_complex_434,H:\Sporophila_vocalizations\M-F consolidated\converted_sound_files\C_19_162.wav,Ruficollis_final_kjochecked_CecilasImageCorrections.txt,Ruficollis,Salta,No year,complex,434,C_19_162.wav,D:/Sporophila_vocalizations/Salta/No year/Ruficollis,C_19_162.wav_2089,NANANANANANANANANANANANANANANANANANANANANANANANANANANANANANANANANANANA,C_19_162.wav,1,1,5854.053078,5854.12506,5854.018414,5854.165695,0.2132756,0.147281057,0.071981971,5854.089401,5854.089401,5854.091226,3642.182857,4230.345714,3905.502857,4070.06,588.1657143,1816.174286,3969.485714,0.166903719,0.412155616,3147.52,-137.7828571,5254.1,203.06,2.828571429,136.8571429,2.239457143,3.996942857,1.557657143,4.063914286,0.213275645,4.04729968,1.563483387,3.950431714,0.201471136,0.853743827,1.218522138,-0.299633627,-0.449296751,0.145173625,0.09185937,0.374575662,0.466569141,0.889160183,0.387035689,0.59880214,0.414931693,0.728341551,-0.263473686,0.878585121,3.0744,8.809396556,4.3134,3.5658,-3.427999565,3.969,53.11,0.7249,53.11,68.30598131,8.6567,2.100234715,-0.41129418,7.9318,2.540894327,-0.796723154,0.505806515,2.049293701,Ruficollis_Salta,6681.974245,1.787069017,4390.996833,-446.5057388,-1530.051511,-1211.669813,-1235.404805,-340.5553586,-296.3513503,1036.655827,277.1073945,-340.1582788,115.4388913,157.8202425,341.6890621,255.0759337,324.6580501,-223.4783603,-96.4015853,-88.72539773,99.91285825,-223.7078829,84.98214869,7.78E-12
C_19_162,C_19_162.wav_Ruficollis_complex_443,H:\Sporophila_vocalizations\M-F consolidated\converted_sound_files\C_19_162.wav,Ruficollis_final_kjochecked_CecilasImageCorrections.txt,Ruficollis,Salta,No year,complex,443,C_19_162.wav,D:/Sporophila_vocalizations/Salta/No year/Ruficollis,C_19_162.wav_2136,NANANANANANANANANANANANANANANANANANANA,C_19_162.wav,1,1,5903.379848,5903.465395,5903.345629,5903.513974,0.235038632,0.168344895,0.085547316,5903.43637,5903.43637,5903.420483,3517.842105,4170.642105,3780.763158,4584.710526,652.7947368,1858.652632,3690.094737,-0.743049574,0.006710716,3087.168421,-159.3210526,5412.768421,249.1210526,3.421052632,136.3052632,2.344157895,4.030894737,1.614473684,4.420315789,0.23503856,4.019352949,1.863515315,3.888902872,-0.126071723,0.71774245,1.35865895,-0.082939564,-0.343463124,0.160841204,0.105321272,0.701063855,0.687188625,0.885139607,0.598791422,0.522629609,0.414560705,0.49523888,-0.430617427,1.250359903,3.373263158,9.308942227,3.628578947,3.489315789,-0.156196975,3.829736842,105.605,1.1336,105.605,113.9466636,8.01,0.675950529,-0.08268502,6.8764,0.929488846,-0.756872621,0.353247825,0.337613119,Ruficollis_Salta,4470.307654,0.765099752,2781.712334,238.7149134,-1140.014603,-234.544749,604.6106718,-232.3740521,588.482731,855.2894897,748.806538,151.911792,968.6334753,-483.7875826,336.1529227,339.8919843,-38.91770371,115.3065779,320.6192309,-177.3216282,201.0990758,-140.8601366,-4.663042075,-2.41E-11
C_19_162,C_19_162.wav_Ruficollis_complex_713,H:\Sporophila_vocalizations\M-F consolidated\converted_sound_files\C_19_162.wav,Ruficollis_final_kjochecked_CecilasImageCorrections.txt,Ruficollis,Salta,No year,complex,713,C_19_162.wav,D:/Sporophila_vocalizations/Salta/No year/Ruficollis,C_19_162.wav_2157,NANANA,C_19_162.wav,1,1,5909.437812,5909.490057,5909.344932,5909.530692,0.249533,0.185759667,0.052245,5909.455227,5909.455227,5909.459097,3818.533333,4392.766667,4076.933333,3830.866667,574.2333333,2009.766667,4249.2,1.07791,2.605859375,3330.466667,-84.06666667,5053.133333,168.1666667,3.333333333,140.1333333,2.029333333,4.099333333,1.408666667,3.838,0.249532711,4.271085462,1.172934429,4.114656116,1.19356967,1.353497358,0.942844054,0.897796259,-0.142098717,0.180027648,0.120311084,-0.07188394,0.432530637,0.88273357,1.143214099,0.517693822,0.333913689,1.378692173,-0.082941169,0.465350995,2.744,10.98544974,3.773,3.675,5.519791256,4.067,115.694,1.5423,115.694,116.8293925,6.7662,-0.748333658,0.136169412,5.2239,-0.764658558,0.858603538,0.07586632,-0.613283737,Ruficollis_Salta,NA,-1.061073824,1470.577728,1344.860746,1357.828683,721.8333914,1874.348234,1457.867292,-1976.805394,83.19051129,-394.6631585,1966.19198,801.0838103,482.2528786,48.80378178,139.5786752,378.8033196,-64.27540578,278.9807537,159.151077,229.4444382,-160.8607524,680.5608604,5.24E-12
C_19_163,C_19_163.wav_Ruficollis_complex_445,H:\Sporophila_vocalizations\M-F consolidated\converted_sound_files\C_19_163.wav,Ruficollis_final_kjochecked_CecilasImageCorrections.txt,Ruficollis,Salta,No year,complex,445,C_19_163.wav,D:/Sporophila_vocalizations/Salta/No year/Ruficollis,C_19_163.wav_2164,NANANANA,C_19_163.wav,1,1,5954.980851,5955.015681,5954.950374,5955.056315,0.1703815,0.10594125,0.03483,5955.006973,5955.006973,5954.998266,4306.625,4888.05,4435.825,4115.675,581.4,1981.075,4392.75,1.54544047,3.333303149,3423.75,-81.6,5469.425,270.775,2.25,130.55,2.49275,3.9055,1.6435,4.00875,0.170381667,4.437629426,2.0541523,4.437730976,1.103737701,2.174511242,2.435471245,-0.854043787,-0.603539832,0.108017483,0.057917805,0.21432684,-0.128351229,0.902610842,0.821103503,1.094945182,0.489850477,1.894012597,0.635085884,1.030319527,2.8665,9.527083333,4.1895,3.8955,-1.196082722,4.557,1.799,1.8905,1.799,3.518301695,7.6617,-0.659315896,-1.058971826,5.7712,-0.627385313,-0.672405043,2.004911467,0.147389587,Ruficollis_Salta,NA,-1.221491453,3406.189892,1412.025954,1889.388792,-609.148006,2011.419682,3612.615004,-1142.167834,2125.566264,-369.0815742,1557.803034,1358.064869,209.4387785,-229.9670327,-205.177148,351.5760936,-550.4192631,-274.3003012,-164.1324287,-120.8762197,79.82739934,-248.3519071,-2.26E-12
C_19_165,C_19_165_A.wav_Ruficollis_complex_662,H:\Sporophila_vocalizations\M-F consolidated\converted_sound_files\C_19_165_A.wav,Ruficollis_final_kjochecked_CecilasImageCorrections.txt,Ruficollis,Salta,No year,complex,662,C_19_165_A.wav,D:/Sporophila_vocalizations/Salta/No year/Ruficollis,C_19_165_A.wav_2876,noicenoicenoicenoicenoicenoicenoicenoicenoicenoicenoicenoicenoicenoicenoicenoicenoicenoicenoicenoicenoicenoicenoicenoice,C_19_165_A.wav,1,1,6172.930601,6172.990828,6172.889482,6173.028318,0.178738375,0.138836167,0.060226875,6172.943904,6172.943904,6172.959626,3807.783333,4575.795833,4155.895833,3240.2,768.0208333,1938.004167,4220.5,0.984436475,1.467798753,3420.1875,-150.225,5167.958333,215.7666667,6.083333333,132.9375,2.913875,4.018583333,2.01825,4.188791667,0.178738318,4.185119452,1.449421914,4.16271525,0.453091255,1.4902726,2.012294208,-0.488139769,-0.763686055,0.131834893,0.085072819,-0.347497302,-0.185543547,0.916828515,1.943159167,1.715502753,0.57753525,1.386039182,1.101803469,0.427686426,2.31525,19.2496167,4.4345,4.49575,3.09248492,4.5325,26.18,1.2549,26.18,33.50475701,7.5686,1.121039337,-0.932790569,6.3137,0.690420738,0.53685682,-0.70116376,1.098396845,Ruficollis_Salta,9708.415691,1.808555937,4225.7564,-1394.228264,384.9994323,-1547.950105,923.2044023,688.7162979,-2290.59958,-266.8784357,274.7000371,421.0547273,835.2312943,-136.5407394,-125.9238673,-529.9573947,14.38132192,485.5683185,-213.2955824,11.66752263,-35.78793608,188.4543718,-0.065473495,-1.19E-12
C_19_165,C_19_165_A.wav_Ruficollis_complex_663,H:\Sporophila_vocalizations\M-F consolidated\converted_sound_files\C_19_165_A.wav,Ruficollis_final_kjochecked_CecilasImageCorrections.txt,Ruficollis,Salta,No year,complex,663,C_19_165_A.wav,D:/Sporophila_vocalizations/Salta/No year/Ruficollis,C_19_165_A.wav_2900,noicenoicenoicenoicenoicenoicenoicenoicenoicenoicenoicenoicenoicenoicenoicenoicenoicenoicenoice,C_19_165_A.wav,1,1,6185.499853,6185.569207,6185.450663,6185.610453,0.202754579,0.159790158,0.069354474,6185.529489,6185.529489,6185.535599,3730.905263,4660.231579,4197.826316,3182.657895,929.3421053,1958.4,4225.036842,0.999212594,1.383580461,3250.368421,-186.6421053,5245.036842,226.4789474,5.526315789,133.3631579,2.838526316,4.040789474,1.916894737,4.165684211,0.20275455,4.204745374,1.419115234,4.229809385,0.428343125,1.586125981,2.202691379,-0.140008564,-0.513400496,0.151112266,0.099133995,-0.727001653,-0.552232048,0.917842674,0.962348779,1.57364193,0.548652571,1.528631096,0.929854885,0.346410251,2.321052632,17.82163743,4.603421053,4.464157895,1.056335915,4.510578947,39.5,1.6471,39.5,45.51793458,6.549,0.675950529,-0.570157457,4.9019,0.383195293,0.375351128,-0.848467114,0.813006346,Ruficollis_Salta,6180.360357,1.139136065,3431.20328,-671.7411528,943.1415168,-1484.088767,1241.063976,329.6499137,-2344.266905,354.3865956,386.2176636,413.0703239,529.0767401,-98.05006484,204.1196131,-818.9559959,-218.9974282,175.8628727,-248.4640128,-32.22820805,7.948363515,102.9721598,76.90142144,-1.47E-12
C_19_165,C_19_165_A.wav_Ruficollis_complex_665,H:\Sporophila_vocalizations\M-F consolidated\converted_sound_files\C_19_165_A.wav,Ruficollis_final_kjochecked_CecilasImageCorrections.txt,Ruficollis,Salta,No year,complex,665,C_19_165_A.wav,D:/Sporophila_vocalizations/Salta/No year/Ruficollis,C_19_165_A.wav_2927,noicenoicenoicenoicenoicenoicenoicenoicenoicenoicenoicenoicenoicenoice,C_19_165_A.wav,1,1,6200.657093,6200.728826,6200.614799,6200.771119,0.208077286,0.156320214,0.071733214,6200.675337,6200.675337,6200.693166,3482.221429,4072.835714,3746.771429,2685.785714,590.6214286,1470.414286,3789.828571,-0.418224728,0.494115588,3082.314286,-109.1714286,4774.214286,213.0214286,4,132.1,2.457142857,3.714428571,1.592071429,3.865928571,0.208077436,3.895732259,0.445684228,3.865445517,-0.124101834,0.326470412,0.693519846,-0.058283761,-0.187822713,0.158008137,0.099244506,-1.224424168,-0.730341625,0.913980316,1.29828841,1.513586578,0.552508987,0.294978305,0.204269652,-0.374030824,2.1,16.60138889,4.494,3.885,-3.774703096,4.2,55.339,1.7647,55.339,59.79608411,7.6078,0.23086172,-0.489784527,5.8431,0.016249509,0.49435148,-0.867966223,0.813116748,Ruficollis_Salta,6545.30908,0.888049147,936.2921421,-1292.652078,-164.3552933,-1790.514309,1154.992873,-258.946566,-1521.209074,-527.8258442,-303.6623813,-24.74854395,418.1741295,-224.5839101,214.7799805,69.8931066,-229.2420415,25.98764639,-11.28612409,238.0263459,150.2542292,0.375910319,45.19060388,2.28E-12
C_19_165,C_19_165_A.wav_Ruficollis_complex_666,H:\Sporophila_vocalizations\M-F consolidated\converted_sound_files\C_19_165_A.wav,Ruficollis_final_kjochecked_CecilasImageCorrections.txt,Ruficollis,Salta,No year,complex,666,C_19_165_A.wav,D:/Sporophila_vocalizations/Salta/No year/Ruficollis,C_19_165_A.wav_2945,noicenoicenoicenoicenoicenoicenoicenoicenoicenoice,C_19_165_A.wav,1,1,6211.959571,6212.046646,6211.902683,6212.094247,0.2493542,0.1915648,0.0870749,6211.999626,6211.999626,6212.011236,3341.95,4022.38,3548.67,2694.12,680.46,1481.5,3557.27,-1.17564875,1.266264802,2937.12,-136.51,4823.43,218.13,5.7,131.8,2.4314,3.7017,1.6016,3.8269,0.249354112,3.747645148,0.540202922,3.691371658,-0.704917983,-0.168509315,0.511993156,0.484159997,0.04611534,0.188546613,0.124907483,-0.58988779,-0.374252753,0.916007097,1.157195715,1.55455302,0.564988321,-0.085040326,0.031943159,-0.348203692,2.1756,21.05023449,4.2042,3.8808,-0.644965365,3.6162,66.985,1.6078,66.985,70.74992523,5.7255,-0.125209326,0.133472659,4.1177,-0.146472537,-0.128107269,-0.583459654,0.052333022,Ruficollis_Salta,5415.525625,0.575784778,16.31234917,-63.66398402,-1152.913331,-1560.455191,1310.749451,56.8761985,-1453.602151,-402.9423017,181.6817803,230.7046145,953.5765422,-632.6183382,165.3339908,353.5496764,-5.277308957,232.3836725,187.7356991,45.83457842,40.33403004,-28.3902458,116.769787,4.61E-12
C_19_165,C_19_165_A.wav_Ruficollis_complex_820,H:\Sporophila_vocalizations\M-F consolidated\converted_sound_files\C_19_165_A.wav,Ruficollis_final_kjochecked_CecilasImageCorrections.txt,Ruficollis,Salta,No year,complex,820,C_19_165_A.wav,D:/Sporophila_vocalizations/Salta/No year/Ruficollis,C_19_165_A.wav_3306,NANANANANANANANANANANANANA,C_19_165_A.wav,1,1,6159.666313,6159.723024,6159.638628,6159.802061,0.211143077,0.163432923,0.056710385,6159.671672,6159.671672,6159.686854,3822.953846,4419.276923,4187.376923,3544.292308,596.3,1848.538462,4253.615385,1.092290542,0.350678095,3034.523077,-206.6,5088.453846,252.2538462,6.692307692,131.2230769,2.824846154,3.776846154,1.768846154,4.290923077,0.211143063,4.065278683,1.852340321,4.006584429,-0.170587806,1.026697423,1.932466256,-0.665383205,-1.044001915,0.144813578,0.103893562,1.154869974,1.215619084,0.901077688,1.258754855,1.105193047,0.5604117,0.654594,0.668225595,0.673954761,2.623384615,22.71528508,4.511769231,4.172538462,-0.230196859,4.624846154,14.569,1.2146,14.569,18.77499065,8.7449,0.141843959,-0.443495102,7.5303,-0.042780928,0.359771088,-0.830130034,1.19345341,Ruficollis_Salta,11849.08197,1.535134738,3812.651133,-925.2498578,-408.5159507,305.2939193,1708.137751,851.9724641,-793.702306,-317.493059,882.4115193,-622.3947673,53.52727772,-312.0417287,-270.7449622,-725.7365688,306.6910445,878.6281906,-142.5341949,-280.1746157,39.41829222,51.68262653,-11.14060316,-2.22E-11
C_19_166,C_19_166_B.wav_Ruficollis_complex_471,H:\Sporophila_vocalizations\M-F consolidated\converted_sound_files\C_19_166_B.wav,Ruficollis_final_kjochecked_CecilasImageCorrections.txt,Ruficollis,Salta,No year,complex,471,C_19_166_B.wav,D:/Sporophila_vocalizations/Salta/No year/Ruficollis,C_19_166_B.wav_2198,NANANANANA,C_19_166_B.wav,1,1,6451.391553,6451.429866,6451.370655,6451.471662,0.1429906,0.101007,0.038313,6451.405485,6451.405485,6451.406646,3583.1,4272.18,3927.64,2262.66,689.06,1567.64,3996.54,0.255017288,-1.46782576,3031.86,-47.48,4857.9,74.18,0.6,125.82,1.7286,4.3014,1.3948,2.6888,0.142990654,3.861254712,-0.318155503,3.820734578,-0.206563319,0.006876083,0.245339371,-1.360931622,-1.380069075,0.09039791,0.056481863,-2.720830545,-1.457854566,0.937096381,-0.207130587,1.958040036,0.597950963,0.098795045,1.238228609,-0.348203692,1.764,2.731428571,4.7334,3.2634,-11.15060971,4.263,58.186,2.2207,58.186,59.73004673,5.9076,-0.570298135,-1.472562441,3.6869,-0.668586615,1.010589121,0.251360582,-0.232947075,Ruficollis_Salta,292.1810538,-0.972783846,-1137.77424,-2665.327165,2595.333372,-2665.137549,1388.292152,521.4511675,613.9624512,399.5252542,489.813611,-37.84643634,-515.2300471,267.8330333,135.9843998,-281.0477733,-132.347974,-106.9013532,-173.5634851,700.4309352,264.9709159,-71.51242027,36.92968187,-1.34E-11
C_19_167,C_19_167.wav_Ruficollis_complex_474,H:\Sporophila_vocalizations\M-F consolidated\converted_sound_files\C_19_167.wav,Ruficollis_final_kjochecked_CecilasImageCorrections.txt,Ruficollis,Salta,No year,complex,474,C_19_167.wav,D:/Sporophila_vocalizations/Salta/No year/Ruficollis,C_19_167.wav_2207,NANANANANANANANANANANANANA,C_19_167.wav,1,1,6465.696385,6465.784353,6465.612883,6465.832132,0.288569231,0.219250077,0.087968077,6465.752202,6465.752202,6465.737466,3531.446154,4227.138462,3849.469231,4001.553846,695.6846154,2133.461538,3763.338462,-0.504500824,-0.973290689,3186.907692,-208.8769231,5658.276923,264.8,5.923076923,143.6769231,2.666692308,4.135923077,1.565307692,4.497153846,0.288569375,4.11756032,1.864280373,4.006032483,0.012352544,1.117369732,1.879122901,1.16844701,0.871856155,0.211630216,0.130781837,0.263078629,0.274525732,0.916797978,0.740543729,1.506681034,0.493138938,1.147783992,-0.19340687,1.369300647,3.369692308,18.54464465,4.828384615,3.969,-4.189360341,3.901153846,6.481,1.1096,6.481,11.66557009,7.9278,0.141843959,0.725603544,6.8182,0.187276727,-0.387074457,-0.859600696,0.527836651,Ruficollis_Salta,5945.700659,0.861379376,2885.54062,1133.721785,-127.6246836,-617.1996374,2005.004921,-1905.125158,-94.78803326,-334.8994028,852.812848,-283.6244518,641.7709391,-634.2319577,796.2379423,183.219948,-404.0347094,180.2245667,33.46649728,-10.68379567,13.11643853,15.44619435,-6.715267195,6.09E-12
C_19_167,C_19_167.wav_Ruficollis_complex_475,H:\Sporophila_vocalizations\M-F consolidated\converted_sound_files\C_19_167.wav,Ruficollis_final_kjochecked_CecilasImageCorrections.txt,Ruficollis,Salta,No year,complex,475,C_19_167.wav,D:/Sporophila_vocalizations/Salta/No year/Ruficollis,C_19_167.wav_2222,NANANANANANANANANAdifficultdifficultdifficultdifficultNANANANANANANANA,C_19_167.wav,1,1,6476.287767,6476.352728,6476.236352,6476.389769,0.216886143,0.153417762,0.064960714,6476.333102,6476.333102,6476.320939,3617.566667,4261.514286,3884.166667,3923.795238,643.947619,1964.661905,3826.761905,-0.297935918,-0.029408637,3248.419048,-180.1809524,5348.442857,223.2666667,5.238095238,141.9761905,2.806904762,4.138809524,1.896809524,4.541190476,0.216886176,4.096051081,1.643327681,4.011535227,0.17569844,1.021699551,1.532237427,0.081482323,-0.058394957,0.155845255,0.094384223,-0.331667976,-0.322798034,0.915642866,1.080068368,1.533569759,0.520325562,1.041222729,0.163239535,0.938848432,2.968,16.53737975,4.557,3.787,-6.890981881,3.997,16.01,1.0591,16.01,22.8627757,7.9877,0.853986052,-0.356776953,6.9286,0.579461005,0.257892945,-0.916796073,0.622893216,Ruficollis_Salta,6457.104036,0.913769837,2886.052619,-709.6377098,72.43678451,-1164.113793,1323.943508,-954.2468706,-929.5723835,51.15655912,668.6439383,285.2432196,716.1056795,-353.6750349,444.1142728,260.9231276,-280.0486392,5.935928056,-25.6090515,-74.83138894,117.7326351,118.9235577,-45.31170823,5.58E-12
C_19_167,C_19_167.wav_Ruficollis_complex_477,H:\Sporophila_vocalizations\M-F consolidated\converted_sound_files\C_19_167.wav,Ruficollis_final_kjochecked_CecilasImageCorrections.txt,Ruficollis,Salta,No year,complex,477,C_19_167.wav,D:/Sporophila_vocalizations/Salta/No year/Ruficollis,C_19_167.wav_2257,NANANANANANANANANANANANANANANANANANANANANANANANANANANANANANANANANANANANANANANANANANANANANANANANANANANANANANANANANANANANANANANANANANANANA,C_19_167.wav,1,1,6500.951046,6501.00995,6500.898119,6501.04589,0.199710382,0.147771279,0.058903662,6500.97734,6500.97734,6500.980669,3627.710294,4234.427941,3893.701471,4165.904412,606.7382353,1784.730882,3869.635294,-0.158300837,0.186563849,3202.104412,-140.9661765,5298.432353,226.4970588,3.955882353,142.9544118,2.628352941,4.045911765,1.734014706,4.456617647,0.19971035,4.094780788,1.692060888,4.000294439,0.246909158,0.894270795,1.235779704,-0.152935477,-0.295493369,0.146643552,0.090123883,-0.066626543,-0.173490398,0.89842355,0.87064505,0.968430174,0.456430884,1.058502875,-0.22654658,0.977146018,3.125911765,10.92216102,4.250029412,3.882529412,-1.593507732,3.969,33.57,0.2834,33.57,55.55656075,8.8259,5.03782085,-0.616123357,8.5425,4.137315345,0.237965296,-0.783264448,1.00334028,Ruficollis_Salta,8316.49958,2.493145588,5319.476734,-1961.715775,-1953.820731,-1946.466534,-2675.00329,-2359.779831,-1260.303763,591.6352444,1496.939006,1483.027027,432.7743635,374.4227386,455.8033203,343.8951427,78.20857107,-282.5375126,-188.5191066,-158.7350596,281.5471412,559.6172479,30.82505405,-1.18E-11
C_19_167,C_19_167.wav_Ruficollis_complex_829,H:\Sporophila_vocalizations\M-F consolidated\converted_sound_files\C_19_167.wav,Ruficollis_final_kjochecked_CecilasImageCorrections.txt,Ruficollis,Salta,No year,complex,829,C_19_167.wav,D:/Sporophila_vocalizations/Salta/No year/Ruficollis,C_19_167.wav_3376,NANANANANANANANANANANANANANANANANANANANANANANAnoicenoiceNANANANANANANANANANANANANA,C_19_167.wav,1,1,6530.781648,6530.843975,6530.734902,6530.884152,0.208769342,0.1492495,0.062327316,6530.81495,6530.81495,6530.819227,3551.836842,4145.694737,3823.834211,4300.028947,593.8657895,1743.071053,3798.907895,-0.388654123,0.021158457,3087.173684,-168.6894737,5235.976316,251.8552632,4.710526316,143.1842105,2.597026316,3.964210526,1.6815,4.535289474,0.208769271,4.007650784,1.700339146,3.911849877,-0.107248878,0.688428312,1.287698935,0.022084155,-0.107374163,0.15251746,0.092077202,0.445846783,0.437920699,0.888980407,0.958163043,0.689851258,0.430392198,0.815567553,-0.566664658,1.036266564,3.280421053,13.24450674,4.123736842,3.744631579,-4.498785648,3.907105263,68.019,0.8907,68.019,80.36166355,8.7449,2.367288,-0.479338174,7.8542,1.870097898,0.316860602,-0.862849343,0.718060183,Ruficollis_Salta,7157.645479,1.910990136,3785.479085,-1121.366935,-1600.547769,-467.8559014,-327.6977144,-1487.307046,-714.6313391,248.1033149,893.1059449,613.8518976,602.7044391,-90.55545852,472.9521579,326.4345307,-172.7731496,298.5045396,-168.0506871,-12.96566127,163.8572842,276.309239,-2.357373589,1.07E-12
C_19_83,C_19_83_A.wav_Hypoxantha_complex_256,H:\Sporophila_vocalizations\M-F consolidated\converted_sound_files\C_19_83_A.wav,Hypoxantha_final_kjochecked_CecilasImageCorrections.txt,Hypoxantha,Entre_Ríos,No year,complex,256,C_19_83_A.wav,D:/Sporophila_vocalizations/Entre_Ríos/No year/Hypoxantha,C_19_83_A.wav_1767,noicenoicenoicenoicenoicenoicenoicenoicenoicenoicenoicenoicenoicenoicenoicenoicenoicenoicenoicenoicenoicenoicenoicenoicenoicenoicenoicenoice,C_19_83_A.wav,1,1,2934.650225,2934.733568,2934.619127,2934.787886,0.232359786,0.168759393,0.083343143,2934.680287,2934.680287,2934.696872,3676.021429,4417.382143,4082.075,3253.178571,741.3535714,1587.310714,4100.525,0.593687828,0.546075858,3399.146429,-137.2428571,4758.821429,167.9857143,7.357142857,108.3071429,2.626785714,3.780714286,1.8235,3.837428571,0.232359813,3.880355733,1.099072902,3.97540675,-0.141793806,0.629160798,1.226366705,0.021099301,-0.249065096,0.159628146,0.102140867,0.399332976,0.650797362,0.895842917,1.847085861,1.067034909,0.45972934,0.653969766,-0.103456228,-0.454740615,2.1525,23.5246341,4.1895,4.1055,-1.241036285,4.557,19.846,0.9412,19.846,31.43652336,7.7647,1.477110383,-0.123132764,6.8235,1.693274637,-0.633903457,0.011564504,1.288620377,Hypoxantha_Entre_Ríos,9021.652605,1.735801609,3573.016084,-378.1123948,-1684.825244,-1350.050518,-315.9740993,178.5549665,-732.5978617,-793.699843,-83.73487656,308.3014229,161.2469445,-306.6105579,145.6441639,-544.9330371,390.5341226,56.31119387,-336.6743227,-98.06376856,132.9903472,-193.8818816,126.374335,1.84E-12
C_19_83,C_19_83_A.wav_Hypoxantha_complex_257,H:\Sporophila_vocalizations\M-F consolidated\converted_sound_files\C_19_83_A.wav,Hypoxantha_final_kjochecked_CecilasImageCorrections.txt,Hypoxantha,Entre_Ríos,No year,complex,257,C_19_83_A.wav,D:/Sporophila_vocalizations/Entre_Ríos/No year/Hypoxantha,C_19_83_A.wav_1795,noicenoicenoicenoicenoicenoiceNANAnoicenoiceNA,C_19_83_A.wav,1,1,2945.008473,2945.098715,2944.960978,2945.18104,0.295921818,0.220061818,0.090241364,2945.061774,2945.061774,2945.046998,4306.618182,5050.518182,4807.772727,4042.772727,743.8636364,1644.345455,4917.381818,3.254122886,1.038673474,3774.163636,-209.0727273,5418.527273,209.0727273,8.181818182,114.0181818,2.678363636,3.874,1.925545455,3.886818182,0.295921835,4.5181559,1.406513685,4.537389801,2.272009991,2.389761854,1.478466406,0.543674723,0.354610493,0.201492405,0.131423934,1.301741161,1.444327881,0.882171422,1.048324787,0.502748376,0.395239315,2.971503771,0.204269652,0.83514858,2.886545455,27.05858586,5.091545455,4.663909091,-4.901145765,5.171727273,33.824,1.2941,33.824,39.56381309,9.9412,-0.036191565,0.836622027,8.6471,0.31781074,-1.155108959,0.772347146,0.432780086,Hypoxantha_Entre_Ríos,4932.970149,0.459247832,5095.039464,2813.327115,2019.627227,910.7528001,208.0265043,1448.553345,-689.5695759,-622.1931583,-570.6956651,1087.291832,-542.9477287,-393.6630259,540.0421284,-753.4421881,453.2558956,188.2377434,-140.5305323,-93.1706047,166.7270192,-240.0817716,-27.02312332,-1.53E-11
C_19_84,C_19_84_A.wav_Ruficollis_complex_513,H:\Sporophila_vocalizations\M-F consolidated\converted_sound_files\C_19_84_A.wav,Ruficollis_final_kjochecked_CecilasImageCorrections.txt,Ruficollis,Entre_Ríos,No year,complex,513,C_19_84_A.wav,D:/Sporophila_vocalizations/Entre_Ríos/No year/Ruficollis,C_19_84_A.wav_2326,NANANANANANA,C_19_84_A.wav,1,1,6924.910283,6925.008968,6924.845461,6925.084433,0.358840167,0.238972,0.098685,6924.961561,6924.961561,6924.952853,3603.233333,3875.983333,3718.05,1712.333333,272.75,933.1166667,3775.483333,-0.464945981,0.313725219,3043.366667,-64.26666667,4349.7,71.7,2.166666667,124.75,1.562666667,3.129833333,1.306166667,2.508,0.35884017,3.69799266,-1.109790927,3.728960943,-0.204615665,-0.806518192,-1.134952889,1.283984409,1.311372649,0.228635747,0.138627413,-0.221420184,-0.179681788,0.882587057,-0.746711621,0.20589319,0.324527764,-0.357922012,0.778691295,-1.191890033,1.372,22.3265873,4.165,3.43,-2.030535916,3.822,7.031,2.1201,7.031,10.13136881,5.0653,-0.481280373,1.786657465,2.9452,-0.302705425,-0.953161402,0.026142237,-0.898563834,Ruficollis_Entre_Ríos,741.3613951,-0.645269625,-2596.951585,2350.08028,-20.87121376,-646.3083877,-796.9502407,-328.2179857,-450.4034946,-1133.849406,376.7600666,-208.7657273,-158.9387023,-280.8229742,45.44107551,-93.15305208,158.0930439,-169.9075212,109.6208535,-213.6822561,200.6954673,-68.2362725,-79.77925656,1.53E-12
C_19_84,C_19_84_B.wav_Ruficollis_complex_514,H:\Sporophila_vocalizations\M-F consolidated\converted_sound_files\C_19_84_B.wav,Ruficollis_final_kjochecked_CecilasImageCorrections.txt,Ruficollis,Entre_Ríos,No year,complex,514,C_19_84_B.wav,D:/Sporophila_vocalizations/Entre_Ríos/No year/Ruficollis,C_19_84_B.wav_2340,noicenoicenoicenoicenoicenoicenoicenoicenoicenoice,C_19_84_B.wav,1,1,7032.745494,7032.836052,7032.709503,7032.904551,0.2565411,0.1950476,0.090558,7032.753621,7032.753621,7032.789612,3436.7,3807.06,3608.95,1633.9,370.38,826.88,3660.64,-0.838981214,0.887445025,3014.63,-93.48,4005.16,102.38,8,103.82,2.2353,3.2338,1.6026,3.3914,0.256540984,3.545780775,-0.702927487,3.583027059,-0.911332892,-0.907746102,-0.506933053,0.210106148,-0.038039633,0.176780498,0.11489524,-0.645811603,-0.582774115,0.9132374,0.386187644,1.326157641,0.563707479,-0.648148818,0.376596145,-1.658930686,1.2054,41.425,3.675,3.4986,-0.863001389,3.8514,29.509,1.7703,29.509,33.61291763,4.9644,-0.125209326,0.241990837,3.1941,-0.066777632,-0.573463472,-0.208086493,-0.32800364,Ruficollis_Entre_Ríos,3005.235917,0.083268212,-1810.887442,-52.80469635,-1103.867522,-1900.952441,43.40251452,625.26669,-933.1406186,-806.6589513,202.89502,90.28522961,9.050738987,-613.1306269,13.16995286,-78.35660363,55.48312029,-22.58792585,-45.8294416,-129.2783365,-12.58984918,-31.69455211,52.88018479,-7.59E-12
C_19_85,C_19_85_A.wav_Hypoxantha_complex_179,H:\Sporophila_vocalizations\M-F consolidated\converted_sound_files\C_19_85_A.wav,Hypoxantha_final_kjochecked_CecilasImageCorrections.txt,Hypoxantha,Entre_Ríos,No year,complex,179,C_19_85_A.wav,D:/Sporophila_vocalizations/Entre_Ríos/No year/Hypoxantha,C_19_85_A.wav_1336,NANANANANANANANANANA,C_19_85_A.wav,1,1,3328.183427,3328.285594,3328.138148,3328.332615,0.2652338,0.1944672,0.1021679,3328.186329,3328.186329,3328.232769,3514.22,3824.28,3652.02,2640.39,310.1,913.01,3781.2,-0.446327271,0.892935167,3178.29,-66.77,4323.86,84.59,6.3,108.27,2.1402,3.3209,1.4957,3.3864,0.265233645,3.70568054,-0.231987902,3.714714938,-0.275413204,-0.623055679,-0.744027716,0.562313242,0.478807538,0.186335505,0.113678644,0.526286633,0.230646438,0.883533934,-0.005819233,0.36247707,0.43076244,-0.309201582,-0.829689305,-0.574191104,2.3226,18.425,4.0866,3.7044,-0.273346325,3.7926,15.964,1.5764,15.964,20.05216822,6.3054,-0.125209326,0.373245677,4.729,-0.070480214,-0.557115841,-0.352371046,-0.613394139,Hypoxantha_Entre_Ríos,2872.316836,-0.250344934,-1092.318939,917.816875,-1192.499896,196.7949497,-47.18572943,173.0156927,-496.6099009,-352.0733016,19.5444738,661.4396451,-297.6205343,-632.079073,113.1828705,596.4368261,11.63129576,-53.14910807,-53.5415027,-122.1464276,-77.60510249,-5.435417101,41.80256102,1.69E-11
C_19_85,C_19_85_A.wav_Hypoxantha_complex_179b,H:\Sporophila_vocalizations\M-F consolidated\converted_sound_files\C_19_85_A.wav,Hypoxantha_final_kjochecked_CecilasImageCorrections.txt,Hypoxantha,Entre_Ríos,No year,complex,179b,C_19_85_A.wav,D:/Sporophila_vocalizations/Entre_Ríos/No year/Hypoxantha,C_19_85_A.wav_1347,NANANANANANANANANANANA,C_19_85_A.wav,1,1,3346.189129,3346.297841,3346.14955,3346.350613,0.251316818,0.201063727,0.108711727,3346.212877,3346.212877,3346.227125,3594.090909,4134.363636,3883.8,3157.181818,540.2818182,1213.690909,4016.909091,0.321357732,0.055439007,3257.372727,-53.94545455,4580.709091,75.53636364,5.636363636,108.6363636,2.293272727,3.768363636,1.763090909,3.398272727,0.251316907,3.847284075,0.189457986,3.861421943,0.029426466,-0.085814284,-0.17868119,0.340112769,0.029709047,0.187451682,0.124154475,-0.111729186,-0.115056284,0.889115392,1.024073352,0.721705615,0.417429819,0.198594882,-0.344041916,-0.109889692,2.458909091,15.10439132,4.102636364,3.087,-10.68781902,3.862090909,33.767,1.6749,33.767,37.98657944,7.7833,-0.036191565,0.163109892,6.1084,-0.039586293,-0.328038549,-0.52977945,1.288620377,Hypoxantha_Entre_Ríos,4555.419362,0.481940249,835.7079465,-140.8558812,-411.8904597,-559.445273,493.3247569,-225.5485323,-622.1423196,-763.6826242,-821.0926137,-505.3593386,-405.9252461,-539.1462693,146.4230755,350.8017064,528.2659544,-159.8739969,-111.5642953,-56.4157324,-8.082618982,-1.681034349,243.8335376,-1.00E-11
C_19_86,C_19_86_B.wav_Hypoxantha_complex_187,H:\Sporophila_vocalizations\M-F consolidated\converted_sound_files\C_19_86_B.wav,Hypoxantha_final_kjochecked_CecilasImageCorrections.txt,Hypoxantha,Entre_Ríos,No year,complex,187,C_19_86_B.wav,D:/Sporophila_vocalizations/Entre_Ríos/No year/Hypoxantha,C_19_86_B.wav_1367,NANANANANANANANANANANA,C_19_86_B.wav,1,1,3515.704825,3515.776068,3515.65944,3515.819341,0.23322,0.159901182,0.071243182,3515.732794,3515.732794,3515.738599,3523.590909,3962.1,3735.018182,3434.827273,438.5,1417.281818,3805.5,-0.367184182,0.105349386,3147.754545,-97.10909091,4525.881818,114.6454545,5.181818182,106.8545455,2.600454545,3.692818182,1.864090909,3.957363636,0.233220051,3.831620273,0.86079272,3.817170621,-0.284124465,0.125974025,0.534867035,-0.152737563,-0.348209521,0.150035076,0.094614063,0.784367344,0.630526824,0.897076544,1.741241712,1.092986239,0.502256496,0.133025099,-0.109051244,0.259907892,2.619272727,14.39134776,3.487909091,3.381,-0.677692956,3.915545455,30.629,1.3793,30.629,34.82848598,7.5369,-0.036191565,-0.110143603,6.1576,-0.044310134,-0.372226412,-0.303430572,0.908173313,Hypoxantha_Entre_Ríos,4272.662449,0.241098966,1593.576416,-347.0812548,-1038.964531,-285.1782211,1302.510681,487.0234245,12.00640904,-865.7198308,96.21401915,-233.6133172,449.8818569,-700.2608937,-0.92091341,456.215212,552.2587088,-220.7547789,118.9873953,-176.5527473,-106.312923,17.42749516,10.45151201,-1.05E-12
C_19_86,C_19_86_B.wav_Hypoxantha_complex_188,H:\Sporophila_vocalizations\M-F consolidated\converted_sound_files\C_19_86_B.wav,Hypoxantha_final_kjochecked_CecilasImageCorrections.txt,Hypoxantha,Entre_Ríos,No year,complex,188,C_19_86_B.wav,D:/Sporophila_vocalizations/Entre_Ríos/No year/Hypoxantha,C_19_86_B.wav_1378,NANANANA,C_19_86_B.wav,1,1,3528.732143,3528.859853,3528.668288,3528.936769,0.38271,0.26848075,0.12771,3528.826474,3528.826474,3528.793095,3445.3,4005.15,3639.1,2980.325,559.875,1528.85,3596.025,-1.049426922,0.794112617,3014.65,-185.475,4866.5,226.275,10.25,105.55,2.942,3.6515,1.956,4.49975,0.38271028,3.856948787,1.009109886,3.751766225,-0.55952117,0.288267228,1.121393736,1.882504362,1.774906964,0.257786364,0.15811752,2.225350617,2.984865036,0.910025305,-0.688678838,1.051009165,0.595784506,-0.3686959,-0.011138464,0.239363582,2.5725,58.27396215,3.381,3.675,0.566622583,3.822,44.903,1.9212,44.903,47.15733645,6.4532,-0.659315896,2.14708421,4.532,-0.501602126,-1.270911054,0.679995225,0.432780086,Hypoxantha_Entre_Ríos,NA,-0.738469568,728.7668481,4480.201393,-2239.329121,928.8937957,1548.214522,450.110296,354.4960236,-688.8434375,1820.516773,-993.6294073,180.7385456,381.350468,139.7772039,407.1705638,281.2610202,-370.0084817,327.1283659,379.631227,104.1428685,83.83832673,-88.80960881,-6.81E-12
C_19_86,C_19_86_B.wav_Hypoxantha_complex_261,H:\Sporophila_vocalizations\M-F consolidated\converted_sound_files\C_19_86_B.wav,Hypoxantha_final_kjochecked_CecilasImageCorrections.txt,Hypoxantha,Entre_Ríos,No year,complex,261,C_19_86_B.wav,D:/Sporophila_vocalizations/Entre_Ríos/No year/Hypoxantha,C_19_86_B.wav_1821,NANANANANA,C_19_86_B.wav,1,1,3554.201821,3554.308633,3554.151898,3554.386419,0.3599998,0.2345216,0.106812,3554.242456,3554.242456,3554.2471,3376.38,3807.06,3634.8,2702.4,430.68,1395.34,3669.24,-0.810971726,0.590977374,2859.62,-80.1,4254.96,121.64,4.8,97.48,2.54,3.529,1.7588,4.144,0.36,3.596795529,0.343141231,3.614194742,-1.01530638,-0.524028159,0.260806471,1.212587572,1.162456597,0.228942239,0.142037462,0.295008104,-0.043522632,0.900221415,-0.76330951,0.738129592,0.503995533,-0.792177978,-1.346668784,-0.709783552,2.4108,38.70357143,3.2046,2.793,-0.516777171,3.7338,70.213,1.7857,70.213,72.93018692,6.131,-0.570298135,1.804170322,4.3453,-0.392788994,-1.002384456,0.529893805,0.337613119,Hypoxantha_Entre_Ríos,277.9867544,-0.881539755,-1366.102492,2607.531744,-1848.997901,-664.94,1121.692923,-476.6803558,49.5316843,411.1566648,-199.8486897,-172.2095382,-511.4560115,97.98449341,474.564117,98.25257824,447.5826053,-522.7658116,130.194808,-353.6414031,-22.52781252,65.82889855,-113.372874,-7.51E-12
C_19_86,C_19_86_B.wav_Hypoxantha_complex_262,H:\Sporophila_vocalizations\M-F consolidated\converted_sound_files\C_19_86_B.wav,Hypoxantha_final_kjochecked_CecilasImageCorrections.txt,Hypoxantha,Entre_Ríos,No year,complex,262,C_19_86_B.wav,D:/Sporophila_vocalizations/Entre_Ríos/No year/Hypoxantha,C_19_86_B.wav_1826,NANANANANANANANA,C_19_86_B.wav,1,1,3565.794819,3565.882619,3565.753458,3565.957358,0.290537375,0.203900375,0.087800625,3565.835454,3565.835454,3565.839082,3359.1875,3822.125,3617.5625,2656.25,462.9625,1528.85,3692.925,-0.733831641,0.499017501,2896.225,-122.4125,4209.7375,129.825,9.75,91.1,2.891875,3.783375,1.98,4.01975,0.290537383,3.539739156,0.602713345,3.588855087,-1.743987619,-0.576571645,0.996157995,0.216690585,0.13887368,0.181704401,0.116132096,0.015981746,0.012890162,0.928152812,0.096897038,1.746836005,0.630796355,-2.216057089,-1.195883103,-0.66458607,2.38875,37.65737718,2.8665,2.8665,0.882261272,3.27075,81.113,1.3095,81.113,84.72783178,7.0833,-0.30324485,0.755319494,5.7738,-0.181758532,-0.827274303,-0.03840567,1.478733507,Hypoxantha_Entre_Ríos,1549.453985,-0.372359861,-541.3583989,556.4611603,-2875.553005,-1642.055098,2050.377562,-99.37192795,-49.8896794,554.6875266,1.198297954,-848.6757519,-876.75395,-114.2658192,-682.601844,-97.39830633,708.8517068,-650.1511549,227.7080841,-72.95672231,-265.0463175,73.0200127,-81.251167,-3.89E-12
C_19_87,C_19_87.wav_Hypoxantha_complex_199,H:\Sporophila_vocalizations\M-F consolidated\converted_sound_files\C_19_87.wav,Hypoxantha_final_kjochecked_CecilasImageCorrections.txt,Hypoxantha,Entre_Ríos,No year,complex,199,C_19_87.wav,D:/Sporophila_vocalizations/Entre_Ríos/No year/Hypoxantha,C_19_87.wav_1401,NANANANANAfaintNA,C_19_87.wav,1,1,3666.221019,3666.298142,3666.182872,3666.413413,0.324833143,0.230540857,0.077123571,3666.235117,3666.235117,3666.25419,3912.871429,4269.714286,4097.457143,2620.971429,356.8285714,1328.914286,4060.542857,0.463469298,0.001963601,3248.428571,-80.52857143,4540.414286,61.47142857,2.142857143,102.8714286,2.211571429,3.289857143,1.629,3.621285714,0.324833111,4.018302383,0.101793148,4.07040531,0.490446136,0.558024368,0.390577306,0.287100523,0.270446253,0.202596579,0.134282172,0.42357389,0.277639709,0.890404454,-0.363568181,0.514615846,0.473742963,0.610860038,0.327360004,-0.567734321,1.932,31.91904762,4.053,3.591,0.070413104,4.179,72.967,1.5271,72.967,76.4493271,8.2266,-0.392262611,1.273167854,6.6995,-0.212909518,-0.905078651,0.177280077,1.288509975,Hypoxantha_Entre_Ríos,1005.426307,-0.740245527,654.1414418,1607.12672,385.0474474,-277.4106649,375.5324109,475.4809756,-164.572824,-397.4131855,-64.28773111,-929.8559516,-786.7734237,97.58307476,587.6416865,-401.9057078,443.2250062,-1048.409855,290.1217731,-468.3257888,94.06593887,-55.10927529,-130.7128334,2.05E-12
C_19_87,C_19_87.wav_Hypoxantha_complex_203,H:\Sporophila_vocalizations\M-F consolidated\converted_sound_files\C_19_87.wav,Hypoxantha_final_kjochecked_CecilasImageCorrections.txt,Hypoxantha,Entre_Ríos,No year,complex,203,C_19_87.wav,D:/Sporophila_vocalizations/Entre_Ríos/No year/Hypoxantha,C_19_87.wav_1413,NANANAfaintNANANANANANANANANANANANANA,C_19_87.wav,1,1,3691.671943,3691.730676,3691.644284,3691.790091,0.220790941,0.145807824,0.058732941,3691.695846,3691.695846,3691.697895,3789.829412,4296.511765,4017.835294,2987.541176,506.6588235,1560.517647,4078.635294,0.522394868,0.974964343,3121.035294,-130.9176471,4762.641176,155.3470588,6,101.9470588,2.682352941,3.894294118,1.961176471,4.121411765,0.220791094,3.962601137,0.640845602,4.005001022,0.333853047,0.550302682,0.554652071,-0.51177398,-0.487051315,0.140696377,0.088168963,-0.761612424,-0.665064403,0.913227451,1.493811124,1.553373129,0.531365182,0.38159474,-0.657362812,-0.066384094,2.594117647,19.01482406,3.761470588,3.588529412,6.451117607,4.090058824,96.588,1.33,96.588,103.3887009,6.5025,0.497915005,-0.297814647,5.1725,0.567218567,-0.391637184,0.038634002,0.718060183,Hypoxantha_Entre_Ríos,2574.005984,0.173639978,1700.52147,-651.7461778,-195.9195347,-1705.462408,719.0716194,520.5626181,-895.6296304,120.5418291,-835.6853063,996.4712844,-179.8889491,-533.0468171,41.46856753,243.9517603,509.8053481,-439.178729,213.5000784,20.84477103,19.71523717,-99.79095893,-129.0994907,-1.14E-12
C_19_87,C_19_87.wav_Hypoxantha_complex_204,H:\Sporophila_vocalizations\M-F consolidated\converted_sound_files\C_19_87.wav,Hypoxantha_final_kjochecked_CecilasImageCorrections.txt,Hypoxantha,Entre_Ríos,No year,complex,204,C_19_87.wav,D:/Sporophila_vocalizations/Entre_Ríos/No year/Hypoxantha,C_19_87.wav_1430,NANANANA,C_19_87.wav,1,1,3699.266746,3699.356723,3699.234819,3699.436542,0.3602805,0.20172375,0.0899775,3699.262392,3699.262392,3699.30593,4048.225,4263.575,4112.825,2302.95,215.325,538.325,4285.075,1.194751906,0.258823802,3273.05,-25.95,4651.175,3.7,0.75,109.4,1.4885,2.7235,1.25375,3.3865,0.360280374,4.093129891,-1.1584092,4.129021304,1.733858059,0.238397585,-1.557647768,0.560273089,0.571040886,0.204809859,0.130230766,0.594031848,0.077425532,0.842516627,-0.792368754,-1.018691725,0.281420087,1.013088266,0.635085884,-0.438598657,1.911,22.16666667,3.969,3.3075,-1.775902072,4.3365,106.498,2.6108,106.498,108.8675047,6.1084,-0.659315896,1.808403823,3.4976,-0.474526826,-1.255930592,1.543745702,-0.898563834,Hypoxantha_Entre_Ríos,NA,-0.922134393,-991.7489401,2936.279967,2000.936707,803.9524232,-1902.420223,1102.694933,558.9957159,-724.6526563,-820.0641061,299.0925076,-536.956963,-41.22786977,360.2684283,-73.94702378,406.7153964,-79.8535859,667.0017538,-591.9790764,218.434155,-9.476418646,-174.2044218,-1.58E-12
C_19_87,C_19_87.wav_Hypoxantha_complex_264,H:\Sporophila_vocalizations\M-F consolidated\converted_sound_files\C_19_87.wav,Hypoxantha_final_kjochecked_CecilasImageCorrections.txt,Hypoxantha,Entre_Ríos,No year,complex,264,C_19_87.wav,D:/Sporophila_vocalizations/Entre_Ríos/No year/Hypoxantha,C_19_87.wav_1835,NANANANANANA,C_19_87.wav,1,1,3705.093987,3705.188802,3705.061092,3705.247819,0.329673,0.186727333,0.094815,3705.103662,3705.103662,3705.140427,3588.85,4005.183333,3804.183333,2965.283333,416.3166667,918.7333333,4019.5,0.329796108,0.935941277,3057.716667,-103.85,4550.683333,98.91666667,4.333333333,108.5666667,2.078666667,3.219,1.536,4.154166667,0.329672897,3.730763624,-0.428716789,3.740168714,-0.138553913,-0.505731028,-0.700082975,0.989264074,1.196766622,0.203318501,0.115698669,1.453283977,1.534215202,0.834762744,-0.880743794,-1.268708742,0.290390747,-0.247313251,-1.662600688,-0.513927794,2.646,23.86388889,2.744,3.234,1.35204445,3.626,111.819,1.4881,111.819,114.7957196,5.8333,-0.481280373,1.34624621,4.3452,-0.331774544,-0.834896791,0.156039924,-0.042723543,Hypoxantha_Entre_Ríos,300.2035949,-0.71594893,-1017.522172,2680.913655,-1600.097946,2212.843626,-485.6503004,216.8674078,36.16171317,-77.00770783,-607.903201,145.0815414,-935.961698,12.73408909,294.068542,41.23346574,417.4280847,-363.7162613,-138.8378558,132.724157,54.26483364,-57.66411446,-26.50049701,9.15E-12
C_19_88,C_19_88.wav_Ruficollis_complex_518,H:\Sporophila_vocalizations\M-F consolidated\converted_sound_files\C_19_88.wav,Ruficollis_final_kjochecked_CecilasImageCorrections.txt,Ruficollis,Entre_Ríos,No year,complex,518,C_19_88.wav,D:/Sporophila_vocalizations/Entre_Ríos/No year/Ruficollis,C_19_88.wav_2360,NANANANANA,C_19_88.wav,1,1,7112.429993,7112.598338,7112.374265,7112.688896,0.4369522,0.3146306,0.1683448,7112.521712,7112.521712,7112.49617,3307.5,3858.74,3617.56,2143.7,551.24,1016.4,3703.7,-0.698738358,0.640388649,3135.22,-100.86,4461.68,94.96,5.8,114.62,1.7798,3.2738,1.3168,2.7908,0.43695234,3.592260257,-0.890732343,3.600261757,-0.974790146,-0.885066209,-0.396717187,2.193890442,1.974186044,0.293768759,0.189946743,-0.187323456,-0.296626104,0.847292704,-0.526093067,-0.819562002,0.314127456,-0.493951451,-0.140383334,-0.980968448,1.8228,26.03818182,3.6162,3.1458,-0.739134993,3.4398,35.689,1.976,35.689,38.60729627,5.8084,-0.570298135,2.966112229,3.8324,-0.345509494,-0.836599183,-0.050776784,-0.803396866,Ruficollis_Entre_Ríos,2810.78406,-0.134496199,-2656.4119,3347.923057,-1103.694778,-97.85737048,-455.8105817,-1574.527358,-792.4541944,-841.6035753,-368.0098372,-216.5376331,506.4860581,-52.15784806,290.090651,-863.0751787,490.6816036,210.5145085,213.2371373,-266.9637884,77.23827299,-63.83152212,-26.98295505,-3.49E-12
C_19_88,C_19_88.wav_Ruficollis_complex_519,H:\Sporophila_vocalizations\M-F consolidated\converted_sound_files\C_19_88.wav,Ruficollis_final_kjochecked_CecilasImageCorrections.txt,Ruficollis,Entre_Ríos,No year,complex,519,C_19_88.wav,D:/Sporophila_vocalizations/Entre_Ríos/No year/Ruficollis,C_19_88.wav_2365,NANANANA,C_19_88.wav,1,1,7120.876542,7121.011508,7120.833004,7121.08407,0.35983175,0.251066,0.134966,7120.899762,7120.899762,7120.936043,3380.7,3875.95,3552.95,1616.75,495.275,796.725,3832.9,-0.27794465,0.746073877,3165.375,-66.75,4177.45,55.65,5.25,118.025,1.72175,3.07775,1.31225,2.97625,0.359831442,3.550186571,-1.286783489,3.558789881,-0.866321593,-1.023933218,-0.754704712,1.241653541,0.94097113,0.22936395,0.147075147,-0.385941206,0.269593972,0.878661434,-0.742583271,0.091484355,0.359055677,-0.57679142,0.419677768,-1.342548308,1.3965,31.33181818,3.7485,3.4545,-0.484622333,3.528,44.411,2.0359,44.411,46.53265797,5.6287,-0.659315896,1.801625174,3.5928,-0.532793973,-0.399305232,0.506462877,-0.803396866,Ruficollis_Entre_Ríos,NA,-0.365254019,-2776.124478,2155.794739,-612.50366,-534.8055496,-474.2424023,124.6142912,-510.4929263,-864.5655818,158.8476303,-206.4500905,-153.3290111,252.7470412,127.5262457,-587.2723488,522.204759,424.2621866,97.9080954,286.989826,86.85576541,-21.5452349,64.85845907,7.54E-12
C_19_89,C_19_89.wav_Ruficollis_complex_528,H:\Sporophila_vocalizations\M-F consolidated\converted_sound_files\C_19_89.wav,Ruficollis_final_kjochecked_CecilasImageCorrections.txt,Ruficollis,Entre_Ríos,No year,complex,528,C_19_89.wav,D:/Sporophila_vocalizations/Entre_Ríos/No year/Ruficollis,C_19_89.wav_2393,NANANANA,C_19_89.wav,1,1,7219.880624,7219.993821,7219.845794,7220.076542,0.3476635,0.2307485,0.1131975,7219.895136,7219.895136,7219.92271,3466.825,3919.05,3768.3,2373.45,452.2,818.275,3875.95,-0.137734362,0.69117246,3122.275,-100.125,4242.05,100.125,4.75,119.925,1.6925,2.823,1.3465,2.795,0.347663551,3.660913069,-0.92364825,3.660909077,-0.450077716,-0.755165775,-0.770252743,1.353727963,1.434746265,0.23012475,0.137545188,0.717036975,0.612387391,0.799849024,-0.776961594,-2.305409646,0.213169153,-0.64627116,0.204269652,-0.32560495,2.1315,29.31666667,3.234,3.4545,0.104412925,3.6015,35.845,1.8143,35.845,37.97521495,7.8903,-0.659315896,1.617896103,6.076,-0.530782281,-0.40874057,0.747722594,-0.518227172,Ruficollis_Entre_Ríos,NA,-0.114232324,-2053.30083,2587.060707,-685.8558209,1653.695274,-1261.792958,-279.8173701,56.64861626,-294.3422334,-615.1033159,-657.2906299,706.8541981,550.6375186,-423.7901424,-571.5369997,371.9149943,406.9965239,-106.525314,-64.51971035,58.18677544,2.448039009,72.89898599,1.75E-12
C_19_89,C_19_89.wav_Ruficollis_complex_532,H:\Sporophila_vocalizations\M-F consolidated\converted_sound_files\C_19_89.wav,Ruficollis_final_kjochecked_CecilasImageCorrections.txt,Ruficollis,Entre_Ríos,No year,complex,532,C_19_89.wav,D:/Sporophila_vocalizations/Entre_Ríos/No year/Ruficollis,C_19_89.wav_2404,NANANANA,C_19_89.wav,1,1,7235.802257,7235.912551,7235.764524,7235.993821,0.34836475,0.22929725,0.110295,7235.819671,7235.819671,7235.86466,3509.9,3962.125,3768.275,2481.3,452.2,818.275,3919.025,0.002557348,0.629408366,3165.35,-66.75,4263.575,63.025,4.75,118.4,1.70175,2.94225,1.39875,2.8095,0.348364486,3.697943818,-0.890480334,3.717569218,-0.330074674,-0.722271961,-0.850284644,1.377270916,1.418140684,0.219676501,0.127443016,-0.094741791,-0.250913273,0.816441312,-0.798412394,-1.805691953,0.216841298,-0.356121931,-0.011138464,-0.777579776,1.911,22.796875,3.822,3.0135,-2.546183172,3.6015,51.841,1.8352,51.841,53.83423364,8.1648,-0.659315896,1.628479868,6.3296,-0.562985695,-0.014282411,0.158427521,-0.518227172,Ruficollis_Entre_Ríos,NA,-0.126725032,-2370.875579,2076.349576,-195.8495219,955.9172476,-931.7651757,-785.0717524,-627.8467722,-341.1437462,-903.1370551,-323.3383456,297.3171465,529.1345753,-36.59209323,-631.6343962,201.7286539,325.6091065,-196.7733952,-238.5228383,207.3896,-64.47346381,88.60150325,-1.74E-12
C_19_89,C_19_89.wav_Ruficollis_complex_840,H:\Sporophila_vocalizations\M-F consolidated\converted_sound_files\C_19_89.wav,Ruficollis_final_kjochecked_CecilasImageCorrections.txt,Ruficollis,Entre_Ríos,No year,complex,840,C_19_89.wav,D:/Sporophila_vocalizations/Entre_Ríos/No year/Ruficollis,C_19_89.wav_3453,NANANAfaintfaint,C_19_89.wav,1,1,7225.629594,7225.735245,7225.563417,7225.797939,0.3084112,0.2345218,0.105651,7225.685322,7225.685322,7225.680678,3600.34,3944.84,3789.84,1692.32,344.52,930.24,3875.98,-0.137636655,0.51411539,3307.48,-86.04,4289.4,77.14,4.6,92.94,2.333,3.1504,1.6978,3.539,0.308411215,3.720660213,-0.766524183,3.788919014,-0.060847207,-0.523951346,-0.818863947,1.297936145,1.27096184,0.221668849,0.132502716,0.005104557,-0.149800099,0.894018382,-0.88990187,0.531920698,0.585695639,-0.473535009,0.548922638,-1.342548308,1.3524,42.06,3.2046,3.4986,0.788490583,3.8514,41.501,2.1862,41.501,43.70492523,5.749,-0.570298135,1.025205427,3.5628,-0.513453474,0.105238443,-0.277367945,-0.708340301,Ruficollis_Entre_Ríos,1184.858025,-0.079911385,-2087.419778,1701.513422,-83.79550245,-395.1101888,-188.6763202,-216.7635504,-1004.560351,-1098.749192,347.9640561,-119.9267814,-552.8587665,369.9736329,-102.0522238,33.4838622,-472.3190092,372.5410522,-256.1706762,-213.0629676,40.18941489,-0.306446853,48.24937421,7.80E-12
C_19_90,C_19_90.wav_Ruficollis_complex_536,H:\Sporophila_vocalizations\M-F consolidated\converted_sound_files\C_19_90.wav,Ruficollis_final_kjochecked_CecilasImageCorrections.txt,Ruficollis,Entre_Ríos,No year,complex,536,C_19_90.wav,D:/Sporophila_vocalizations/Entre_Ríos/No year/Ruficollis,C_19_90.wav_2417,NANANAfaint,C_19_90.wav,1,1,7318.967426,7319.050147,7318.912279,7319.103844,0.2740655,0.19156475,0.08272125,7318.989195,7318.989195,7319.00661,3789.8,4220.5,4005.175,1910.125,430.65,990.55,4198.95,0.914249908,0.704897814,3316.125,-126.1,4478.925,122.375,2.5,102.325,1.8475,2.9555,1.302,2.99475,0.274065421,3.990590268,-0.84464723,4.044758883,0.858947796,0.195621504,-0.640315776,1.01605815,1.28704281,0.198672057,0.109170781,-0.980145087,-0.93361944,0.85475949,-0.974620722,-0.674531398,0.414453331,0.191079584,0.850494,-0.777579776,1.617,21.72435897,3.7485,4.116,0.557724611,4.0425,38.333,2.1723,38.333,40.18413084,6.2547,-0.659315896,0.50660108,4.0824,-0.596393139,-0.246414447,0.812258618,-0.518116769,Ruficollis_Entre_Ríos,NA,-0.243942356,-1451.042715,1866.38634,1723.271728,-444.6051757,-952.3998387,148.1508698,-788.6622952,-58.6062708,-1034.73958,-0.356672704,-95.83263686,604.6730303,-355.1312524,-400.6063313,-523.5022999,147.1605068,-456.2908048,21.68876071,245.5946065,-26.64442554,100.1071028,9.03E-13
C_19_91,C_19_91.wav_Ruficollis_complex_541,H:\Sporophila_vocalizations\M-F consolidated\converted_sound_files\C_19_91.wav,Ruficollis_final_kjochecked_CecilasImageCorrections.txt,Ruficollis,Entre_Ríos,No year,complex,541,C_19_91.wav,D:/Sporophila_vocalizations/Entre_Ríos/No year/Ruficollis,C_19_91.wav_2432,NANANANA,C_19_91.wav,1,1,7377.883707,7378.023027,7377.832914,7378.075272,0.3483645,0.2423585,0.13931975,7377.970782,7377.970782,7377.963526,3552.95,3983.625,3746.75,1994.375,430.65,947.475,3811.35,-0.348131216,0.656859074,3251.525,-74.175,4435.85,77.875,4.25,115.625,1.7295,3.0455,1.43,2.85,0.348364486,3.739871354,-1.034397845,3.743515475,-0.148981613,-0.506598712,-0.689755958,2.011069081,2.037512662,0.252784155,0.14764235,-0.23229456,-0.11861294,0.835880572,-0.817515206,-1.219425273,0.290909364,-0.019285351,0.419677768,-0.777579776,1.764,18.20238095,3.381,3.4545,-0.406573756,3.7485,12.16,1.6854,12.16,14.04129906,6.2921,-0.659315896,1.628479868,4.6067,-0.589300786,0.017883408,-0.313457691,-0.803396866,Ruficollis_Entre_Ríos,NA,-0.348385497,-2424.166626,2600.854207,133.6638945,699.9064837,-657.8685874,-1134.731475,-1102.135144,-882.3789143,-304.7045418,-208.1850632,523.966489,468.4443613,101.1476404,-392.3538551,-223.3063856,56.35776592,-341.507066,92.49607504,109.2955968,-50.8482619,165.3572099,6.20E-12
C_19_91,C_19_91.wav_Ruficollis_complex_542,H:\Sporophila_vocalizations\M-F consolidated\converted_sound_files\C_19_91.wav,Ruficollis_final_kjochecked_CecilasImageCorrections.txt,Ruficollis,Entre_Ríos,No year,complex,542,C_19_91.wav,D:/Sporophila_vocalizations/Entre_Ríos/No year/Ruficollis,C_19_91.wav_2436,NANANANANANANANA,C_19_91.wav,1,1,7389.135952,7389.211417,7389.085159,7389.274547,0.2950935,0.189388,0.075465,7389.143209,7389.143209,7389.166429,3542.2,3983.6125,3800.5875,2276.15,441.425,1108.9625,3994.4,0.248047485,0.897052773,3003.8625,-120.55,4446.5875,155.775,4.625,110.5125,2.082875,3.090125,1.50225,3.30925,0.295093458,3.708426281,-0.425433686,3.776724545,-0.641066518,-0.451128865,-0.039070045,0.889573982,1.299828183,0.194882239,0.105114503,1.189389195,0.993951929,0.841529391,-0.34300938,-0.971266623,0.358729026,-0.183467506,-0.118842522,-0.834076629,1.911,27.05520833,3.6015,3.3075,-2.439287717,3.85875,22.507,1.8114,22.507,25.71691589,6.6501,-0.30324485,0.824113946,4.8387,-0.276951621,-0.136572185,-0.835835893,0.432669684,Ruficollis_Entre_Ríos,4192.608494,0.154747506,-604.31149,1517.363834,-1332.042818,1509.496938,-235.6460771,-121.1573026,-1073.614613,-796.4698248,-32.36376781,-680.8065132,-232.9869805,148.0029089,-103.320088,-588.2541998,132.9118491,-128.7485874,-758.0201137,-65.36928533,-162.7251325,-6.106617044,-112.4461481,7.18E-12
C_19_92,C_19_92.wav_Ruficollis_complex_545,H:\Sporophila_vocalizations\M-F consolidated\converted_sound_files\C_19_92.wav,Ruficollis_final_kjochecked_CecilasImageCorrections.txt,Ruficollis,Entre_Ríos,No year,complex,545,C_19_92.wav,D:/Sporophila_vocalizations/Entre_Ríos/No year/Ruficollis,C_19_92.wav_2456,faintfaintfaintfaintfaintfaintfaintfaintfaintfaintfaintfaintfaintfaintfaintfaint,C_19_92.wav,1,1,7488.981032,7489.057585,7488.951644,7489.110918,0.240710625,0.159274563,0.076553438,7488.997358,7488.997358,7489.020215,4053.61875,4651.1625,4349.68125,2997.8,597.54375,1383.525,4516.5875,1.948768959,0.649996397,3596.04375,-130.74375,5442.50625,203.0875,4.8125,96.89375,2.3600625,3.82075,1.6746875,3.9406875,0.240710638,4.401448278,0.395527489,4.396838899,1.871456918,1.456061888,0.349704768,0.01485135,-0.037962972,0.158618572,0.096731717,-0.762217361,-0.742636195,0.899688724,-0.076411647,0.847585608,0.4623367,1.34494146,1.44286632,0.945574247,2.53575,18.56822917,4.263,3.969,-1.566137002,4.354875,52.331,2.0417,52.331,58.21750848,7.8333,0.408897244,0.002960524,5.7916,0.352297871,-0.02729255,-0.654144907,0.432780086,Ruficollis_Entre_Ríos,5734.663549,0.91818044,2508.443433,193.7488836,2711.473355,-746.81924,-492.7551271,-70.62605878,-1829.116199,47.89515773,-4.847782509,48.27139439,-511.0260829,-232.090974,-379.2739715,-58.18625955,-166.7233639,364.8368337,175.0345854,-80.91792099,120.152795,-18.65687554,-45.45112623,7.11E-14
C_19_98,C_19_98_B.wav_Hypoxantha_complex_216c,H:\Sporophila_vocalizations\M-F consolidated\converted_sound_files\C_19_98_B.wav,Hypoxantha_final_kjochecked_CecilasImageCorrections.txt,Hypoxantha,Entre_Ríos,No year,complex,216c,C_19_98_B.wav,D:/Sporophila_vocalizations/Entre_Ríos/No year/Hypoxantha,C_19_98_B.wav_1504,NANANANANANANANA,C_19_98_B.wav,1,1,4118.898492,4118.984841,4118.852052,4119.026202,0.241121625,0.17414975,0.086349375,4118.952914,4118.952914,4118.943481,3477.625,4468.125,4091.3,4837.8375,990.525,2627.0625,3897.5125,-0.067507084,2.005375127,3133.075,-192.875,4974.1625,161.3625,5.125,119.975,2.80825,4.21475,2.232875,4.20025,0.241121495,4.332041346,3.414006038,4.20665358,-0.008052311,2.386435974,4.052315952,0.243262337,0.143862666,0.169189374,0.103513094,1.253165391,0.941022073,0.906348643,-0.10850366,1.044166796,0.521561791,0.015515007,-0.76506687,1.708281766,3.78525,16.79138067,3.78525,3.27075,-2.531009773,3.78525,25.625,1.5228,25.625,29.52488785,9.3909,-0.30324485,0.00916426,7.8681,-0.114743704,-1.035387606,1.190868839,2.810077427,Hypoxantha_Entre_Ríos,2740.918784,0.176508132,4962.553324,2197.800472,-1528.867027,-282.7240787,3228.413501,1085.66743,-531.5622608,2841.262954,43.06694932,-1120.649021,820.1933074,798.6149531,-338.9961243,-212.2097675,-166.5712824,-835.0593201,273.4867812,-244.6561083,-177.6596209,103.2547553,-35.98058664,-2.35E-11
C18_10,C18_10_Hypoxantha.wav_Hypoxantha_complex_272,H:\Sporophila_vocalizations\M-F consolidated\converted_sound_files\C18_10_Hypoxantha.wav,Hypoxantha_final_kjochecked_CecilasImageCorrections.txt,Hypoxantha,E_Iberá,2018,complex,272,C18_10_Hypoxantha.wav,D:/Sporophila_vocalizations/E_Iberá/2018/Hypoxantha,C18_10_Hypoxantha.wav_1865,NANANANANA,C18_10_Hypoxantha.wav,1,1,4224.823136,4224.940397,4224.767408,4225.005413,0.3672898,0.2380046,0.1172608,4224.898601,4224.898601,4224.902084,3617.56,4082.68,3755.38,3452.4,465.12,1136.96,3738.16,-0.586504989,0.387842131,3169.68,-127.58,4823.42,115.74,4,124.56,1.9418,3.5444,1.3752,4.0964,0.36728972,3.870579234,-0.172973196,3.765336595,0.176049572,-0.005850737,-0.209081314,2.380086874,2.186163045,0.25246163,0.144221805,0.134701234,-0.316563453,0.855351282,-0.725514317,-0.615235282,0.280829009,0.165185852,-1.518995277,0.465350995,3.234,30.19622926,3.7926,4.3218,1.108107463,3.7926,23.452,1.6071,23.452,26.16614953,6.7857,-0.570298135,1.914241451,5.1786,-0.393503063,-1.034747513,0.405047326,-0.803507269,Hypoxantha_E_Iberá,1783.091041,-0.40341738,-1179.019945,3692.269655,-455.1510979,516.8308745,64.10608972,-1771.56853,-56.95697945,213.3374585,-948.5732807,552.8299972,304.7294893,-222.19171,591.114188,467.0188024,-293.2287488,-18.65157018,190.9617426,82.01223073,-214.2849826,84.60597246,137.3184286,1.39E-12
C18_10,C18_10_Hypoxantha.wav_Hypoxantha_complex_273,H:\Sporophila_vocalizations\M-F consolidated\converted_sound_files\C18_10_Hypoxantha.wav,Hypoxantha_final_kjochecked_CecilasImageCorrections.txt,Hypoxantha,E_Iberá,2018,complex,273,C18_10_Hypoxantha.wav,D:/Sporophila_vocalizations/E_Iberá/2018/Hypoxantha,C18_10_Hypoxantha.wav_1870,NANANANANA,C18_10_Hypoxantha.wav,1,1,4238.264007,4238.403326,4238.218728,4238.461376,0.3734576,0.2426486,0.1393198,4238.316252,4238.316252,4238.352243,3617.58,4151.6,3807.06,3309.5,534.04,1154.18,4013.78,0.311166542,0.612937941,3238.58,-97.92,4857.9,172.1,3.2,126.36,1.9416,3.6158,1.3792,3.9516,0.373457944,3.887295963,-0.129881158,3.80773143,0.272079827,0.046794532,-0.228528482,2.404216223,2.080799433,0.257509747,0.151465804,-0.268087467,-0.483834919,0.859236996,-0.685238463,-0.48967802,0.285803067,0.11833674,-1.69132177,0.103771134,3.0576,29.18553922,3.4398,4.3806,2.321487648,3.7338,36.861,1.25,36.861,39.67295327,6.5476,-0.570298135,2.00737855,5.2976,-0.370510041,-1.151570454,0.616769228,-0.803396866,Hypoxantha_E_Iberá,1798.132426,-0.31804445,-1064.327458,3819.459467,-232.3493383,155.739059,-14.49784548,-1551.800806,-258.9543699,288.5461427,-1429.267753,886.670024,-253.1291592,-208.8730552,401.0080031,70.0272984,-64.02319768,166.6235731,39.38972685,94.34173069,-15.23926651,23.45049524,265.03399,6.86E-12
C18_10,C18_10_Hypoxantha.wav_Hypoxantha_complex_275,H:\Sporophila_vocalizations\M-F consolidated\converted_sound_files\C18_10_Hypoxantha.wav,Hypoxantha_final_kjochecked_CecilasImageCorrections.txt,Hypoxantha,E_Iberá,2018,complex,275,C18_10_Hypoxantha.wav,D:/Sporophila_vocalizations/E_Iberá/2018/Hypoxantha,C18_10_Hypoxantha.wav_1878,NANANANANANA,C18_10_Hypoxantha.wav,1,1,4255.197933,4255.281138,4255.123436,4255.37305,0.366088833,0.249614667,0.083205,4255.22212,4255.22212,4255.230828,3818.533333,4191.783333,4048.25,3601.2,373.25,1248.933333,4091.3,0.563642767,0.469279233,3229.983333,-108.7833333,4923.933333,168.15,3.5,126.7833333,1.952333333,3.581666667,1.389,3.846166667,0.366088785,3.98818754,0.092127583,3.946627659,0.745991745,0.433431446,-0.109617919,1.934061547,1.739889073,0.248661882,0.149722845,-0.034317665,-0.382568298,0.85739665,-0.734131433,-0.554491272,0.302733446,0.159543626,-2.09341692,0.239363582,3.283,30.15834141,3.381,4.165,1.491372033,3.724,53.454,0.7738,53.454,56.80984112,6.4881,-0.481280373,1.896107935,5.7143,-0.242645548,-1.29063079,0.562333207,-0.708340301,Hypoxantha_E_Iberá,3137.024622,-0.004221567,-339.1692252,3549.147873,-205.0261996,434.7520651,-99.35939525,-1415.297294,-75.08713911,542.4546499,-1616.108966,986.6572922,-651.043841,-376.0004974,422.6437376,44.7128645,-330.8060725,218.6832949,374.1783251,-48.74001136,54.49768745,-38.41431849,92.26862961,-1.84E-12
C18_10,C18_10_Hypoxantha.wav_Hypoxantha_complex_278,H:\Sporophila_vocalizations\M-F consolidated\converted_sound_files\C18_10_Hypoxantha.wav,Hypoxantha_final_kjochecked_CecilasImageCorrections.txt,Hypoxantha,E_Iberá,2018,complex,278,C18_10_Hypoxantha.wav,D:/Sporophila_vocalizations/E_Iberá/2018/Hypoxantha,C18_10_Hypoxantha.wav_1897,NANANANANA,C18_10_Hypoxantha.wav,1,1,4280.398937,4280.526646,4280.338565,4280.585857,0.37514,0.2472926,0.12771,4280.440733,4280.440733,4280.481367,3583.1,4151.6,3772.62,3705.7,568.48,1223.1,4031.02,0.367315795,0.755681625,3186.9,-163.2,4995.72,148.36,4.6,126.66,2.0516,3.598,1.4114,3.8614,0.375140187,3.907487862,0.170753646,3.793531928,0.204125273,0.211848761,0.127992224,2.704574856,2.40862938,0.265463608,0.152587366,0.002164334,-0.473995674,0.846892544,-0.706401968,-0.867726127,0.25750248,-0.642714494,-1.69132177,0.37495603,3.234,31.02111111,4.4394,4.263,-0.791645107,3.7926,78.929,1.131,78.929,81.82854206,7.381,-0.570298135,2.032779579,6.25,-0.349918488,-1.260578561,0.86711227,-0.898563834,Hypoxantha_E_Iberá,1807.954934,-0.422729686,-977.4214556,4311.301351,-552.5970523,367.0476617,128.7088944,-1740.906073,-38.61366894,623.6416632,-1468.181046,913.9822938,6.352772495,35.98039019,-397.7213907,-49.89764511,-165.4647942,124.2517161,30.21191359,-22.82835853,-88.40585623,56.17078938,351.3431701,9.89E-12
C18_10,C18_10_Hypoxantha.wav_Hypoxantha_complex_281,H:\Sporophila_vocalizations\M-F consolidated\converted_sound_files\C18_10_Hypoxantha.wav,Hypoxantha_final_kjochecked_CecilasImageCorrections.txt,Hypoxantha,E_Iberá,2018,complex,281,C18_10_Hypoxantha.wav,D:/Sporophila_vocalizations/E_Iberá/2018/Hypoxantha,C18_10_Hypoxantha.wav_1923,NANANANANA,C18_10_Hypoxantha.wav,1,1,4306.115036,4306.206755,4306.036089,4306.281059,0.3633644,0.2449706,0.091719,4306.1429,4306.1429,4306.163798,3634.78,4082.7,3807.08,3669.26,447.9,1223.08,3996.56,0.255082427,0.256078731,3152.46,-183.96,5116.3,115.72,4.4,125.72,2.0396,3.5708,1.4418,4.032,0.363364486,3.890335115,0.125357309,3.807434689,0.249879592,0.154826284,-0.020380661,2.32663922,2.285229017,0.252807516,0.142503059,0.147805822,-0.46021188,0.845887191,-0.744666677,-0.904569691,0.292613134,0.370840092,-2.035974755,0.465350995,3.4104,27.26988032,4.0278,3.087,-1.790750179,3.9102,104.572,1.5476,104.572,107.4905421,6.9643,-0.570298135,1.854972374,5.4167,-0.345451712,-1.281165396,1.113347938,-0.708340301,Hypoxantha_E_Iberá,1272.639461,-0.316124908,-637.2420307,4032.804251,-298.8883789,529.6184355,-34.3114394,-1645.726176,429.3657963,630.400866,-1661.916518,844.6418896,-22.92966204,-106.7532113,610.0299907,151.4318362,-152.8736935,162.1511541,-187.2680854,-11.75484956,-150.6133616,92.34804001,115.1882759,-5.62E-12
C18_10,C18_10_Hypoxantha.wav_Hypoxantha_complex_282,H:\Sporophila_vocalizations\M-F consolidated\converted_sound_files\C18_10_Hypoxantha.wav,Hypoxantha_final_kjochecked_CecilasImageCorrections.txt,Hypoxantha,E_Iberá,2018,complex,282,C18_10_Hypoxantha.wav,D:/Sporophila_vocalizations/E_Iberá/2018/Hypoxantha,C18_10_Hypoxantha.wav_1928,NANANANANA,C18_10_Hypoxantha.wav,1,1,4312.991626,4313.111209,4312.937059,4313.18319,0.3745794,0.2461316,0.119583,4313.050837,4313.050837,4313.069413,3617.56,4134.36,3807.06,3988.1,516.82,1223.1,3962.12,0.142914197,0.761171766,2962.96,-133.54,4944.04,204.76,4.6,125.92,2.0658,3.652,1.4132,4.1808,0.374579439,3.907729722,0.339480167,3.809416681,0.259034142,0.227498638,0.092387336,2.504842865,2.415396743,0.260155997,0.147138717,0.292811994,-0.290374711,0.848306496,-0.69506101,-0.823269614,0.275242334,0.375775154,-2.208301248,0.826930856,3.7044,22.50607843,4.7334,2.9694,-4.554049336,3.9102,111.529,1.25,111.529,114.3859533,7.3214,-0.570298135,2.024312571,6.0714,-0.359930834,-1.203735152,0.741320213,-0.803396866,Hypoxantha_E_Iberá,1938.676233,-0.268513752,-441.1599397,4281.156415,-518.5961639,834.6593974,229.4195978,-1798.918106,-68.64864469,756.0358031,-1492.604104,1025.413356,124.7922346,-229.7387257,545.0261299,365.1984587,-88.90953559,238.6893025,-39.22854289,54.18478898,-185.3139822,87.29421929,95.37498285,-2.01E-12
C18_10,C18_10_Hypoxantha.wav_Hypoxantha_complex_283,H:\Sporophila_vocalizations\M-F consolidated\converted_sound_files\C18_10_Hypoxantha.wav,Hypoxantha_final_kjochecked_CecilasImageCorrections.txt,Hypoxantha,E_Iberá,2018,complex,283,C18_10_Hypoxantha.wav,D:/Sporophila_vocalizations/E_Iberá/2018/Hypoxantha,C18_10_Hypoxantha.wav_1933,NANANANANANANANANA,C18_10_Hypoxantha.wav,1,1,4321.779218,4321.874032,4321.705688,4321.947562,0.319626111,0.241874667,0.094814889,4321.787603,4321.787603,4321.839202,3780.266667,4344.922222,3981.233333,4219.566667,564.6444444,1473.833333,4306.622222,1.264929425,0.449453722,3215.611111,-186.2777778,5273.244444,239.0555556,4.222222222,124.0888889,2.339444444,3.805222222,1.549222222,4.057111111,0.319626168,4.093758982,1.111237852,3.998210224,0.672442547,0.838914438,0.660577257,1.587576198,1.054508303,0.22484731,0.140192281,1.054600591,0.672177839,0.86775305,-0.335594644,-0.16779661,0.360231462,1.008580383,-1.136047515,1.067984096,3.495333333,17.55850581,4.622333333,4.230333333,-0.111537788,3.969,119.238,1.0714,119.238,123.5921402,7.4405,-0.214227088,1.194545622,6.3691,-0.007951937,-1.002675258,-0.034279298,0.527836651,Hypoxantha_E_Iberá,5661.068423,0.735386341,2229.969105,2793.639467,-116.5562064,1109.678946,360.0222168,-834.9619057,-436.8790561,335.2737338,-630.3161523,6.036389245,-595.1912256,-449.7595866,415.9388232,60.9368098,103.1563137,504.6981285,-167.7625837,-164.829578,-68.5811934,4.133685043,324.7546697,-5.11E-12
C18_10,C18_10_Hypoxantha.wav_Hypoxantha_complex_284,H:\Sporophila_vocalizations\M-F consolidated\converted_sound_files\C18_10_Hypoxantha.wav,Hypoxantha_final_kjochecked_CecilasImageCorrections.txt,Hypoxantha,E_Iberá,2018,complex,284,C18_10_Hypoxantha.wav,D:/Sporophila_vocalizations/E_Iberá/2018/Hypoxantha,C18_10_Hypoxantha.wav_1942,NANANANANA,C18_10_Hypoxantha.wav,1,1,4331.77773,4331.856678,4331.669757,4331.92866,0.368972,0.2589026,0.078948,4331.817204,4331.817204,4331.816043,3652.02,4117.14,3789.84,3892.86,465.12,1378.12,3755.38,-0.530420874,0.799602758,3221.36,-172.1,5081.86,246.3,5.4,125.96,2.1498,3.6386,1.428,3.9976,0.368971963,3.940003993,0.435003112,3.81362603,0.290199898,0.323668147,0.220063503,2.352174026,2.375841124,0.252052695,0.139859793,0.042488903,-0.450263712,0.847592192,-0.720251108,-0.849240238,0.257898217,0.164354508,-2.208301248,0.646140925,3.5868,31.0975,3.7926,4.0866,0.388625876,3.9102,130.295,1.0119,130.295,133.1437383,7.1429,-0.570298135,1.939642474,6.131,-0.361862116,-1.207144526,0.803994619,-0.042723543,Hypoxantha_E_Iberá,2700.973553,-0.347493167,-454.6945169,4017.068268,-831.1609817,491.1402918,388.6191262,-1781.787736,-148.341047,962.1847121,-1719.485258,449.5846835,338.9609515,47.21937921,661.9484713,532.7860896,-256.8556291,-284.8749905,174.0232208,9.229730141,-46.02404186,58.73159949,68.36298089,3.44E-12
C18_10,C18_10_Hypoxantha.wav_Hypoxantha_complex_286,H:\Sporophila_vocalizations\M-F consolidated\converted_sound_files\C18_10_Hypoxantha.wav,Hypoxantha_final_kjochecked_CecilasImageCorrections.txt,Hypoxantha,E_Iberá,2018,complex,286,C18_10_Hypoxantha.wav,D:/Sporophila_vocalizations/E_Iberá/2018/Hypoxantha,C18_10_Hypoxantha.wav_1950,NANANANA,C18_10_Hypoxantha.wav,1,1,4344.70602,4344.842438,4344.652324,4344.915,0.35327075,0.26267575,0.13641725,4344.778583,4344.778583,4344.7989,3488.375,4177.45,3660.65,3318.475,689.075,1270.475,3725.225,-0.628633214,0.780387262,3100.775,-185.475,4586.575,178.075,7.75,124.075,2.18125,3.62825,1.51675,3.272,0.353271028,3.829689957,0.194825725,3.720913015,-0.277253305,0.23708923,0.715349876,2.151237052,1.640142407,0.247679897,0.150819678,-0.16804322,-0.58506997,0.851326156,-0.773150706,-0.742753781,0.298646322,0.211004382,-1.518995277,-0.099617537,2.8665,26.84880952,3.381,3.675,-0.529833033,3.675,143.648,1.6667,143.648,145.7401215,6.7857,-0.659315896,1.702566206,5.119,-0.539737805,-0.482471256,0.492572837,-0.803396866,Hypoxantha_E_Iberá,NA,-0.312096417,-1102.464437,3139.322868,-631.4973646,265.8250888,676.6358449,-1396.889831,-418.3845683,737.1080996,-949.7611127,707.1681175,603.0849171,285.8807514,805.3157987,-424.885327,-497.7454189,96.07083143,119.262593,-102.1527971,-141.5641691,62.59536613,282.2275907,1.35E-11
C18_10,C18_10_Hypoxantha.wav_Hypoxantha_complex_287,H:\Sporophila_vocalizations\M-F consolidated\converted_sound_files\C18_10_Hypoxantha.wav,Hypoxantha_final_kjochecked_CecilasImageCorrections.txt,Hypoxantha,E_Iberá,2018,complex,287,C18_10_Hypoxantha.wav,D:/Sporophila_vocalizations/E_Iberá/2018/Hypoxantha,C18_10_Hypoxantha.wav_1954,NANANANANANANANANANANANANANANANANANANANANANA,C18_10_Hypoxantha.wav,1,1,4353.710086,4353.796633,4353.66391,4353.853891,0.267119682,0.189981545,0.086547273,4353.75072,4353.75072,4353.757581,4001.25,4737.3,4306.640909,4145.181818,736.0545455,1710.913636,4404.518182,1.583768464,0.706769453,3421.813636,-184.1136364,5606.454545,255.6136364,5.272727273,123.3727273,2.511636364,3.976954545,1.723227273,4.281181818,0.267119796,4.327397723,1.306513928,4.302867909,1.350853884,1.655540643,1.276640177,0.589755088,0.425477692,0.185266332,0.113720919,0.257393057,-0.07731681,0.879995692,0.012039973,0.263133286,0.376732209,1.565035571,-1.362334829,1.369300647,3.768545455,19.55215333,4.597090909,4.035818182,-1.341473692,4.329818182,149.156,0.8929,149.156,158.3054112,7.3214,0.943003813,0.401725621,6.4285,1.119385063,-0.605389482,-0.399044188,1.383676942,Hypoxantha_E_Iberá,7959.359191,1.477899833,4151.647176,1109.553585,230.0207038,157.5865085,-172.5711719,-1072.171742,-1269.127789,1023.735999,-987.719484,407.2161159,-789.2855709,-268.7810948,634.1093144,40.12899984,-133.7227687,106.3928619,81.59147593,-26.53854213,-161.5194563,-53.10963214,15.6837479,-1.14E-12
C18_11,C18_11_Iberaensis.wav_Iberaensis_complex_70,H:\Sporophila_vocalizations\M-F consolidated\converted_sound_files\C18_11_Iberaensis.wav,Iberaensis_final_kjochecked_CecilasImageCorrections.txt,Iberaensis,E_Iberá,2018,complex,70,C18_11_Iberaensis.wav,D:/Sporophila_vocalizations/E_Iberá/2018/Iberaensis,C18_11_Iberaensis.wav_417,NANANANANANANANANANANANANANANANANANANA,C18_11_Iberaensis.wav,1,1,224.9090804,224.9533816,224.8840274,224.9863784,0.166444421,0.102351316,0.044301316,224.9271065,224.9271065,224.9283285,3395.431579,3708.231579,3531.447368,2778.273684,312.7947368,961.0736842,3558.636842,-1.171197058,-0.092978699,2860.521053,-140.5578947,4252.231579,91.36315789,2.473684211,119.4263158,2.155526316,3.192315789,1.566157895,3.577842105,0.166444265,3.565254928,-0.152135743,3.578537695,-0.958552762,-0.970969977,-0.560628888,-0.878273712,-0.735938567,0.112415545,0.065075186,1.100065025,1.128868511,0.841289682,0.734034334,-0.793796078,0.314068117,-1.178439576,-1.518995277,-0.93814978,2.321052632,18.61186197,3.504789474,3.721421053,1.305310772,3.814263158,221.621,0.9926,221.621,228.1342068,5.4779,0.675950529,-1.118424631,4.4853,0.499630563,0.179126867,-0.015744,-0.518227172,Iberaensis_E_Iberá,3653.637573,0.311473964,-695.0930033,-1688.552586,-2878.858871,1064.191024,-549.7765248,642.6827843,1088.635214,-239.349114,12.4582282,734.3868024,85.63287735,-199.0795797,-108.5770512,235.1221386,-299.7237647,4.177963216,-92.11857625,73.00832307,83.70017393,5.415480731,25.8900998,-1.73E-12
C18_11,C18_11_Iberaensis.wav_Iberaensis_complex_71,H:\Sporophila_vocalizations\M-F consolidated\converted_sound_files\C18_11_Iberaensis.wav,Iberaensis_final_kjochecked_CecilasImageCorrections.txt,Iberaensis,E_Iberá,2018,complex,71,C18_11_Iberaensis.wav,D:/Sporophila_vocalizations/E_Iberá/2018/Iberaensis,C18_11_Iberaensis.wav_412,NANANANANANA,C18_11_Iberaensis.wav,1,1,218.2694973,218.364312,218.2259598,218.4330045,0.292682833,0.207044833,0.094815,218.2869123,218.2869123,218.2994898,3143.833333,3474.016667,3287.383333,2227.35,330.1833333,976.1666667,3258.683333,-2.148120814,0.990842694,2526.566667,-155.7833333,3818.55,178.0333333,6.166666667,117.4333333,2.085166667,2.850666667,1.5515,3.455666667,0.292682924,3.257320206,-0.222522461,3.31614398,-2.265527074,-1.508037173,0.008056584,0.624582274,0.82253324,0.204912876,0.125092435,2.016689732,1.955223957,0.840687344,-0.378705458,-1.002680791,0.378620459,-1.985543019,-1.949811509,-1.719193997,1.96,44.91111111,3.479,3.136,-0.76451108,3.43,216.507,0.9926,216.507,219.5667552,4.5956,-0.481280373,0.787716086,3.603,-0.312253414,-1.155108959,0.927455161,-1.088787366,Iberaensis_E_Iberá,1623.332548,-0.001537953,-2512.528252,1952.388157,-4831.931778,1296.090852,95.69922702,876.1287222,1198.642404,-17.9399757,306.7167834,156.0403188,513.6659242,-171.8922113,26.75047866,-391.4028459,-356.3045421,284.8499536,-126.9482534,7.439472583,-41.24936224,-5.732350539,-172.2570148,-1.72E-12
C18_11,C18_11_Iberaensis.wav_Iberaensis_complex_81,H:\Sporophila_vocalizations\M-F consolidated\converted_sound_files\C18_11_Iberaensis.wav,Iberaensis_final_kjochecked_CecilasImageCorrections.txt,Iberaensis,E_Iberá,2018,complex,81,C18_11_Iberaensis.wav,D:/Sporophila_vocalizations/E_Iberá/2018/Iberaensis,C18_11_Iberaensis.wav_977,NANANANANANANANANANANANANANANANA,C18_11_Iberaensis.wav,1,1,17.56407025,17.61450113,17.53831063,17.66674594,0.195710563,0.128435563,0.050430938,17.57930838,17.57930838,17.58511338,3423.775,3849.04375,3633.71875,2933.14375,425.2875,1108.96875,3585.26875,-1.084459138,1.591898831,2950.05625,-142.8125,4376.6125,176.1875,4.25,118.34375,2.2116875,3.3543125,1.6026875,3.81475,0.195710632,3.56645881,0.075590935,3.574051381,-1.100481367,-0.829068879,-0.159646785,-0.59853544,-0.535941246,0.130198944,0.078690445,1.312294125,1.077387076,0.847822448,0.622975487,-0.614737174,0.323572206,-1.504671494,-2.542183828,-0.975318762,2.646,29.41825033,3.27075,3.178875,1.897037298,3.93225,14.287,0.7759,14.287,20.09705607,5.5603,0.408897244,-0.676517105,4.7844,0.334324409,-0.217915444,-0.111541104,-0.042723543,Iberaensis_E_Iberá,3890.286543,0.61635155,-473.6236424,-776.6201938,-3969.650488,1126.655298,-49.07512792,1011.692422,-112.3581675,524.1918238,-693.9989645,883.0374824,-143.0907713,-362.0986163,-194.8468181,277.4599297,-184.9793368,71.27112437,164.5726162,33.29426687,-157.8587304,4.283038119,-42.56877364,3.48E-12
C18_11,C18_11_Iberaensis.wav_Iberaensis_complex_83,H:\Sporophila_vocalizations\M-F consolidated\converted_sound_files\C18_11_Iberaensis.wav,Iberaensis_final_kjochecked_CecilasImageCorrections.txt,Iberaensis,E_Iberá,2018,complex,83,C18_11_Iberaensis.wav,D:/Sporophila_vocalizations/E_Iberá/2018/Iberaensis,C18_11_Iberaensis.wav_1016,NANANANANANAnoiceNANANANANANANANANANANANA,C18_11_Iberaensis.wav,1,1,37.85126453,37.89831542,37.82926663,37.94444979,0.182870632,0.115183368,0.047051053,37.86929053,37.86929053,37.87204026,3427.178947,3857.826316,3599.426316,2724.836842,430.6631579,956.5421053,3694.631579,-0.728273455,1.091736087,2928.526316,-120.2631579,4152.510526,110.8842105,2.789473684,118.0842105,2.193842105,3.178578947,1.486631579,3.865947368,0.182870711,3.542411694,-0.108340881,3.543156033,-1.162808987,-0.791379134,-0.025278537,-0.722882372,-0.553102201,0.124890327,0.073739479,0.968630206,0.702373386,0.838073744,0.929637191,-0.864371395,0.317918348,-1.234251775,-1.881787893,-1.152243119,2.305578947,29.62461077,3.195315789,3.350052632,3.357509239,3.984473684,33.999,1.0776,33.999,40.91987851,5.431,0.675950529,-0.870393501,4.3534,0.595471531,-0.224772882,0.051404921,0.432669684,Iberaensis_E_Iberá,3714.585977,1.060520152,-42.22922328,-1269.343915,-3535.618916,610.7323605,-564.0191725,834.523795,-16.1732103,225.4682164,-970.1907673,405.4801616,61.48984958,-246.5334954,-230.520547,-216.2882216,-91.53546612,89.85934598,-205.7070523,-20.53927757,-167.3428942,17.58042289,-29.3782551,7.36E-14
C18_11,C18_11_Iberaensis.wav_Iberaensis_complex_84,H:\Sporophila_vocalizations\M-F consolidated\converted_sound_files\C18_11_Iberaensis.wav,Iberaensis_final_kjochecked_CecilasImageCorrections.txt,Iberaensis,E_Iberá,2018,complex,84,C18_11_Iberaensis.wav,D:/Sporophila_vocalizations/E_Iberá/2018/Iberaensis,C18_11_Iberaensis.wav_1035,NANANANANANANANANANANANANANANANANANANANANANANANA,C18_11_Iberaensis.wav,1,1,49.73422904,49.78526454,49.70810654,49.83049504,0.182827083,0.122388708,0.051035625,49.75382083,49.75382083,49.75478833,3545.795833,3929.795833,3735.995833,2785.5375,384,918.7541667,3753.941667,-0.535105407,-0.146074148,3158.204167,-136.6291667,4407.129167,125.5,3.375,119.6166667,2.168083333,3.20125,1.5985,3.535625,0.182827103,3.698289793,-0.267035472,3.709439075,-0.432875182,-0.547242669,-0.437441751,-0.661844636,-0.481969382,0.129247614,0.076614288,1.221914848,1.120331013,0.834283766,0.61272136,-1.029838631,0.308505411,-0.755311532,-1.842107451,-0.815244345,2.51125,26.63772836,3.6505,3.479,-1.937126905,4.067,44.243,1.0345,44.243,54.33428037,5.6466,1.121039337,-0.871051957,4.6121,1.340812371,-0.686139357,0.766123771,-0.042723543,Iberaensis_E_Iberá,3695.265483,1.428009678,665.9726389,-929.0990223,-3022.859563,676.5667037,-1788.159331,497.7996415,1300.490727,-44.5626105,-725.0736413,590.3532911,-221.1440776,-312.624302,81.99904551,19.50006399,-468.9175522,343.125096,-70.90256833,123.0356697,-68.90652337,-142.0522556,-27.88094292,-1.67E-11
C18_11,C18_11_Iberaensis.wav_Iberaensis_complex_85,H:\Sporophila_vocalizations\M-F consolidated\converted_sound_files\C18_11_Iberaensis.wav,Iberaensis_final_kjochecked_CecilasImageCorrections.txt,Iberaensis,E_Iberá,2018,complex,85,C18_11_Iberaensis.wav,D:/Sporophila_vocalizations/E_Iberá/2018/Iberaensis,C18_11_Iberaensis.wav_1060,NANANANANANANANANANANANANANANANANANANA,C18_11_Iberaensis.wav,1,1,62.09534137,62.14972484,62.06570537,62.19830342,0.199950684,0.132598368,0.054383684,62.114895,62.114895,62.11978337,3409.036842,3817.031579,3603.957895,2843.105263,407.9894737,1042.684211,3631.168421,-0.934967708,0.521050306,2892.236842,-139,4288.505263,134.3,4.684210526,119.1368421,2.173105263,3.333578947,1.553947368,3.706105263,0.199950812,3.576016737,-0.201323405,3.591974642,-1.005743084,-0.768319914,-0.163902673,-0.511460244,-0.311343112,0.136133548,0.079944204,0.559174905,0.345696472,0.844166825,0.146543951,-0.806105045,0.31316137,-1.364000926,-2.380627741,-1.009514226,2.568631579,27.35434989,3.442894737,3.241736842,-2.484527748,3.999947368,57.944,0.819,57.944,65.6207757,5.6466,0.675950529,-0.612492503,4.8276,0.773178041,-0.564924251,0.35449805,-0.13789051,Iberaensis_E_Iberá,2884.887578,0.507661363,-697.5180774,-726.5318741,-3230.285493,324.5254127,-726.9150284,224.8767825,669.0083091,798.0143413,-875.2182781,798.4952599,-299.6519382,-269.778804,-9.046579398,-63.74208279,-372.0343165,-160.3694705,-6.205394696,57.39289695,-113.1435722,-66.37763571,-49.84122745,1.10E-12
C18_11,C18_11_Iberaensis.wav_Iberaensis_complex_87,H:\Sporophila_vocalizations\M-F consolidated\converted_sound_files\C18_11_Iberaensis.wav,Iberaensis_final_kjochecked_CecilasImageCorrections.txt,Iberaensis,E_Iberá,2018,complex,87,C18_11_Iberaensis.wav,D:/Sporophila_vocalizations/E_Iberá/2018/Iberaensis,C18_11_Iberaensis.wav_1081,NANANANAnoiceNANANANANANANANANANANA,C18_11_Iberaensis.wav,1,1,76.76733569,76.8159525,76.73758513,76.88343519,0.213327,0.145850563,0.048616875,76.79091844,76.79091844,76.79128125,3359.15625,3730.61875,3563.7375,2496.225,371.4375,1028.225,3520.6625,-1.294876348,0.655143405,2863.9,-131.68125,4182.825,125.16875,3.9375,119.9,2.0798125,3.4283125,1.4745,3.5373125,0.213326924,3.539438535,-0.342707642,3.527207532,-1.262499458,-0.945208877,-0.173121732,-0.336220943,-0.206613189,0.147004131,0.088632112,0.355310666,0.274258255,0.863329123,-0.006821973,-0.25035909,0.368545636,-1.451885203,-1.518995277,-1.088312469,2.223375,27.94166667,3.509625,3.031875,-4.49243326,3.730125,72.623,1.2069,72.623,79.48669159,5.431,0.408897244,-0.410519891,4.2241,0.58202726,-0.714744761,0.539176725,-0.042723543,Iberaensis_E_Iberá,3137.16493,0.691669049,-1066.619759,-428.5571869,-3106.045689,-402.3318563,-623.0944234,448.8726045,452.8788507,576.4213681,-431.0086039,171.5436865,6.97108741,-272.4067157,-81.13799872,1.560483142,-333.3773778,92.86913888,13.76174845,103.3438786,-152.2632642,-54.53147873,-77.18150435,1.52E-12
C18_11,C18_11_Iberaensis.wav_Iberaensis_complex_93,H:\Sporophila_vocalizations\M-F consolidated\converted_sound_files\C18_11_Iberaensis.wav,Iberaensis_final_kjochecked_CecilasImageCorrections.txt,Iberaensis,E_Iberá,2018,complex,93,C18_11_Iberaensis.wav,D:/Sporophila_vocalizations/E_Iberá/2018/Iberaensis,C18_11_Iberaensis.wav_1151,NANANANANANANANANANANANANANANANANANA,C18_11_Iberaensis.wav,1,1,123.9848715,124.0316339,123.9610066,124.0796864,0.184735167,0.118679944,0.0467625,124.001964,124.001964,124.0068014,3416.611111,3722.838889,3579.288889,3032.333333,306.2388889,995.3111111,3584.077778,-1.088338036,0.795637656,2962,-129.4055556,4378.411111,154.1333333,3.611111111,118.6055556,2.263944444,3.262611111,1.625666667,3.895388889,0.184735202,3.583602275,0.101008746,3.568357358,-1.049889796,-0.770917022,-0.11835867,-0.661004419,-0.498486311,0.126854905,0.074565808,1.608261737,1.680668055,0.829628172,0.986226817,-1.110810046,0.315649639,-1.272812395,-2.524233152,-0.840354057,2.727666667,26.75175365,3.299333333,3.152333333,-2.229082792,4.034333333,120.271,0.9914,120.271,126.7480748,5.3879,0.586932767,-0.842240606,4.3965,0.491136162,-0.178048876,-0.025244981,-0.32800364,Iberaensis_E_Iberá,3724.417974,0.910652216,-15.97176748,-985.2419733,-4014.103726,1694.332503,-343.8372015,790.6172646,657.0529918,43.94529948,-576.9317326,932.399448,114.2573433,-426.4943506,-99.77503049,87.01831517,-349.459955,267.32559,57.11838809,236.8425105,-8.811595577,-42.12583076,-50.16291766,-1.17E-11
C18_11,C18_11_Iberaensis.wav_Iberaensis_complex_95,H:\Sporophila_vocalizations\M-F consolidated\converted_sound_files\C18_11_Iberaensis.wav,Iberaensis_final_kjochecked_CecilasImageCorrections.txt,Iberaensis,E_Iberá,2018,complex,95,C18_11_Iberaensis.wav,D:/Sporophila_vocalizations/E_Iberá/2018/Iberaensis,C18_11_Iberaensis.wav_1187,NANANANANANANANANANANANANANANANANANA,C18_11_Iberaensis.wav,1,1,144.7273859,144.7870483,144.699006,144.8212333,0.196718,0.122227444,0.059662444,144.7444784,144.7444784,144.7493159,3464.444444,3866.394444,3655.85,3117.144444,401.9555556,1091.022222,3631.933333,-0.932476452,-0.152936825,2966.8,-155.7944444,4526.755556,142.6111111,4.277777778,120.2611111,2.333388889,3.354555556,1.599222222,3.747833333,0.196718061,3.654192853,0.074513339,3.643778835,-0.694417744,-0.58561619,-0.206567054,-0.524248591,-0.37452501,0.131547853,0.076675281,1.370317967,1.356883709,0.837647471,0.750910014,-0.900106424,0.298826774,-0.726897277,-2.14128539,-0.714805495,2.678666667,26.35465769,3.054333333,3.201333333,2.993269027,4.050666667,140.937,0.8621,140.937,147.7258785,5.7759,0.586932767,-0.661305417,4.9138,0.564439191,-0.352720004,0.046257857,1.383676942,Iberaensis_E_Iberá,4834.610228,1.336988926,824.0409586,-1042.492136,-3436.810434,1116.95631,-537.6936666,270.975055,789.2631069,-203.6394268,-1060.485425,-579.8019286,-352.4859986,-195.5655298,443.4576543,286.5909086,-232.0795557,-42.64178039,-66.03188915,114.0282587,-17.89260899,-9.200882842,16.65362609,-1.66E-12
C18_11,C18_11_Iberaensis.wav_Iberaensis_complex_96,H:\Sporophila_vocalizations\M-F consolidated\converted_sound_files\C18_11_Iberaensis.wav,Iberaensis_final_kjochecked_CecilasImageCorrections.txt,Iberaensis,E_Iberá,2018,complex,96,C18_11_Iberaensis.wav,D:/Sporophila_vocalizations/E_Iberá/2018/Iberaensis,C18_11_Iberaensis.wav_1205,NANANANANANANANANANANANANANANANA,C18_11_Iberaensis.wav,1,1,154.5951815,154.6691948,154.5639796,154.7098298,0.209861188,0.145850563,0.074013688,154.6082427,154.6082427,154.6209411,3380.70625,3736,3558.35,2910.43125,355.30625,990.525,3542.2,-1.224730493,0.662006082,2923.1375,-108.49375,4182.80625,114.05625,3.5625,120.025,2.0673125,3.247,1.5180625,3.7799375,0.209861153,3.595205226,-0.058815844,3.566744557,-1.013917357,-0.66290271,0.023947586,-0.23952623,-0.205487082,0.150437088,0.0920416,1.682770125,1.803053364,0.836044506,0.010123207,-1.076484363,0.306114833,-1.329205854,-2.165219625,-0.862325056,2.590875,25.92485119,3.3075,2.94,-1.328248309,3.85875,150.911,1.0444,150.911,157.3600841,5.6034,0.408897244,-0.462851295,4.559,0.484555741,-0.500430991,0.236356983,-0.13789051,Iberaensis_E_Iberá,4049.732736,0.894721294,-228.8368353,-94.70245509,-3880.022414,1559.252716,-572.7173351,688.5792899,755.3580676,305.9937224,-183.6306995,264.194073,-107.0324312,-164.3087972,15.87294551,-22.84368683,-618.5648146,231.1817652,113.6811432,272.0439721,-91.30674211,-60.01634663,19.35908968,-1.65E-11
C18_12,C18_12_Iberaensis.wav_Iberaensis_complex_104,H:\Sporophila_vocalizations\M-F consolidated\converted_sound_files\C18_12_Iberaensis.wav,Iberaensis_final_kjochecked_CecilasImageCorrections.txt,Iberaensis,E_Iberá,2018,complex,104,C18_12_Iberaensis.wav,D:/Sporophila_vocalizations/E_Iberá/2018/Iberaensis,C18_12_Iberaensis.wav_1230,NANANANANANANANA,C18_12_Iberaensis.wav,1,1,297.4483334,297.5281519,297.3997165,297.6188549,0.301401875,0.2191385,0.07981875,297.4780839,297.4780839,297.4831633,3251.5,3692.9125,3369.9375,2400.0125,441.4125,1076.675,3445.2875,-1.540366485,0.464704115,2723.95,-204.0125,4102.0875,163.1875,7.25,112.925,2.09725,3.126125,1.580375,3.871125,0.301401869,3.391809702,-0.020753909,3.390731043,-1.751578573,-1.034724017,0.228523638,0.77678532,1.054370757,0.211512608,0.126860445,1.97540636,2.227557003,0.85117896,-0.737403184,-0.742047754,0.412492868,-2.254977363,-1.949811509,-1.512038868,2.09475,55.11003788,3.0135,3.49125,2.800439641,3.4545,64.769,0.9483,64.769,68.55969159,4.7845,-0.30324485,0.919367804,3.8362,-0.140415034,-0.942984874,0.122292751,-0.803507269,Iberaensis_E_Iberá,748.3764096,-0.201060767,-1923.904754,2003.702078,-4409.650589,1572.515489,356.548065,174.7112686,1019.428796,-162.350971,679.7173789,51.61504005,-379.7582783,-8.724321921,-361.69012,-459.9373203,-549.181221,-92.599291,-23.47090335,130.598377,100.156752,-92.51887675,-137.2090383,1.25E-11
C18_12,C18_12_Iberaensis.wav_Iberaensis_complex_36,H:\Sporophila_vocalizations\M-F consolidated\converted_sound_files\C18_12_Iberaensis.wav,Iberaensis_final_kjochecked_CecilasImageCorrections.txt,Iberaensis,E_Iberá,2018,complex,36,C18_12_Iberaensis.wav,D:/Sporophila_vocalizations/E_Iberá/2018/Iberaensis,C18_12_Iberaensis.wav_510,NANANANANANANA,C18_12_Iberaensis.wav,1,1,486.6288711,486.7059947,486.5832604,486.8179479,0.313279143,0.234687714,0.077123571,486.6537497,486.6537497,486.6686769,3359.157143,3728.314286,3568.342857,2351.642857,369.1285714,935.1714286,3716,-0.658678275,0.747054259,2805.457143,-114.4428571,3937.5,99.62857143,4.714285714,115.0428571,1.937714286,3.155285714,1.393142857,3.485,0.31327909,3.455516319,-0.226489995,3.519771398,-1.430243219,-0.870086032,0.143926929,0.808522425,1.054869718,0.221680303,0.137017742,1.678731971,1.810207479,0.858114297,-0.611860949,-0.513777816,0.421920443,-1.566597462,-1.642085629,-1.471683973,2.016,49.98769841,3.003,3.003,-0.232365232,3.675,254.111,1.25,254.111,257.6294637,4.6691,-0.392262611,1.098707908,3.4191,-0.204414032,-1.141581372,0.423931025,-1.65934756,Iberaensis_E_Iberá,994.1348703,-0.262591349,-1888.299219,2442.249257,-3310.523204,1252.052711,93.01702522,495.3254157,819.1507101,-251.6335622,560.060295,869.7441024,-411.9777149,-335.7767256,-294.7706008,-764.9575478,-361.0364567,321.1828029,-142.5500543,102.8745469,21.11323903,-79.90140726,-222.2318555,-5.43E-12
C18_12,C18_12_Iberaensis.wav_Iberaensis_complex_48,H:\Sporophila_vocalizations\M-F consolidated\converted_sound_files\C18_12_Iberaensis.wav,Iberaensis_final_kjochecked_CecilasImageCorrections.txt,Iberaensis,E_Iberá,2018,complex,48,C18_12_Iberaensis.wav,D:/Sporophila_vocalizations/E_Iberá/2018/Iberaensis,C18_12_Iberaensis.wav_485,NANANANANAfaintNANA,C18_12_Iberaensis.wav,1,1,448.4825283,448.6116893,448.4230271,448.6501474,0.29395925,0.22712025,0.129161125,448.5267913,448.5267913,448.5238888,3208.425,3779.0625,3509.8875,2335.5375,570.6375,1259.7,3596.0375,-1.04938621,0.725485845,2853.1375,-168.775,4220.5125,124.25,6,112.8875,2.1605,3.373375,1.539,3.5195,0.293959218,3.514109443,-0.004843171,3.53388412,-1.379965442,-0.679360567,0.410182163,1.154312448,1.084683717,0.220641686,0.135357772,1.020673764,0.87050134,0.888179157,-0.555453184,0.410074873,0.49735836,-1.151868109,-1.088179045,-1.286051455,1.94775,53.61557089,3.8955,3.1605,-3.438045116,3.93225,215.935,1.4338,215.935,219.3883241,4.9265,-0.30324485,0.80698749,3.4927,-0.219727942,-0.655160334,-0.379666753,-0.613283737,Iberaensis_E_Iberá,1374.670813,0.15121799,-1404.528305,1760.25807,-2810.205624,176.5081982,694.5153612,-213.4172038,-294.8505717,-329.3182952,638.4584382,104.4002738,-276.9707457,-232.6007831,39.12632414,-336.6962913,-574.6348475,158.0665345,-307.9883402,-30.76852453,-190.5333492,33.04135326,4.886099108,5.43E-12
C18_12,C18_12_Iberaensis.wav_Iberaensis_complex_49,H:\Sporophila_vocalizations\M-F consolidated\converted_sound_files\C18_12_Iberaensis.wav,Iberaensis_final_kjochecked_CecilasImageCorrections.txt,Iberaensis,E_Iberá,2018,complex,49,C18_12_Iberaensis.wav,D:/Sporophila_vocalizations/E_Iberá/2018/Iberaensis,C18_12_Iberaensis.wav_481,NANANANA,C18_12_Iberaensis.wav,1,1,442.154365,442.2574035,442.1021203,442.377857,0.3667705,0.27573725,0.10303875,442.1761338,442.1761338,442.2037075,3380.7,3768.3,3596.05,1986.375,387.575,1055.125,3682.175,-0.768843501,1.068619701,2928.525,-92.75,4091.325,66.75,3.5,115.1,1.6315,3.3545,1.2855,2.80325,0.36677034,3.604291412,-0.579166035,3.669937379,-0.924602729,-0.639824455,-0.037995801,1.440005148,1.323614488,0.261056605,0.170793138,0.002826623,0.196057655,0.887779312,-0.654297763,0.383638891,0.46596855,-1.118239351,-0.441954696,-1.342548308,1.6905,79.86904762,3.381,3.087,-1.064595685,3.7485,210.513,2.2426,210.513,212.9946231,4.7059,-0.659315896,1.906399068,2.4633,-0.448168525,-1.081065119,1.906966157,-1.469124028,Iberaensis_E_Iberá,NA,-0.589389838,-2503.70802,3336.55378,-1510.342276,-1077.899171,24.85742716,481.2559411,443.5337981,-113.2420008,-68.78123676,695.7818417,305.520568,413.3505255,-93.69349824,-492.1210077,68.07286842,433.2939412,310.6647077,74.58371555,35.7785515,53.46767862,-118.5495991,-1.76E-11
C18_12,C18_12_Iberaensis.wav_Iberaensis_complex_50,H:\Sporophila_vocalizations\M-F consolidated\converted_sound_files\C18_12_Iberaensis.wav,Iberaensis_final_kjochecked_CecilasImageCorrections.txt,Iberaensis,E_Iberá,2018,complex,50,C18_12_Iberaensis.wav,D:/Sporophila_vocalizations/E_Iberá/2018/Iberaensis,C18_12_Iberaensis.wav_473,NANANANANANANANANAfaint,C18_12_Iberaensis.wav,1,1,435.1047868,435.1970862,435.0595078,435.2481702,0.2395744,0.1886623,0.0922994,435.1314898,435.1314898,435.1401973,3229.96,3910.42,3617.56,2418.6,680.44,1274.8,3686.46,-0.754887611,1.625869083,2773.47,-133.54,4203.26,97.92,5,110.89,2.2475,3.4549,1.6707,3.5811,0.239574531,3.48321995,0.41449663,3.543778418,-1.731546291,-0.607410697,0.929833951,0.074688699,0.047153167,0.172956063,0.109295304,1.266834726,1.146337059,0.87250337,-0.217422752,-0.00647579,0.478461676,-1.346129548,-1.69132177,-1.297350826,2.1462,46.02619048,3.9984,3.0282,-6.099165704,3.9984,202.115,1.0714,202.115,206.038757,5.0893,-0.125209326,-0.014194125,4.0179,-0.10913222,-0.416721624,-0.222836034,-0.423170607,Iberaensis_E_Iberá,1176.223886,0.09797291,-779.0955235,601.0434853,-3508.692725,690.7931529,943.4900982,927.4401956,-399.2659886,632.0786475,386.3515342,595.5259916,-200.8605767,-177.6211675,-173.3635882,-699.8794795,-268.7765648,83.52097949,-322.4457535,-39.97526808,-196.5124896,7.236746557,-41.63499844,-9.79E-13
C18_12,C18_12_Iberaensis.wav_Iberaensis_complex_64,H:\Sporophila_vocalizations\M-F consolidated\converted_sound_files\C18_12_Iberaensis.wav,Iberaensis_final_kjochecked_CecilasImageCorrections.txt,Iberaensis,E_Iberá,2018,complex,64,C18_12_Iberaensis.wav,D:/Sporophila_vocalizations/E_Iberá/2018/Iberaensis,C18_12_Iberaensis.wav_447,NANANANANANA,C18_12_Iberaensis.wav,1,1,349.2551963,349.3442063,349.207789,349.3974187,0.287605333,0.189629667,0.08901,349.2958313,349.2958313,349.2929288,3229.966667,3675,3502.716667,2359.95,445.0166667,1191.516667,3674.983333,-0.792266164,1.45292962,2555.266667,-143.4333333,3919.05,123.6333333,4.666666667,109.55,2.110166667,3.245333333,1.709,3.9055,0.287605342,3.455665443,0.020704163,3.536056916,-1.614374075,-0.771467477,0.519322149,0.5345014,0.653757319,0.189013973,0.112710988,1.959709133,2.191012853,0.86075675,-0.2160935,-0.366893834,0.425016917,-2.195371399,-1.662600688,-1.417877446,2.058,58.26653439,3.675,2.646,-7.662225518,3.626,117.197,1.4732,117.197,119.9975234,4.7426,-0.481280373,0.711047136,3.2694,-0.373197138,-0.975533731,0.348805728,-0.993730801,Iberaensis_E_Iberá,425.5529858,-0.788900518,-1626.06838,2063.27948,-3900.967061,1442.351899,814.1976633,1244.544868,546.5929111,-18.50100309,604.4949296,691.5888036,-296.8398234,-95.00514824,-859.2330949,-632.9542649,-41.41687907,-247.6019318,3.608946895,178.3871845,-91.66430583,-39.45491257,-70.01634489,5.30E-12
C18_12,C18_12_Iberaensis.wav_Iberaensis_complex_69,H:\Sporophila_vocalizations\M-F consolidated\converted_sound_files\C18_12_Iberaensis.wav,Iberaensis_final_kjochecked_CecilasImageCorrections.txt,Iberaensis,E_Iberá,2018,complex,69,C18_12_Iberaensis.wav,D:/Sporophila_vocalizations/E_Iberá/2018/Iberaensis,C18_12_Iberaensis.wav_436,NANANANANA,C18_12_Iberaensis.wav,1,1,232.5942746,232.710374,232.5548006,232.8520158,0.3838204,0.2972158,0.1161,232.6174946,232.6174946,232.6395536,3548.68,3979.32,3858.74,1951.76,430.66,1188.64,4031,0.367250657,0.761171766,2962.96,-160.26,4358.32,115.72,8.4,110.46,2.0168,3.5704,1.3798,3.4666,0.383820204,3.69355065,-0.500614793,3.728480609,-0.669250882,-0.343823305,0.174617408,1.371925525,1.436780454,0.266849762,0.174227806,-0.246448316,0.554313066,0.924116174,-0.672086297,1.482116685,0.530681767,-0.911799471,-0.312709827,-1.252153343,1.7052,85.63333333,3.6162,3.3222,-0.143155519,3.969,0.741,1.5441,0.741,3.532114577,4.8529,-0.570298135,2.163843511,3.3088,-0.375409082,-1.349298344,0.387065017,-0.042833945,Iberaensis_E_Iberá,789.4122182,-0.217916138,-1253.924713,3131.262266,-1200.055296,-1355.564417,542.8145577,-48.0062065,-585.5670814,-684.2080143,102.4860085,-232.4617355,-1219.071664,-166.6235263,-170.7390052,-618.7122223,434.3123721,57.9747172,162.0104671,390.3061099,111.4612162,-25.38443863,-229.591893,-6.09E-13
C18_13,C18_13_Palustris.wav_Palustris_complex_251,H:\Sporophila_vocalizations\M-F consolidated\converted_sound_files\C18_13_Palustris.wav,Palustris_final_kjochecked_CecilasImageCorrections.txt,Palustris,E_Iberá,2018,complex,251,C18_13_Palustris.wav,D:/Sporophila_vocalizations/E_Iberá/2018/Palustris,C18_13_Palustris.wav_2835,NANANANANANANANA,C18_13_Palustris.wav,1,1,4426.277721,4426.327064,4426.25305,4426.372778,0.193346,0.119728125,0.0493425,4426.290057,4426.290057,4426.300941,3326.875,3682.1625,3542.2125,2328.175,355.3,742.9125,3596.0375,-1.04938621,-0.286759029,2982.3375,-20.3875,4091.3,5.55,0.625,127.425,1.757625,3.326125,1.321625,3.550625,0.193345892,3.491520477,-0.876984586,3.463304325,-1.06755287,-1.386863046,-1.141939254,-0.748837841,-0.641334851,0.119487369,0.070175376,-1.172168077,-1.085257783,0.87460175,-0.795996222,-0.045556425,0.393534096,-0.949098357,0.31197371,-0.947070336,1.6905,14.24305556,3.6015,3.19725,-1.754252825,3.675,5.023,2.0379,5.023,7.52401498,6.1137,-0.30324485,-0.712223489,4.0758,-0.443609609,0.781425444,-0.645984498,-0.993620398,Palustris_E_Iberá,687.0521076,-0.867086558,-3387.499264,-1885.599343,88.94284844,-575.8335431,-83.40783675,-37.39710833,-4.036308383,346.9329622,546.9234773,75.71607561,-76.02258418,-49.38945487,-42.36876308,112.8685605,-110.7200188,-85.42132319,-233.2597489,-78.01421186,173.5944697,-23.02154241,7.685944087,6.31E-12
C18_13,C18_13_Palustris.wav_Palustris_complex_333,H:\Sporophila_vocalizations\M-F consolidated\converted_sound_files\C18_13_Palustris.wav,Palustris_final_kjochecked_CecilasImageCorrections.txt,Palustris,E_Iberá,2018,complex,333,C18_13_Palustris.wav,D:/Sporophila_vocalizations/E_Iberá/2018/Palustris,C18_13_Palustris.wav_3528,NANANANANANA,C18_13_Palustris.wav,1,1,4434.674637,4434.715272,4434.65432,4434.768485,0.216096833,0.114165,0.040635,4434.68915,4434.68915,4434.693987,3158.216667,3488.366667,3316.1,2598.75,330.1833333,703.4333333,3344.816667,-1.867591675,-0.084310054,2713.183333,-86.55,4019.516667,79.13333333,2.5,121.7833333,2.187166667,3.3195,1.372166667,4.051833333,0.216097119,3.250279876,-0.287704921,3.238294514,-1.963642348,-1.939841557,-1.06505445,-0.826915854,-0.730163559,0.133036378,0.085575662,-0.56536263,-0.836075574,0.887957772,-0.300069352,0.442285872,0.479855395,-1.729331076,-1.949811509,-1.267219171,2.254,21.5,3.332,3.087,-2.702707912,3.43,13.767,1.564,13.767,15.66488,6.2559,-0.481280373,-0.368691326,4.6919,-0.585402716,1.711699013,-0.849119075,-0.993620398,Palustris_E_Iberá,1063.621928,-0.298586312,-3715.102666,-2387.888124,-2273.056905,-191.3936386,1237.582318,-508.0754257,64.19368299,411.6246874,21.70420245,750.4246242,-491.476387,234.1809115,472.0214529,592.6097617,-39.18466186,664.3909825,88.81658858,-267.7074054,38.15113841,-54.43755641,-237.5154201,-5.59E-12
C18_14,C18_14_Palustris.wav_Palustris_complex_334,H:\Sporophila_vocalizations\M-F consolidated\converted_sound_files\C18_14_Palustris.wav,Palustris_final_kjochecked_CecilasImageCorrections.txt,Palustris,E_Iberá,2018,complex,334,C18_14_Palustris.wav,D:/Sporophila_vocalizations/E_Iberá/2018/Palustris,C18_14_Palustris.wav_3534,NANANANANANANANANA,C18_14_Palustris.wav,1,1,4448.082871,4448.126086,4448.062231,4448.157046,0.140980778,0.094815,0.043215,4448.106736,4448.106736,4448.105446,3483.577778,4048.233333,3837.7,2601.366667,564.6555556,1033.6,3971.677778,0.174043088,3.179274173,3416.588889,-16.45555556,4411.911111,69.23333333,0.666666667,118.3777778,1.874666667,3.117,1.562666667,2.910666667,0.140980791,3.617738588,-0.457812799,3.627913484,-0.513601142,-0.859876041,-0.875792099,-1.250363082,-1.290542744,0.091149313,0.05536745,0.23823781,0.097179889,0.810291112,1.909855678,-1.531440422,0.26135014,-0.370070711,-1.040310574,-0.739915207,2.286666667,14.8484542,3.185,3.805666667,21.18045743,4.099666667,3.823,1.09,3.823,6.011743052,7.0142,-0.214227088,-1.502910365,5.9242,-0.517022706,1.987218712,-0.91576923,1.19345341,Palustris_E_Iberá,2065.671126,0.116276917,-586.3121437,-2851.202237,-1541.027312,1832.717714,202.5128883,2053.273256,-2535.220044,39.64889899,-2040.852108,568.3548043,673.2340553,556.9000248,-457.2551358,362.2181726,1131.437425,-77.77103934,-302.2462783,35.92144841,-196.3352121,-52.2224579,255.8976546,3.15E-12
C18_15,C18_15_Palustris.wav_Palustris_complex_252,H:\Sporophila_vocalizations\M-F consolidated\converted_sound_files\C18_15_Palustris.wav,Palustris_final_kjochecked_CecilasImageCorrections.txt,Palustris,E_Iberá,2018,complex,252,C18_15_Palustris.wav,D:/Sporophila_vocalizations/E_Iberá/2018/Palustris,C18_15_Palustris.wav_2843,NANANANANANA,C18_15_Palustris.wav,1,1,4459.355514,4459.404857,4459.331327,4459.443557,0.221679667,0.11223,0.0493425,4459.382604,4459.382604,4459.379702,3229.966667,3617.566667,3402.233333,2725.133333,387.6166667,818.2666667,3387.883333,-1.727327106,0.450978761,2828.05,-101.3666667,4335.35,163.2,1,127.55,1.544666667,3.357166667,1.261666667,2.917833333,0.221679502,3.421985099,-1.037435519,3.371267473,-1.351707281,-1.587099082,-1.159717966,-0.561857266,-0.399546162,0.125051834,0.070700727,-0.836374755,-0.915920367,0.822872987,-0.834816824,-1.625286185,0.174977403,-0.949810778,0.060664241,-0.363269519,2.156,11.48807304,4.557,3.136,-6.835416844,3.43,7.047,1.8957,7.047,8.740485981,6.8246,-0.481280373,-0.284400125,4.9289,-0.63345442,2.144431482,-1.450841868,-0.803507269,Palustris_E_Iberá,1165.844954,-0.756618861,-3910.301742,-2176.895127,-349.0423025,1206.78045,-56.40803346,-780.1144552,-980.0112939,565.5161515,331.0973125,-199.1432189,865.8501526,712.9239893,106.295721,135.1144258,139.8251056,75.20472252,25.13431723,-72.89936701,-7.858855251,-88.76447931,-65.64940399,-9.83E-12
C18_15,C18_15_Palustris.wav_Palustris_complex_253,H:\Sporophila_vocalizations\M-F consolidated\converted_sound_files\C18_15_Palustris.wav,Palustris_final_kjochecked_CecilasImageCorrections.txt,Palustris,E_Iberá,2018,complex,253,C18_15_Palustris.wav,D:/Sporophila_vocalizations/E_Iberá/2018/Palustris,C18_15_Palustris.wav_2851,NANANANANANA,C18_15_Palustris.wav,1,1,4521.099308,4521.138976,4521.077056,4521.193156,0.216822333,0.1161,0.0396675,4521.111886,4521.111886,4521.118658,3273.033333,3531.433333,3402.216667,2725.1,258.4,732.15,3445.283333,-1.540380056,0.075819079,2842.4,-101.3666667,4292.283333,84.06666667,1.666666667,119.25,1.608666667,3.226166667,1.286166667,2.787666667,0.21682243,3.429831337,-0.683046777,3.354081148,-1.417544253,-1.366181651,-0.710946998,-0.772787661,-0.5758603,0.124879429,0.074202882,-0.772557121,-0.954426783,0.832729811,-0.550991817,-1.284496793,0.230887804,-0.912988811,-1.231784455,-0.815244345,2.303,13.65555556,4.312,3.283,-5.577107994,3.479,68.825,1.5166,68.825,70.52395327,6.2559,-0.481280373,-0.357739489,4.7393,-0.632169095,2.359155999,-1.36329886,-1.183843931,Palustris_E_Iberá,1108.148339,-0.546805459,-3573.623664,-2467.436641,-897.2496063,1144.885378,607.7840424,-909.2605066,-543.3022159,625.6590955,-105.8077961,690.5963061,319.1525428,700.5792599,549.2041442,-175.5006635,-230.6662341,328.7923055,71.9902926,-148.0833659,12.64548881,-132.9488452,-196.9963277,1.58E-11
C18_15,C18_15_Palustris.wav_Palustris_complex_253b,H:\Sporophila_vocalizations\M-F consolidated\converted_sound_files\C18_15_Palustris.wav,Palustris_final_kjochecked_CecilasImageCorrections.txt,Palustris,E_Iberá,2018,complex,253b,C18_15_Palustris.wav,D:/Sporophila_vocalizations/E_Iberá/2018/Palustris,C18_15_Palustris.wav_2857,NANANANANANANANANANANANANANANANA,C18_15_Palustris.wav,1,1,4533.287971,4533.331145,4533.256406,4533.370329,0.187918125,0.113923063,0.043174688,4533.303572,4533.303572,4533.306111,3542.20625,4037.45625,3746.7625,3527.8375,495.275,1297.38125,3789.825,-0.41823636,-0.039702653,3143.8375,-176.18125,4785.75625,143.73125,3.3125,117.50625,2.3185625,3.5794375,1.6755,3.6605625,0.187918176,3.817224986,0.681768214,3.748171163,-0.270818553,-0.013798012,0.283005751,-0.83040272,-0.59144669,0.116776585,0.066424874,1.396149189,1.448902439,0.844310971,2.184608247,-0.456962307,0.363660427,-0.407406042,-1.572847306,0.324108862,3.1605,16.18262752,3.19725,3.546375,10.80586914,3.969,79.669,1.564,79.669,84.01770093,7.4408,0.408897244,-0.79417929,5.8768,-0.00923067,1.482865946,-1.238552198,0.717949781,Palustris_E_Iberá,6937.67371,0.831739327,1624.762835,-2172.977051,-2138.908106,2018.736952,1151.898584,-73.59235078,-63.26834662,-1038.177491,-476.4076954,428.2435432,273.9571602,71.41066215,-141.0456871,452.3492145,209.8614072,209.0266242,229.1859132,167.76744,-64.26793945,60.53761646,-173.132785,4.46E-12
C18_15,C18_15_Palustris.wav_Palustris_complex_254,H:\Sporophila_vocalizations\M-F consolidated\converted_sound_files\C18_15_Palustris.wav,Palustris_final_kjochecked_CecilasImageCorrections.txt,Palustris,E_Iberá,2018,complex,254,C18_15_Palustris.wav,D:/Sporophila_vocalizations/E_Iberá/2018/Palustris,C18_15_Palustris.wav_2873,NANANANANANA,C18_15_Palustris.wav,1,1,4547.853534,4547.903844,4547.830314,4547.946414,0.192002833,0.1161,0.05031,4547.868046,4547.868046,4547.872884,3273.016667,3631.916667,3459.65,2669.85,358.9,818.25,3488.383333,-1.400006922,-0.313065958,2899.816667,-69.21666667,4033.866667,56.86666667,0.5,114.7,1.841166667,3.481333333,1.362,3.609166667,0.19200272,3.48839954,-0.28361897,3.393937958,-1.296697288,-1.495902367,-1.067442435,-0.822562768,-0.815048641,0.11722514,0.071533513,-0.665267739,-0.860440769,0.872610032,-0.642702001,-0.084598399,0.399464257,-1.152795902,-0.513757402,-0.287940381,2.401,15.84989779,4.018,3.087,-5.22235669,3.528,95.548,1.8009,95.548,97.09320187,6.2085,-0.481280373,-0.732504711,4.4076,-0.66831505,2.089605475,-1.375523988,-0.708450704,Palustris_E_Iberá,808.4262826,-0.816411662,-3177.370115,-2634.853139,-472.3571887,478.7377211,980.8347986,-655.1946092,-255.6868673,502.3443203,640.7221776,134.8662188,-123.8945421,438.3278636,106.6007386,704.9611986,83.84168578,246.5443812,-45.77797571,-207.5348638,26.96683927,-28.95913469,-12.15155342,-1.21E-11
C18_15,C18_15_Palustris.wav_Palustris_complex_335,H:\Sporophila_vocalizations\M-F consolidated\converted_sound_files\C18_15_Palustris.wav,Palustris_final_kjochecked_CecilasImageCorrections.txt,Palustris,E_Iberá,2018,complex,335,C18_15_Palustris.wav,D:/Sporophila_vocalizations/E_Iberá/2018/Palustris,C18_15_Palustris.wav_3543,NAnoiceNANANANAnoicenoicenoicenoice,C18_15_Palustris.wav,1,1,4470.480388,4470.522184,4470.449621,4470.577912,0.1995429,0.1282904,0.041796,4470.4949,4470.4949,4470.501866,3548.66,4013.79,3815.67,2748.82,465.11,1360.89,3996.55,0.255049858,0.876464742,3212.76,-102.37,4530.58,149.86,3,118.5,2.2434,3.5288,1.7753,3.4266,0.19954289,3.782700017,0.083935542,3.823267623,-0.390844457,-0.075092159,0.314946409,-0.863241201,-0.740102127,0.118568989,0.071315403,-0.351178727,0.018233847,0.857461457,1.817222468,-0.105410346,0.366475135,0.016389259,0.031943159,-0.528993622,2.058,12.69277778,4.0572,3.9102,-0.282431782,3.9984,17.467,1.2796,17.467,20.25779542,7.2512,-0.125209326,-0.618651916,5.9716,-0.375484113,1.130992169,-1.252379132,1.383676942,Palustris_E_Iberá,6375.074416,0.681068588,711.9160302,-2178.350643,-570.5737409,216.7929122,953.1684339,544.8284551,-1599.847909,-792.1295434,-963.4559654,-422.1556975,339.9709022,13.72096101,-191.7458371,-437.959957,599.05565,-60.74773925,-130.5980684,79.91121666,105.7294987,-84.61642426,-48.23785272,-4.40E-12
C18_15,C18_15_Palustris.wav_Palustris_complex_336,H:\Sporophila_vocalizations\M-F consolidated\converted_sound_files\C18_15_Palustris.wav,Palustris_final_kjochecked_CecilasImageCorrections.txt,Palustris,E_Iberá,2018,complex,336,C18_15_Palustris.wav,D:/Sporophila_vocalizations/E_Iberá/2018/Palustris,C18_15_Palustris.wav_3553,NANAnoiceNANANA,C18_15_Palustris.wav,1,1,4483.743239,4483.804191,4483.714214,4483.852566,0.215766833,0.1383525,0.0609525,4483.755816,4483.755816,4483.761621,3244.316667,3603.216667,3459.65,2448.666667,358.9,990.55,3502.733333,-1.35327016,0.222222857,2828.05,-116.2333333,4378.416667,163.2,1.666666667,123.7166667,1.684166667,3.3285,1.296166667,3.028333333,0.215766696,3.416497605,-0.714089008,3.362307257,-1.59525547,-1.534874553,-0.795705443,-0.721190415,-0.673850486,0.135078256,0.08644392,-1.416282444,-1.088644857,0.867618229,-0.534399751,-0.224439819,0.313160776,-1.032927771,0.347875063,-0.890573483,1.715,11.56136364,3.871,3.577,-2.24852044,3.626,31.431,2.0379,31.431,33.11608458,6.6825,-0.481280373,-0.373680553,4.6446,-0.635429535,2.03130729,-1.382356341,-0.423170607,Palustris_E_Iberá,2155.349177,-0.508630229,-3479.53477,-2532.341196,-320.8642071,-246.6819774,638.7044478,-508.3421774,-1095.050565,255.063739,514.2640971,-326.5888938,314.5745439,609.2048711,85.77388624,-91.11443092,261.8842308,227.6609318,-134.7271545,-21.26508325,177.8170384,-113.0437161,-45.59759729,5.46E-12
C18_15,C18_15_Palustris.wav_Palustris_complex_337,H:\Sporophila_vocalizations\M-F consolidated\converted_sound_files\C18_15_Palustris.wav,Palustris_final_kjochecked_CecilasImageCorrections.txt,Palustris,E_Iberá,2018,complex,337,C18_15_Palustris.wav,D:/Sporophila_vocalizations/E_Iberá/2018/Palustris,C18_15_Palustris.wav_3559,NANANANANANA,C18_15_Palustris.wav,1,1,4491.664146,4491.734773,4491.644796,4491.781213,0.2141145,0.1364175,0.0706275,4491.667048,4491.667048,4491.688333,3158.2,3660.65,3459.65,2954.2,502.4666667,890.05,3646.283333,-0.885739689,-0.422868792,2842.366667,-116.2,4464.55,84.08333333,1,125.3833333,1.588333333,3.3875,1.265,3.173666667,0.214114577,3.423310119,-0.809816075,3.371993776,-1.443398728,-1.571262462,-1.029154317,-0.509420452,-0.631077603,0.137977425,0.088451661,-0.716671528,-0.904140059,0.821059083,-0.666763062,-1.659938964,0.178743682,-0.784421142,0.204269652,-0.212611244,2.205,8.385683761,4.508,3.43,-4.819817912,3.479,39.362,1.7062,39.362,41.03513695,7.3934,-0.481280373,-0.398626722,5.6872,-0.638238344,2.058074421,-1.387503522,-0.708450704,Palustris_E_Iberá,1171.658215,-0.639696705,-3358.511189,-2366.979237,108.0703541,1262.180647,26.55179675,-990.3400804,-338.2437826,361.3024559,297.7344,-331.4253856,485.224754,552.3958553,-3.707362768,-256.8043924,401.3149878,326.6374188,-353.687572,-211.2200167,-16.00138785,-56.47140484,179.3187535,-1.54E-11
C18_23,C18_23_Hypoxantha.wav_Hypoxantha_complex_302,H:\Sporophila_vocalizations\M-F consolidated\converted_sound_files\C18_23_Hypoxantha.wav,Hypoxantha_final_kjochecked_CecilasImageCorrections.txt,Hypoxantha,E_Iberá,2018,complex,302,C18_23_Hypoxantha.wav,D:/Sporophila_vocalizations/E_Iberá/2018/Hypoxantha,C18_23_Hypoxantha.wav_2031,NANANANANA,C18_23_Hypoxantha.wav,1,1,5315.378492,5315.401712,5315.357594,5315.413322,0.1121496,0.055728,0.02322,5315.388941,5315.388941,5315.388941,4582.24,4961.24,4771.76,3460.34,378.98,1360.9,4806.2,2.892012905,-0.139211471,3927.66,-234.44,5753.66,225.56,2,102.54,2.6038,3.7044,1.5682,4.1756,0.112149532,4.816759091,0.868237989,4.89934051,3.259791024,2.750130081,0.97152001,-1.15988354,-0.75473522,0.081754423,0.034805805,-0.447316075,-0.70450693,0.87924501,2.164555819,0.591427422,0.446086318,3.665551019,1.238228609,1.821275472,3.1752,8.788870215,4.7334,4.9098,7.280574195,4.851,14.163,1.5873,14.163,15.55890654,8.4127,-0.570298135,-1.938247976,6.8254,-0.703413408,1.83704026,0.270538184,-0.042723543,Hypoxantha_E_Iberá,1039.016424,-0.712883807,4224.208158,-1471.042549,5618.619235,688.1919648,1429.735807,1513.716315,-554.3917151,-623.7894143,-1114.318549,1799.783261,594.355965,484.4207483,412.911597,355.4147988,-177.8921838,-117.1334167,-318.505713,186.9323284,-268.2104984,-63.7848344,-179.5968297,4.58E-12
C18_26,C18_26_Iberaensis.wav_Iberaensis_complex_34,H:\Sporophila_vocalizations\M-F consolidated\converted_sound_files\C18_26_Iberaensis.wav,Iberaensis_final_kjochecked_CecilasImageCorrections.txt,Iberaensis,E_Iberá,2018,complex,34,C18_26_Iberaensis.wav,D:/Sporophila_vocalizations/E_Iberá/2018/Iberaensis,C18_26_Iberaensis.wav_518,NANANANANANANANANANANANANAfaintNANANANANANANA,C18_26_Iberaensis.wav,1,1,545.6932485,545.7512984,545.6691992,545.7944212,0.17481919,0.125222095,0.058049952,545.7076227,545.7076227,545.7164684,3986.7,4355.847619,4167.17619,2772.052381,369.1333333,1132.047619,4097.442857,0.583649544,0.239869741,3457.614286,-115.1714286,4589.642857,92.55238095,4.619047619,83.10952381,2.714952381,3.312142857,1.832761905,3.935761905,0.17481923,4.11841258,0.394039601,4.17750111,1.114414662,0.803705524,0.100912018,-0.843039415,-0.98369313,0.116293247,0.074116336,1.832834974,1.643792168,0.877672255,1.554020442,0.464843845,0.528687917,1.149997043,0.409420239,-0.094236885,2.212,16.15068001,3.997,3.801,-0.630099662,4.361,50.294,2.0588,50.294,58.72161593,7.2569,0.853986052,-0.991966842,5.1981,0.949695691,-0.583181146,0.637696721,0.622893216,Iberaensis_E_Iberá,7047.62416,1.884498205,3539.188307,-692.1599537,-671.2473474,382.370131,-1159.985997,1962.832326,299.6145241,-1309.136716,112.6626484,59.48509838,100.2009454,-509.3645985,214.205388,305.9662514,-327.0232898,660.2252761,129.0043894,-138.3005522,-103.8061301,-43.88610847,-49.17223318,4.50E-12
C18_28,C18_28_C_Palustris.wav_Palustris_complex_338,H:\Sporophila_vocalizations\M-F consolidated\converted_sound_files\C18_28_C_Palustris.wav,Palustris_final_kjochecked_CecilasImageCorrections.txt,Palustris,E_Iberá,2018,complex,338,C18_28_C_Palustris.wav,D:/Sporophila_vocalizations/E_Iberá/2018/Palustris,C18_28_C_Palustris.wav_3565,NANANANANAfaintfaint,C18_28_C_Palustris.wav,1,1,4793.56972,4793.60372,4793.553134,4793.634404,0.162002143,0.08127,0.034000714,4793.5805,4793.5805,4793.585476,3469.885714,3765.214286,3580.657143,2207.185714,295.3,602.9285714,3679.1,-0.778858522,-0.272543483,3149.985714,-42.4,4097.442857,16.95714286,2.285714286,116.4714286,1.809428571,2.755142857,1.306285714,2.936285714,0.162002034,3.558534053,-1.19928272,3.571828276,-0.674798106,-1.157478389,-1.197637609,-1.325269288,-1.152358026,0.092231621,0.053569853,0.262717456,-0.232286454,0.836612874,-0.025555458,-1.079090016,0.306786518,-0.729103082,-0.288091756,-1.019709147,1.848,9.821428571,4.179,3.255,-5.50246425,3.675,16.487,1.9431,16.487,18.50021441,6.4929,-0.392262611,-1.185500092,4.5498,-0.558288348,0.955054076,-0.516828554,-0.613283737,Palustris_E_Iberá,764.6427164,-0.609419399,-2536.005799,-2421.397243,-455.4111779,1099.331389,-391.8715303,909.3037458,493.5313877,-168.6252981,-138.8206784,77.29841423,-69.32099348,-28.6172198,31.9989226,13.19438909,-162.4911619,-146.339536,-90.85314027,-230.9308499,-254.5903985,25.57992134,-57.47587783,-5.27E-12
C18_28,C18_28_C_Palustris.wav_Palustris_complex_339,H:\Sporophila_vocalizations\M-F consolidated\converted_sound_files\C18_28_C_Palustris.wav,Palustris_final_kjochecked_CecilasImageCorrections.txt,Palustris,E_Iberá,2018,complex,339,C18_28_C_Palustris.wav,D:/Sporophila_vocalizations/E_Iberá/2018/Palustris,C18_28_C_Palustris.wav_3574,NANANANANANANA,C18_28_C_Palustris.wav,1,1,4808.666007,4808.695862,4808.646934,4808.737326,0.184093,0.090392143,0.029854286,4808.676788,4808.676788,4808.675959,3445.3,3679.1,3580.642857,2505.071429,233.8,664.4571429,3592.942857,-1.059465206,-0.347052549,2965.428571,-131.4,4331.257143,101.7142857,3.571428571,116.7428571,1.982857143,2.941714286,1.309428571,3.585571429,0.184093221,3.556163732,-0.875357993,3.517523321,-0.757281172,-1.320761841,-1.380964812,-1.239304554,-1.036468375,0.10043408,0.059357057,0.617441376,-0.123872206,0.823651106,-0.278951916,-1.51934191,0.300683537,-0.608023319,-0.041911052,-0.567734321,2.058,8.50989011,4.095,3.633,-2.190548315,3.633,31.966,1.9431,31.966,33.7180322,6.5877,-0.392262611,-0.851934211,4.6446,-0.619690584,2.731132715,-1.393320644,-0.613283737,Palustris_E_Iberá,2471.493815,-0.344247428,-2664.938616,-3059.224717,-322.8475996,2212.516338,-93.71227218,19.61857716,-206.4323758,-412.9971618,443.5277724,-115.8826576,173.0388519,927.2242195,212.1267116,309.9734237,-27.4279518,449.0107482,-34.26427776,-529.299787,-210.8558078,-20.23652288,-165.8611582,9.12E-12
C18_28,C18_28_C_Palustris.wav_Palustris_complex_340,H:\Sporophila_vocalizations\M-F consolidated\converted_sound_files\C18_28_C_Palustris.wav,Palustris_final_kjochecked_CecilasImageCorrections.txt,Palustris,E_Iberá,2018,complex,340,C18_28_C_Palustris.wav,D:/Sporophila_vocalizations/E_Iberá/2018/Palustris,C18_28_C_Palustris.wav_3581,NANANAfaintfaintfaintfaint,C18_28_C_Palustris.wav,1,1,4817.085729,4817.1189,4817.069973,4817.15456,0.161152286,0.084587143,0.033171429,4817.103973,4817.103973,4817.103144,3396.085714,3654.485714,3519.128571,1916.057143,258.4142857,664.4714286,3506.828571,-1.339932308,-0.468619972,3088.471429,-63.6,4134.385714,33.88571429,3.285714286,114.9857143,1.916857143,2.845857143,1.341,3.194285714,0.161152374,3.525318086,-1.347128383,3.504214196,-0.731783611,-1.288840793,-1.355728698,-1.171648535,-1.053183676,0.096857506,0.056128846,-0.389921359,-0.718185072,0.851193747,-0.027509816,-0.634663873,0.353044675,-0.741680157,0.450450356,-1.213412644,1.47,16.12301587,3.969,3.171,-5.527821563,3.675,39.869,1.9905,39.869,42.03817949,6.4455,-0.392262611,-1.198329545,4.455,-0.521621972,0.593546763,-0.175538966,-0.613394139,Palustris_E_Iberá,1915.656845,-0.425104368,-2945.43619,-2386.415165,-174.5206149,-67.89226293,-623.1973935,857.2740597,549.8792078,-325.2126862,-7.592574219,-327.5826501,383.3516385,-156.8374395,69.22026946,150.9112988,-355.1611072,-122.1090797,-65.57775179,-209.1961268,-108.4526049,24.5586082,-10.02855705,1.98E-12
C18_29,C18_29_Palustris.wav_Palustris_complex_255,H:\Sporophila_vocalizations\M-F consolidated\converted_sound_files\C18_29_Palustris.wav,Palustris_final_kjochecked_CecilasImageCorrections.txt,Palustris,E_Iberá,2018,complex,255,C18_29_Palustris.wav,D:/Sporophila_vocalizations/E_Iberá/2018/Palustris,C18_29_Palustris.wav_2882,NANAfaintNANAfaint,C18_29_Palustris.wav,1,1,4914.978432,4915.006489,4914.962952,4915.052929,0.160272167,0.0899775,0.0280575,4914.987139,4914.987139,4914.991009,3674.983333,3962.116667,3804.166667,1749.883333,287.1333333,760.85,3847.266667,-0.231153605,0.473854351,3158.183333,-34.61666667,4134.35,64.28333333,1.833333333,107.1333333,1.9045,3.157666667,1.355666667,3.338333333,0.160272316,3.712404164,-1.225993674,3.718447057,-0.090258697,-0.733453354,-1.140537725,-1.537179985,-1.505813909,0.088347191,0.05705179,-1.865917103,-1.343062901,0.897385831,-0.507878289,0.694461998,0.450868359,-0.386365322,1.065902117,-1.041231758,1.372,14.86904762,3.92,3.283,-3.875901773,3.871,76.507,2.1354,76.507,78.41558878,5.9716,-0.481280373,-1.211617977,3.8362,-0.582885151,0.625732483,0.025199001,-0.232947075,Palustris_E_Iberá,1159.189436,-0.723022616,-2462.458038,-2404.670928,1400.808305,-1559.786133,-278.4051758,1565.481078,-603.332317,458.137923,-52.14242417,-139.1384783,-367.2069435,18.57387068,-101.4690485,139.5751538,38.66256864,-174.4343606,180.9768697,189.2713044,164.3707387,-57.93689791,-28.96814158,-1.78E-12
C18_30,C18_30_Hypoxantha.wav_Hypoxantha_complex_495,H:\Sporophila_vocalizations\M-F consolidated\converted_sound_files\C18_30_Hypoxantha.wav,Hypoxantha_final_kjochecked_CecilasImageCorrections.txt,Hypoxantha,E_Iberá,2018,complex,495,C18_30_Hypoxantha.wav,D:/Sporophila_vocalizations/E_Iberá/2018/Hypoxantha,C18_30_Hypoxantha.wav_2870,palustrispalustrispalustrispalustrispalustrispalustrispalustrispalustris,C18_30_Hypoxantha.wav,1,1,5853.175862,5853.223131,5853.152642,5853.262936,0.175119143,0.110295,0.047269286,5853.193276,5853.193276,5853.194935,3519.142857,3851.357143,3691.385714,2193.871429,332.2285714,898.2428571,3716.014286,-0.658631748,0.162746322,3026.957143,-59.34285714,4282.014286,80.54285714,2.714285714,107.2,2.426,3.47,1.563571429,4.043285714,0.175119257,3.621902494,-0.552854787,3.613883552,-0.474070102,-0.891669739,-0.97438073,-1.028408041,-1.084048644,0.108187763,0.06810236,-0.696429907,-0.869802585,0.902865285,-0.527215683,0.857273659,0.540693066,-0.396360297,-0.288091756,-0.890573483,1.932,13.96961451,3.885,3.423,-2.815825778,3.843,85.397,1.75,85.397,87.19199297,5.8571,-0.392262611,-0.987436584,4.1071,-0.609590787,1.675524632,-1.170354175,-0.232947075,Hypoxantha_E_Iberá,792.8364774,-0.57317313,-2191.789266,-2499.388734,141.6703503,-267.3033342,770.4054472,411.8987548,-853.3096042,116.0272972,369.4170324,239.3271809,-835.4045981,286.0311607,446.6546523,649.8521089,-182.8537875,48.73102131,-15.70586972,-163.0240974,-95.36190462,23.2690315,-35.94316469,-1.31E-12
C18_30,C18_30_Hypoxantha.wav_Hypoxantha_complex_497,H:\Sporophila_vocalizations\M-F consolidated\converted_sound_files\C18_30_Hypoxantha.wav,Hypoxantha_final_kjochecked_CecilasImageCorrections.txt,Hypoxantha,E_Iberá,2018,complex,497,C18_30_Hypoxantha.wav,D:/Sporophila_vocalizations/E_Iberá/2018/Hypoxantha,C18_30_Hypoxantha.wav_2879,"palustrispalustrispalustrispalustrispalustrispalustris, faintpalustrispalustris",C18_30_Hypoxantha.wav,1,1,5860.243435,5860.310919,5860.21441,5860.36534,0.214850625,0.150929875,0.067483125,5860.281894,5860.281894,5860.280442,3725.2375,4026.7,3929.7875,2343.725,301.475,1055.1375,3962.0875,0.142808347,0.145589629,3057.7125,-179.9125,4543.5,157.6375,7.875,106.6875,2.72275,3.521625,1.536,4.076375,0.214850615,3.734603176,-0.026466878,3.77108115,-0.474306304,-0.2711581,0.077184967,-0.368009837,-0.546824028,0.147402452,0.09612076,-0.870124535,-0.770360294,0.925036056,-0.561737419,1.52538687,0.624260642,0.112047387,-0.334250638,-0.721082923,2.058,26.12787698,4.0425,4.15275,0.549293591,4.0425,92.167,2,92.167,94.83299121,6.5,-0.30324485,-0.387512914,4.5,-0.404824771,0.324130859,-0.658742872,-0.232947075,Hypoxantha_E_Iberá,3125.605686,0.069265485,-782.4193847,-882.327921,207.4506021,-1215.621359,946.2596649,192.4960344,-756.9155155,334.8239219,302.4260602,287.2805885,-1014.199994,-348.9927371,546.8907819,-86.83204832,-278.0029759,357.5329835,-226.2165757,25.02173074,-46.95728402,44.36799701,-37.07100441,3.94E-12
C18_30,C18_30_Hypoxantha.wav_Hypoxantha_complex_500,H:\Sporophila_vocalizations\M-F consolidated\converted_sound_files\C18_30_Hypoxantha.wav,Hypoxantha_final_kjochecked_CecilasImageCorrections.txt,Hypoxantha,E_Iberá,2018,complex,500,C18_30_Hypoxantha.wav,D:/Sporophila_vocalizations/E_Iberá/2018/Hypoxantha,C18_30_Hypoxantha.wav_2891,"alustrisalustrisalustris, faintalustris, faintalustris, faintalustris, faintpalustris, faintalustris, faintalustris, faintalustris, faintalustris, faintalustris, faintalustris, faintalustris, faintalustris, faintalustris, faintalustris, faint",C18_30_Hypoxantha.wav,1,1,5879.172834,5879.226418,5879.146934,5879.268839,0.182709231,0.121904923,0.053584615,5879.184444,5879.184444,5879.193821,3730.192308,4346.384615,4074.738462,3070.646154,616.1846154,1378.123077,4114.476923,0.639128087,1.212208022,3299.546154,-144.9692308,4929.453846,183.7615385,5,108.6769231,2.864,3.637307692,1.764769231,4.456692308,0.182709206,3.979436221,0.818580994,4.012971909,0.315426768,0.532484263,0.545309364,-0.610974982,-0.432742094,0.127357485,0.073698214,1.685389094,1.509336148,0.896534561,1.18408659,0.983092852,0.561180622,0.735203691,-0.458524551,-0.021391125,2.555538462,17.42198635,3.969,4.149923077,2.193880674,4.263,110.252,1.2143,110.252,114.4299842,6.8214,0.141843959,-0.872832132,5.6071,-0.049365067,0.521617729,-0.470071794,0.717949781,Hypoxantha_E_Iberá,5664.774729,0.724832458,2468.076423,-548.7244452,-993.4435223,998.9686296,944.1113076,1646.056313,-920.4047368,-748.9908734,246.3126185,420.0253755,-337.604453,-79.22260345,135.4255495,496.6554276,46.36598055,334.5589489,-319.336707,29.00345139,-263.2508058,99.38735306,-202.1289594,-4.36E-12
C18_38,C18_38.wav_Hypoxantha_complex_305,H:\Sporophila_vocalizations\M-F consolidated\converted_sound_files\C18_38.wav,Hypoxantha_final_kjochecked_CecilasImageCorrections.txt,Hypoxantha,E_Iberá,2019,complex,305,C18_38.wav,D:/Sporophila_vocalizations/E_Iberá/2019/Hypoxantha,C18_38.wav_2041,NANANANANANA,C18_38.wav,1,1,6351.690873,6351.80794,6351.643466,6351.87373,0.349065333,0.230264667,0.1170675,6351.715061,6351.715061,6351.735378,3847.266667,4335.35,4091.3,2486.75,488.1,1076.666667,4306.633333,1.264965613,0.28627451,3316.1,-108.8,5110.533333,136.0166667,4.666666667,127,1.78,3.420666667,1.307666667,3.664,0.34906542,4.10191373,-0.381030305,4.075259357,1.176463089,0.371424172,-0.701675062,1.487005969,1.727870983,0.235868781,0.137180213,-0.166575252,-0.144745625,0.887575794,-0.814125785,0.347763742,0.404877773,0.989372168,1.496718349,0.465350995,2.205,23.63736264,4.263,3.577,-2.006401973,4.214,11.284,2.2619,11.284,14.2648785,7.5,-0.481280373,1.639063626,5.2381,-0.330796819,-0.876911181,-0.127753108,-0.32800364,Hypoxantha_E_Iberá,2925.744042,-0.156048643,-60.59779506,3000.695656,2175.082874,-131.7297095,-727.5465721,-620.091768,-1019.564817,-901.7358931,228.2806793,-417.3411153,-385.6975969,-302.032713,-172.8458463,201.4947806,238.5793072,222.5159249,-182.9890532,-46.60508495,169.1689642,-17.38151463,-144.1537497,-2.30E-12
C18_38,C18_38.wav_Hypoxantha_complex_310,H:\Sporophila_vocalizations\M-F consolidated\converted_sound_files\C18_38.wav,Hypoxantha_final_kjochecked_CecilasImageCorrections.txt,Hypoxantha,E_Iberá,2019,complex,310,C18_38.wav,D:/Sporophila_vocalizations/E_Iberá/2019/Hypoxantha,C18_38.wav_2059,NANANANANANANA,C18_38.wav,1,1,6383.5727,6383.675531,6383.536211,6383.732752,0.269077,0.196540429,0.102831429,6383.600896,6383.600896,6383.623286,4011.314286,4503.528571,4220.5,3741.5,492.1857143,1538.085714,4380.485714,1.505496706,-0.170583709,3285.342857,-190.7571429,5512.5,137.7571429,4.142857143,119.9428571,2.040714286,3.690428571,1.479714286,4.559857143,0.269076916,4.196357504,0.774820626,4.197531325,0.882859295,1.002912602,0.700381184,0.636797376,0.578940472,0.190617449,0.11587372,1.433839166,1.164592183,0.863574839,-0.759272088,-0.371025414,0.377425191,1.116508114,-0.041911052,1.433868479,3.36,16.06760204,3.927,4.389,1.538523815,4.263,43.296,1.9841,43.296,45.73261682,7.8968,-0.392262611,0.431277156,5.9127,-0.458749197,0.195115602,-1.204248093,-0.13789051,Hypoxantha_E_Iberá,3492.342633,-0.080859159,1856.685793,1426.509506,1230.682176,2427.241035,729.4177108,-562.7212736,-422.4863929,26.51816012,806.8331726,-38.41276079,-750.3931006,-214.6938481,54.17308823,-109.5900932,-152.4932345,283.8860706,-245.8457437,-9.250790283,-214.638488,62.30484137,12.81576797,-3.24E-12
C18_38,C18_38.wav_Hypoxantha_complex_320,H:\Sporophila_vocalizations\M-F consolidated\converted_sound_files\C18_38.wav,Hypoxantha_final_kjochecked_CecilasImageCorrections.txt,Hypoxantha,E_Iberá,2019,complex,320,C18_38.wav,D:/Sporophila_vocalizations/E_Iberá/2019/Hypoxantha,C18_38.wav_2090,NANANANA,C18_38.wav,1,1,6464.26847,6464.412143,6464.208968,6464.448424,0.31261675,0.23945575,0.1436735,6464.394728,6464.394728,6464.367154,3294.575,4543.525,3811.375,5972.225,1248.95,2390.2,4242.025,1.054541618,0.162746322,2605.5,-278.225,5770.9,400.625,6,115.4,2.79825,4.4045,1.9225,5.18125,0.312616822,4.006801779,4.333699242,4.026784425,-0.813982404,1.048545782,2.697369115,1.431390012,1.02748664,0.239794207,0.155702336,2.45224782,2.033312506,0.902114153,-0.63598777,0.819723626,0.499337624,-1.01555155,-3.673076438,2.838218831,5.5125,22.37949346,1.9845,2.499,4.316337154,2.94,124.784,1.0317,124.784,126.1129907,7.8175,-0.659315896,1.088708,6.7858,-0.719144898,2.144431482,-2.039028071,0.052333022,Hypoxantha_E_Iberá,NA,-1.185606037,2848.402499,1854.179353,-2049.336786,3690.040357,5423.803354,-2538.424466,-147.0547648,1909.294922,1425.904215,1495.289093,-1481.34965,1075.518181,-562.4523774,725.4180087,604.858588,499.9418934,-182.8523397,-340.1281579,39.3238382,-29.13914717,200.9005979,1.93E-12
C18_38,C18_38.wav_Hypoxantha_complex_321,H:\Sporophila_vocalizations\M-F consolidated\converted_sound_files\C18_38.wav,Hypoxantha_final_kjochecked_CecilasImageCorrections.txt,Hypoxantha,E_Iberá,2019,complex,321,C18_38.wav,D:/Sporophila_vocalizations/E_Iberá/2019/Hypoxantha,C18_38.wav_2095,NANANANANANANANANA,C18_38.wav,1,1,6468.54336,6468.66978,6468.506595,6468.70848,0.300622889,0.201884778,0.126419889,6468.569805,6468.569805,6468.596895,3875.955556,4632.033333,4210.922222,4929.466667,756.0666667,1368.566667,4565.033333,2.106553029,-0.480820287,3359.177778,-234.1111111,5809.177778,168.1555556,8.111111111,124.0666667,2.187222222,3.755666667,1.486666667,4.765,0.300623053,4.357775787,1.820311321,4.262187609,1.605731543,1.406667254,0.566639111,1.217668099,1.318394703,0.221779693,0.131625012,0.851288821,0.19416463,0.858598399,-0.681863486,-0.51280942,0.365520183,1.613270739,-0.657362812,2.273250298,4.116,17.9718029,4.557,3.577,-3.15413466,4.165,127.725,1.1111,127.725,131.2640187,8.0556,-0.214227088,0.907608069,6.9445,-0.199581694,-0.195153597,-1.05252421,0.908173313,Hypoxantha_E_Iberá,2431.775454,0.324158732,3131.866376,2146.738963,1855.351539,1987.00678,739.8233423,-1910.453343,-579.958586,603.5841362,-482.1112909,-274.0245686,-951.4245316,-259.2243405,202.7660509,480.731771,88.62171857,208.6206705,-431.4866714,-452.0015222,233.4328582,5.424251699,73.06027177,-3.43E-12
C18_38,C18_38.wav_Hypoxantha_complex_323,H:\Sporophila_vocalizations\M-F consolidated\converted_sound_files\C18_38.wav,Hypoxantha_final_kjochecked_CecilasImageCorrections.txt,Hypoxantha,E_Iberá,2019,complex,323,C18_38.wav,D:/Sporophila_vocalizations/E_Iberá/2019/Hypoxantha,C18_38.wav_2106,NANANANANANANANANANANANANANANANANANANANANANANANA,C18_38.wav,1,1,6483.580457,6483.667532,6483.542241,6483.719293,0.266140958,0.177052333,0.087074958,6483.598356,6483.598356,6483.616013,4051.820833,4654.758333,4331.741667,4130.920833,602.9333333,1539.620833,4310.225,1.276663374,-0.326791312,3344.8125,-189.8041667,5577.1,199.0708333,7.416666667,122.6458333,2.429791667,3.777333333,1.536541667,4.593375,0.266140949,4.444716108,1.327828307,4.415355468,1.706427411,1.77800723,1.08186041,0.6588172,0.839436179,0.19232031,0.112147595,0.257138082,-0.138311969,0.881396484,-0.02862298,0.288146838,0.434066839,1.264448355,0.060664241,2.028430601,3.71175,15.70496213,4.10375,3.479,-3.55185314,4.3855,139.626,1.2698,139.626,149.742757,8.373,1.121039337,0.386945517,7.1032,1.346801762,-0.725038825,-0.319363933,2.144460668,Hypoxantha_E_Iberá,8831.448243,1.87716379,4678.190055,1028.918633,871.6317707,-265.7476939,-665.3872204,-1702.281728,-786.933436,536.5530407,-528.3675042,-980.3736677,-390.4751628,-59.33110207,24.954786,465.359771,-239.0765837,29.56605228,115.1529176,-100.2256705,-103.407699,-28.95127007,-101.0251944,2.02E-12
C18_4-,C18_4- Hypoxantha.wav_Hypoxantha_complex_324,H:\Sporophila_vocalizations\M-F consolidated\converted_sound_files\C18_4- Hypoxantha.wav,Hypoxantha_final_kjochecked_CecilasImageCorrections.txt,Hypoxantha,E_Iberá,2018,complex,324,C18_4- Hypoxantha.wav,D:/Sporophila_vocalizations/E_Iberá/2018/Hypoxantha,C18_4- Hypoxantha.wav_2130,NANANANANA,C18_4- Hypoxantha.wav,1,1,6668.401767,6668.49929,6668.311209,6668.563145,0.357202,0.2519366,0.097524,6668.407572,6668.407572,6668.449367,3548.66,3893.2,3755.36,2984.12,344.54,1188.66,3858.74,-0.193785908,0.201177314,3238.58,-121.64,4702.84,74.18,4.6,110.06,2.014,3.3136,1.4962,3.2854,0.357201938,3.899533163,0.069438084,3.803644104,0.031127479,0.317395742,0.502530814,2.605758829,2.735326492,0.264646515,0.144961585,-0.390085537,-0.691425383,0.856432243,-0.778394449,-0.588647018,0.325262962,-1.782847183,-0.657362812,-0.077018796,2.5872,52.91555556,2.6754,2.6166,-0.21209766,3.7926,39.284,1.8651,39.284,41.89419626,6.8254,-0.570298135,1.761920983,4.9603,-0.4179418,-1.048765628,0.235846021,-0.613283737,Hypoxantha_E_Iberá,2115.628747,-0.460525764,-1486.959172,3732.787739,-611.6604619,-307.0214843,490.801087,-2187.49803,-161.6703886,207.0264378,-845.6774234,70.64891577,137.4481597,326.8868622,-1328.696773,-356.0320006,-796.8990601,-352.5018409,33.75350382,-32.60841823,30.85862546,19.52469431,217.3042435,8.57E-13
C18_4-,C18_4- Hypoxantha.wav_Hypoxantha_complex_328,H:\Sporophila_vocalizations\M-F consolidated\converted_sound_files\C18_4- Hypoxantha.wav,Hypoxantha_final_kjochecked_CecilasImageCorrections.txt,Hypoxantha,E_Iberá,2018,complex,328,C18_4- Hypoxantha.wav,D:/Sporophila_vocalizations/E_Iberá/2018/Hypoxantha,C18_4- Hypoxantha.wav_2143,NANANANANANANANANA,C18_4- Hypoxantha.wav,1,1,6692.967447,6693.058391,6692.922942,6693.108056,0.257009333,0.185114778,0.090945,6693.013887,6693.013887,6693.022917,3856.833333,4268.355556,4057.8,2746.911111,411.5222222,1148.455556,4134.366667,0.703907336,0.306100022,3474.011111,-74.16666667,4804.288889,80.78888889,1.555555556,112.3111111,2.024888889,3.507111111,1.571666667,3.518888889,0.257009346,4.039860292,-0.115756277,4.026386183,0.802962662,0.429296851,-0.18107538,0.795890451,0.478982864,0.186010101,0.113349587,0.002369769,-0.079829801,0.876619449,0.109666558,0.178366586,0.392857974,-1.026765198,0.204269652,0.063595594,2.384666667,44.87095035,3.087,2.989,-0.594718577,4.263,63.364,1.9841,63.364,66.60778505,7.381,-0.214227088,0.249062872,5.3969,-0.268989202,0.150886915,-0.898719261,0.242556554,Hypoxantha_E_Iberá,4283.455573,0.641487627,201.964535,451.4098142,194.3243591,172.9670584,166.8984734,-579.328002,-1036.309049,-622.546248,-387.1192248,-296.1873457,-667.4797217,-9.880117934,-1252.847962,115.5971888,-474.8613387,308.768896,361.1814097,-28.79003839,-44.31325516,-8.592033259,317.8531471,-1.97E-12
C18_4-,C18_4- Hypoxantha.wav_Hypoxantha_complex_331,H:\Sporophila_vocalizations\M-F consolidated\converted_sound_files\C18_4- Hypoxantha.wav,Hypoxantha_final_kjochecked_CecilasImageCorrections.txt,Hypoxantha,E_Iberá,2018,complex,331,C18_4- Hypoxantha.wav,D:/Sporophila_vocalizations/E_Iberá/2018/Hypoxantha,C18_4- Hypoxantha.wav_2157,NANANANANA,C18_4- Hypoxantha.wav,1,1,6716.481005,6716.565757,6716.44037,6716.641222,0.3762616,0.2008528,0.084753,6716.493776,6716.493776,6716.516996,3600.34,3910.44,3789.82,2873.02,310.1,878.56,3858.74,-0.193785908,0.184706889,3255.8,-74.18,4823.44,38.56,3,113.4,1.8062,3.2176,1.3776,3.369,0.376261682,3.898022748,-0.28641601,3.804186095,0.296014786,-0.119395581,-0.537173323,2.939745269,4.508793172,0.279041269,0.122395552,-0.291976027,-0.599049154,0.854833838,-0.693074808,-0.624765524,0.292068365,-2.144631052,0.031943159,-0.077018796,2.352,59.28418803,3.675,3.4398,-0.190285603,3.9102,87.409,2.0635,87.409,90.01916822,7.0635,-0.570298135,2.049713603,5,-0.417948392,-0.875489265,-0.065557405,-0.613283737,Hypoxantha_E_Iberá,1974.287208,-0.553560359,-2222.509491,4505.614791,-418.4850931,-145.2048192,-60.60669922,-2843.474358,-565.0432541,-871.2104998,-832.0501314,-244.0342201,204.19777,580.7611124,-2051.454401,480.8136036,-760.0824651,-461.7040457,-599.8154823,91.89783366,235.4393272,-22.30012273,-449.5038185,1.84E-11
C18_4-,C18_4- Hypoxantha.wav_Hypoxantha_complex_332,H:\Sporophila_vocalizations\M-F consolidated\converted_sound_files\C18_4- Hypoxantha.wav,Hypoxantha_final_kjochecked_CecilasImageCorrections.txt,Hypoxantha,E_Iberá,2018,complex,332,C18_4- Hypoxantha.wav,D:/Sporophila_vocalizations/E_Iberá/2018/Hypoxantha,C18_4- Hypoxantha.wav_2162,NANANANA,C18_4- Hypoxantha.wav,1,1,6726.385476,6726.48271,6726.341939,6726.55237,0.40514025,0.210431,0.09723375,6726.392733,6726.392733,6726.427562,3617.55,4026.725,3854.425,3214.375,409.125,1012.075,3962.1,0.142849058,0.183334353,3208.425,-107.575,5060.3,70.45,3,112.075,1.9215,3.52975,1.45775,3.73475,0.405140187,3.994220724,0.221965262,3.878761248,0.44567855,0.3567134,0.10015384,3.56860904,4.659155146,0.303324838,0.14354543,-0.657580312,-0.724103478,0.896963982,-0.611469101,0.667278658,0.4021641,-1.769003071,-0.011138464,0.352357289,2.646,49.88888889,3.3075,3.0135,-0.827301725,3.969,97.019,2.0234,97.019,99.77813084,6.5873,-0.659315896,2.485764598,4.5639,-0.382928251,-1.683200537,2.429835571,-0.423060204,Hypoxantha_E_Iberá,NA,-0.58930877,-1166.562493,6193.174103,-66.34448843,-1968.08256,336.9708968,-2155.541724,554.3497942,-357.5918403,-1244.33282,-6.303518742,396.5400234,1059.699028,-1784.883991,720.5826234,-368.0570565,-20.62788015,-471.3699138,376.6881911,116.3258531,175.4564794,-261.2623424,-7.81E-12
C18_4-,C18_4- Hypoxantha.wav_Hypoxantha_complex_334,H:\Sporophila_vocalizations\M-F consolidated\converted_sound_files\C18_4- Hypoxantha.wav,Hypoxantha_final_kjochecked_CecilasImageCorrections.txt,Hypoxantha,E_Iberá,2018,complex,334,C18_4- Hypoxantha.wav,D:/Sporophila_vocalizations/E_Iberá/2018/Hypoxantha,C18_4- Hypoxantha.wav_2169,NANANANANA,C18_4- Hypoxantha.wav,1,1,6740.823644,6740.9351,6740.72612,6741.000116,0.3818692,0.2739956,0.111456,6740.854991,6740.854991,6740.874728,3565.9,3910.42,3755.38,2909.74,344.56,1136.96,3807.06,-0.362103391,0.426273123,3255.8,-97.92,4771.76,97.94,2.4,111.12,1.9438,3.4752,1.3852,3.6216,0.381869159,3.920412797,-0.203080174,3.852809828,0.252265744,0.25395977,0.144876202,3.220616372,3.252586664,0.293823189,0.163358049,-0.627134671,-0.752020664,0.873148629,-0.692180846,-0.06706169,0.338835236,-1.26339635,-0.485036319,0.013376169,2.5872,49.91090909,3.2046,2.793,-0.367689314,3.9102,111.746,1.6815,111.746,114.3283271,6.5079,-0.570298135,2.134383693,4.8264,-0.424493659,-0.879751111,-0.242233633,-0.613283737,Hypoxantha_E_Iberá,2120.382435,-0.403808448,-1630.539808,4184.705932,-303.9772134,-529.1253008,489.5525985,-2655.290532,-933.7686091,-403.8078447,-719.7246238,115.0240989,167.935136,235.6465452,-946.4206127,129.2739885,-744.1850689,-325.2709013,27.15411649,190.056806,-41.25414931,26.71291576,259.7916496,-2.22E-12
C18_40,C18_40.wav_Hypoxantha_complex_347,H:\Sporophila_vocalizations\M-F consolidated\converted_sound_files\C18_40.wav,Hypoxantha_final_kjochecked_CecilasImageCorrections.txt,Hypoxantha,E_Iberá,2019,complex,347,C18_40.wav,D:/Sporophila_vocalizations/E_Iberá/2019/Hypoxantha,C18_40.wav_2209,NANANANANANA,C18_40.wav,1,1,6791.611296,6791.704176,6791.566791,6791.764161,0.325038667,0.197369833,0.09288,6791.638386,6791.638386,6791.646126,4033.883333,4536.316667,4320.966667,3363.2,502.4666667,1478.6,4335.35,1.35849342,0.290849628,3531.433333,-165.6666667,5756.533333,153.3166667,3.666666667,108.0666667,2.4075,4.087,1.6195,4.333666667,0.325038651,4.416934824,1.058154837,4.313250199,1.871389238,1.522960004,0.463123105,1.916170798,2.48942919,0.239179091,0.124618902,-0.271649226,0.043997094,0.920071461,-0.243331067,1.437650386,0.547980823,1.083160853,1.353112938,1.519958922,2.94,27.73809524,4.116,3.626,-2.833266156,4.459,31.661,2.0635,31.661,34.0874491,7.6587,-0.481280373,1.276271412,5.5952,-0.461139562,-0.505634579,-1.165500909,-0.32800364,Hypoxantha_E_Iberá,943.8868104,-0.645565201,1641.171712,3317.840628,2742.662695,-91.28629694,1204.810474,-1483.028155,-1599.460786,-849.4775233,813.5589128,228.3169467,-215.7237962,-357.3817174,-713.8754014,783.987482,-325.0815734,-344.9078137,-226.4212084,200.592243,379.630177,-69.43954308,-204.9997197,-3.91E-12
C18_40,C18_40.wav_Hypoxantha_complex_348,H:\Sporophila_vocalizations\M-F consolidated\converted_sound_files\C18_40.wav,Hypoxantha_final_kjochecked_CecilasImageCorrections.txt,Hypoxantha,E_Iberá,2019,complex,348,C18_40.wav,D:/Sporophila_vocalizations/E_Iberá/2019/Hypoxantha,C18_40.wav_2214,NANANANA,C18_40.wav,1,1,6796.516996,6796.604071,6796.480714,6796.662121,0.3063085,0.18140625,0.087075,6796.546021,6796.546021,6796.560533,3488.375,3789.825,3617.575,1954.35,301.475,667.525,3725.25,-0.628551791,0.348038604,3057.7,-44.475,4242.025,14.825,1.25,118.35,1.45075,3.0545,1.24525,3.117,0.306308411,3.598625375,-1.703326484,3.58591743,-0.361190398,-1.108046889,-1.468679823,1.000111337,1.335321981,0.197674146,0.107166684,-1.089726274,-1.071254536,0.842342354,-0.951096952,-1.048879076,0.2170512,-0.638470304,-0.011138464,-1.116560895,1.6905,23.6025641,4.0425,3.087,-2.733139563,3.7485,36.728,2.3016,36.728,39.134,6.9841,-0.659315896,0.993454144,4.6825,-0.465947012,-1.404810496,2.607723325,-0.708340301,Hypoxantha_E_Iberá,NA,-0.732239078,-3467.552962,2418.949786,33.560014,-1272.163753,-1759.514187,364.4633575,1039.12755,299.4707464,-1637.301998,-183.375414,540.8576208,361.2420495,59.86007171,3.547306587,138.4552729,-57.17270983,-198.5545685,221.4616675,52.13209593,113.0280175,-20.16244326,3.41E-13
C18_40,C18_40.wav_Hypoxantha_complex_352,H:\Sporophila_vocalizations\M-F consolidated\converted_sound_files\C18_40.wav,Hypoxantha_final_kjochecked_CecilasImageCorrections.txt,Hypoxantha,E_Iberá,2019,complex,352,C18_40.wav,D:/Sporophila_vocalizations/E_Iberá/2019/Hypoxantha,C18_40.wav_2228,NANANANA,C18_40.wav,1,1,6808.521712,6808.614592,6808.478175,6808.711826,0.3086495,0.233651,0.09288,6808.528968,6808.528968,6808.559444,3617.575,4112.825,3875.95,3016.45,495.275,1464.275,4005.15,0.283059346,-0.37940517,3014.6,-155.775,5404.8,70.45,4.5,103.25,2.37975,3.84,1.56225,4.13425,0.308649553,3.923914347,0.774866192,3.809189459,0.016398579,0.171813567,0.272542133,0.876196546,0.749288863,0.211018107,0.13272415,-0.976847938,-1.001393946,0.920956198,-0.913655682,1.343216266,0.57006356,-0.386682396,0.204269652,0.578344701,2.7195,31.15416667,4.6305,3.7485,-1.88339971,4.0425,48.954,2.3413,48.954,50.83508411,8.4524,-0.659315896,1.028804211,6.1111,-0.58935132,-0.727968084,0.355344793,-0.137780108,Hypoxantha_E_Iberá,NA,-0.612656087,-504.1626128,1720.626487,1029.709383,-1520.398289,1235.601012,-920.0356005,155.706073,738.260276,195.9510177,-255.4299027,-516.7718452,-200.9183146,-292.3888684,265.0958565,143.3819795,109.79892,117.0850228,-217.5655954,276.566267,64.66324582,14.70833869,-2.58E-12
C18_40,C18_40.wav_Hypoxantha_complex_356,H:\Sporophila_vocalizations\M-F consolidated\converted_sound_files\C18_40.wav,Hypoxantha_final_kjochecked_CecilasImageCorrections.txt,Hypoxantha,E_Iberá,2019,complex,356,C18_40.wav,D:/Sporophila_vocalizations/E_Iberá/2019/Hypoxantha,C18_40.wav_2240,NANANANANA,C18_40.wav,1,1,6822.247898,6822.31988,6822.207263,6822.393023,0.339813,0.18576,0.071982,6822.266474,6822.266474,6822.280406,3789.84,4048.22,3944.88,2507.92,258.42,706.3,4013.78,0.311166542,0.618428082,3152.44,-20.74,4616.7,47.48,1,114.1,1.65,3.1672,1.2632,3.5932,0.339813084,3.845549029,-1.283720103,3.859733985,0.518037511,-0.371957974,-1.216254956,1.162443658,1.898639034,0.211731354,0.109483812,-0.624948284,-0.836499153,0.846818814,-0.84333215,-0.895295461,0.251237869,0.259705302,0.031943159,-0.438598657,2.1168,21.16282051,3.969,2.9106,-2.38855664,4.0866,62.055,2.3413,62.055,65.14416822,7.1825,-0.570298135,1.499357971,4.8412,-0.30533861,-1.43433198,2.025155683,-0.32800364,Hypoxantha_E_Iberá,806.6561414,-0.780015892,-1955.503108,3235.577034,869.5622243,-620.7343775,-1619.5999,46.10588223,318.0200167,71.9518425,-1635.142791,-16.68916191,169.2470528,267.391296,156.9914279,165.1938326,357.1520399,-299.5174096,-205.9236746,95.24317013,12.04792501,47.78707779,-333.4037742,-6.19E-12
C18_40,C18_40.wav_Hypoxantha_complex_357,H:\Sporophila_vocalizations\M-F consolidated\converted_sound_files\C18_40.wav,Hypoxantha_final_kjochecked_CecilasImageCorrections.txt,Hypoxantha,E_Iberá,2019,complex,357,C18_40.wav,D:/Sporophila_vocalizations/E_Iberá/2019/Hypoxantha,C18_40.wav_2246,NANANANANANANA,C18_40.wav,1,1,6827.78453,6827.859995,6827.716529,6827.932972,0.324432714,0.216443286,0.075465,6827.801945,6827.801945,6827.814385,3900.571429,4331.257143,4109.771429,4172.314286,430.6571429,1439.657143,4134.371429,0.703922845,-1.084300148,3137.685714,-137.7714286,5081.828571,116.5714286,4,112.4428571,2.401428571,3.629857143,1.610714286,4.563142857,0.324432577,4.216488235,1.314324699,4.178390947,0.857799848,1.050293702,0.809006655,1.415819934,1.746829211,0.224241553,0.125157877,0.973278003,0.696861786,0.868516191,0.499587347,0.008852693,0.383639713,0.388699761,-0.165001404,1.498436311,3.444,25.98365603,4.053,3.423,-1.049333447,4.221,66.841,2.1429,66.841,70.72466355,8.1349,-0.392262611,1.26711999,5.992,-0.118557931,-1.505937561,1.029151669,-0.137780108,Hypoxantha_E_Iberá,4377.625984,0.172369612,2147.992415,3203.084314,499.0225857,416.1431295,654.8079467,-1106.786378,1500.033979,-399.6802342,-302.4895846,-72.63457717,398.8286335,-462.3569632,-432.5125101,209.0643854,-78.09928583,248.1057108,-7.213437787,-126.8003484,175.5573193,-27.35087558,-168.1782608,1.77E-11
C18_40,C18_40.wav_Hypoxantha_complex_357b,H:\Sporophila_vocalizations\M-F consolidated\converted_sound_files\C18_40.wav,Hypoxantha_final_kjochecked_CecilasImageCorrections.txt,Hypoxantha,E_Iberá,2019,complex,357b,C18_40.wav,D:/Sporophila_vocalizations/E_Iberá/2019/Hypoxantha,C18_40.wav_2277,NANANANANANANANA,C18_40.wav,1,1,6857.394637,6857.466474,6857.333685,6857.515816,0.285238375,0.182131625,0.071836875,6857.401893,6857.401893,6857.420034,3714.45,4188.2125,3994.3875,5200.7125,473.725,1798.0375,4220.5,0.984436475,-3.193102786,3100.775,-259.6625,5813.9875,166.925,3.625,115.3,2.43175,3.869875,1.66975,4.587375,0.285238285,4.309161312,2.789587952,3.986736349,0.503048851,1.641524782,2.212034274,1.187505908,1.218344792,0.202709837,0.114640294,1.536413686,1.327967501,0.870014586,0.996663041,0.14297982,0.39670792,0.789191474,-0.22654658,3.233696803,4.59375,12.01863125,4.37325,3.41775,4.641701489,4.07925,96.955,1.8254,96.955,100.0394686,9.4048,-0.30324485,0.675305748,7.5794,-0.306443451,-0.100822859,-0.920040489,0.527836651,Hypoxantha_E_Iberá,2044.275673,-0.289918038,4135.085465,1491.877321,1148.944374,1916.608724,2892.695,-2864.354675,2194.821457,-458.2297872,1012.914228,-544.2835505,292.1858878,-439.8632739,-372.7890037,92.39265595,169.8234405,-97.11198959,-294.2955626,-95.43859914,65.75746663,37.61193886,79.11250197,-8.32E-13
C18_40,C18_40.wav_Hypoxantha_complex_360,H:\Sporophila_vocalizations\M-F consolidated\converted_sound_files\C18_40.wav,Hypoxantha_final_kjochecked_CecilasImageCorrections.txt,Hypoxantha,E_Iberá,2019,complex,360,C18_40.wav,D:/Sporophila_vocalizations/E_Iberá/2019/Hypoxantha,C18_40.wav_2257,NANANANANA,C18_40.wav,1,1,6837.372215,6837.434909,6837.299073,6837.516179,0.340374,0.2171066,0.062694,6837.367571,6837.367571,6837.398918,4099.92,4702.84,4341.08,5531.76,602.94,1722.66,4582.26,2.162658857,-1.489786327,3290.26,-178.06,6098.22,133.54,4.2,117.52,2.4426,4.059,1.93,4.9448,0.340373832,4.454169704,2.323629854,4.354581612,1.54164498,1.812112455,1.326064975,1.650808129,2.251629726,0.234596433,0.124992218,0.954936337,0.626012365,0.873938988,1.839435348,0.403416774,0.355987681,1.283820626,0.204269652,3.809964706,4.8216,13.135803,4.3806,3.8514,-1.007039832,4.4982,77.452,1.9444,77.452,79.6734486,9.127,-0.570298135,1.50782498,7.1826,-0.509333845,-0.876911181,-0.727258506,0.052443425,Hypoxantha_E_Iberá,727.7089616,-0.446291434,4112.997533,3120.736484,2498.933991,1492.114812,2322.905333,-2547.143273,748.6773191,-890.2625426,-112.4262777,347.5879799,567.1013531,-1179.09191,-1093.134906,672.2231309,967.9946971,45.32544566,-156.3270208,29.79452055,49.76110825,13.9693548,-317.1028383,-4.01E-12
C18_40,C18_40.wav_Hypoxantha_complex_360b,H:\Sporophila_vocalizations\M-F consolidated\converted_sound_files\C18_40.wav,Hypoxantha_final_kjochecked_CecilasImageCorrections.txt,Hypoxantha,E_Iberá,2019,complex,360b,C18_40.wav,D:/Sporophila_vocalizations/E_Iberá/2019/Hypoxantha,C18_40.wav_2290,NANANANANANANANANA,C18_40.wav,1,1,6873.819288,6873.894753,6873.773493,6873.963768,0.315324222,0.190274778,0.075465,6873.825093,6873.825093,6873.846378,3560.155556,4086.522222,3904.666667,4290.111111,526.3777778,1397.266667,4009.944444,0.298674455,-1.054235086,3167.777778,-186.2888889,5263.677778,117.0333333,3.444444444,110.6777778,2.229777778,3.604555556,1.471888889,4.372111111,0.315324271,4.052833737,1.567996024,3.91671622,0.090995995,0.482389912,0.714340729,1.301733504,1.648862256,0.218682314,0.121640365,1.019355029,0.923356093,0.877809891,0.358823212,0.265018372,0.419314755,0.018277305,-0.17867811,1.469739497,3.43,18.17417487,3.805666667,2.989,-2.751381061,3.805666667,112.155,1.9841,112.155,117.2183832,8.8492,-0.214227088,1.129589117,6.8651,0.158786473,-1.342126541,1.148167947,0.052333022,Hypoxantha_E_Iberá,4100.687022,-0.132644828,1784.22236,2896.35663,-263.0822609,185.2710357,794.6128002,-1073.22501,1722.807412,-156.6853132,227.9954528,-208.1724217,451.2140647,-237.8482327,-453.6438423,471.7749164,390.7155927,146.5021387,-312.06962,-86.5125906,241.6156024,-79.95065248,-120.3774774,5.38E-13
C18_40,C18_40.wav_Hypoxantha_complex_363,H:\Sporophila_vocalizations\M-F consolidated\converted_sound_files\C18_40.wav,Hypoxantha_final_kjochecked_CecilasImageCorrections.txt,Hypoxantha,E_Iberá,2019,complex,363,C18_40.wav,D:/Sporophila_vocalizations/E_Iberá/2019/Hypoxantha,C18_40.wav_2268,NANANANA,C18_40.wav,1,1,6849.88661,6849.95627,6849.85178,6850.024479,0.32243,0.1726985,0.06966,6849.90983,6849.90983,6849.918538,3919.05,4220.5,4069.775,2748.05,301.475,861.325,4134.35,0.703853054,-0.098035408,3014.65,-100.15,4715.775,70.5,3.25,118.075,1.648,3.0595,1.25,3.64275,0.322429906,3.965150788,-1.003760992,4.009700051,1.101558174,-0.007309088,-1.258600263,0.960690524,1.677520056,0.198955824,0.101316618,0.501960482,0.154629717,0.832655435,-0.925774188,-1.338690719,0.219558766,-0.136504767,-0.011138464,-0.099617537,2.352,18.48353175,3.6015,2.8665,-1.966033989,4.1895,89.631,2.3016,89.631,92.60318692,7.3413,-0.659315896,1.236880668,5.0397,-0.332840154,-1.838476521,4.722755626,-0.613283737,Hypoxantha_E_Iberá,NA,-0.838582794,-1126.269434,4188.619689,864.5948397,-224.3799499,-2188.377198,1422.844647,2787.98439,290.2730103,-1915.394134,86.18182471,263.0930566,1135.076326,-318.7471965,402.0319221,261.8586559,256.7365,1.539600002,78.49439409,24.16467298,204.4289152,-280.0251767,1.87E-11
C18_40,C18_40.wav_Hypoxantha_complex_363b,H:\Sporophila_vocalizations\M-F consolidated\converted_sound_files\C18_40.wav,Hypoxantha_final_kjochecked_CecilasImageCorrections.txt,Hypoxantha,E_Iberá,2019,complex,363b,C18_40.wav,D:/Sporophila_vocalizations/E_Iberá/2019/Hypoxantha,C18_40.wav_2853,NANANAfaintfaintNANANANANA,C18_40.wav,1,1,6885.419526,6885.524596,6885.37715,6885.573939,0.2706754,0.1967893,0.1050705,6885.493249,6885.493249,6885.47003,4211.89,4883.71,4530.58,3078.3,671.86,1765.72,4470.28,1.797949264,-0.174897392,3531.45,-172.14,5590.01,164.7,2.6,97.64,2.7699,4.0795,1.9536,4.3374,0.270675466,4.6103668,0.968616243,4.581490992,2.403838664,2.200352597,1.008420136,0.8441267,0.85863422,0.199439617,0.118866796,-0.575902648,-0.566609108,0.921103946,0.616502106,1.632972758,0.584341658,1.434127014,2.013697828,1.369300647,2.6166,36.45905844,4.5864,3.6162,-2.608331366,4.3512,123.496,2.0442,123.496,129.7266075,9.3651,-0.125209326,0.455414465,7.3209,0.433193306,-1.691931578,2.5818019,4.236367509,Hypoxantha_E_Iberá,8331.270962,1.434130151,5044.769685,2308.880201,2431.733853,-2878.87742,-244.2680292,671.1271234,-126.0836926,-159.0793666,-1887.457679,-2866.400925,-102.8540191,806.2470387,-293.7330395,719.9903626,415.4927486,-362.8769199,88.46585124,6.791366473,-79.3787691,-7.494123171,145.1288742,3.24E-12
C18_41,C18_41.wav_Hypoxantha_complex_364,H:\Sporophila_vocalizations\M-F consolidated\converted_sound_files\C18_41.wav,Hypoxantha_final_kjochecked_CecilasImageCorrections.txt,Hypoxantha,E_Iberá,2019,complex,364,C18_41.wav,D:/Sporophila_vocalizations/E_Iberá/2019/Hypoxantha,C18_41.wav_2314,NANANANANA,C18_41.wav,1,1,6902.457748,6902.508832,6902.419435,6902.569204,0.2248338,0.149769,0.051084,6902.480968,6902.480968,6902.477485,4220.5,4547.8,4409.98,2722.22,327.32,775.2,4427.22,1.657706407,-0.161172038,3755.4,-44.5,5030.16,32.62,1.2,117.98,1.5884,3.0672,1.2508,3.631,0.224833515,4.318070509,-0.981680522,4.31733309,2.347817634,0.856503086,-1.205011787,-0.168368682,0.260053662,0.148316306,0.080218491,0.061124198,-0.001392748,0.809970604,-0.89443733,-2.02466812,0.207260306,1.758518125,0.893575624,0.37495603,2.352,8.902164502,5.0862,3.8514,-5.139524673,4.557,1.477,2.2619,1.477,3.335392523,7.6984,-0.570298135,-0.236776109,5.4365,-0.594685965,0.356140532,-0.048593959,0.242556554,Hypoxantha_E_Iberá,2305.634895,-0.079431001,364.7088495,409.8730618,3233.211391,2111.650944,-1751.616755,516.2597429,-442.8549744,-297.8294749,-1184.57405,-533.700882,-495.331523,386.5698679,356.7492564,32.70384363,-515.9798678,-101.3780053,-112.8421261,10.63146515,227.5964158,-97.05576146,-17.96048511,-3.46E-12
C18_41,C18_41.wav_Hypoxantha_complex_368,H:\Sporophila_vocalizations\M-F consolidated\converted_sound_files\C18_41.wav,Hypoxantha_final_kjochecked_CecilasImageCorrections.txt,Hypoxantha,E_Iberá,2019,complex,368,C18_41.wav,D:/Sporophila_vocalizations/E_Iberá/2019/Hypoxantha,C18_41.wav_2328,atypicalatypicalatypicalatypicalatypicalatypicalatypicalatypicalNAatypical,C18_41.wav,1,1,6937.735245,6937.763109,6937.719571,6937.793875,0.1237702,0.074304,0.027864,6937.748016,6937.748016,6937.748016,3720.93,4099.91,3927.65,2526.54,378.98,1050.82,4013.78,0.311166542,-2.359973785,3238.58,-135.01,4461.66,102.37,2.2,105.16,2.335,3.1283,1.7225,3.3772,0.123770096,3.833492025,-0.168225468,3.847174014,0.246568598,-0.091457701,-0.433900167,-1.45413707,-1.221050416,0.080011633,0.042781481,0.925312263,0.797062842,0.839688026,3.059242454,-0.427365764,0.396136813,0.256555242,-0.657362812,-0.483796139,2.3226,7.139331502,3.6456,3.4104,-1.11625898,4.0278,36.246,1.8254,36.246,38.62638072,6.3492,-0.125209326,-1.762783267,4.5238,-0.471969938,1.88738122,-0.764320303,0.432669684,Hypoxantha_E_Iberá,3335.582804,-0.010444132,955.06534,-3705.633301,16.20014428,1564.993021,1091.190813,379.8825183,1670.587893,-2545.467423,-966.3078156,440.3048476,-51.13663107,63.65368613,114.2008526,113.1019899,105.7831064,-153.7954223,-303.927467,-8.864430892,-120.2761827,-25.06582373,32.52276137,-1.04E-12
C18_42,C18_42_C.wav_Hypoxantha_complex_386,H:\Sporophila_vocalizations\M-F consolidated\converted_sound_files\C18_42_C.wav,Hypoxantha_final_kjochecked_CecilasImageCorrections.txt,Hypoxantha,E_Iberá,2019,complex,386,C18_42_C.wav,D:/Sporophila_vocalizations/E_Iberá/2019/Hypoxantha,C18_42_C.wav_2379,NANANANANANA,C18_42_C.wav,1,1,7236.46983,7236.536587,7236.430163,7236.586897,0.257944,0.156735,0.0667575,7236.48531,7236.48531,7236.49692,3574.483333,4033.866667,3847.25,3035.7,459.3833333,1406.85,3804.183333,-0.371472456,-0.779728001,3215.6,-118.6833333,4679.866667,84.06666667,4.333333333,111.8,2.258833333,3.523333333,1.66,3.999333333,0.257943926,3.992122917,0.500505866,3.905555338,0.025074607,0.698356491,1.154819243,0.538861547,0.897496916,0.174479455,0.093096697,0.128391126,-0.154255057,0.873192064,1.387104367,0.321853746,0.390368704,-0.891901824,0.204269652,0.013376169,2.352,24.54166667,3.528,3.136,-1.181974561,3.724,42.01,2.1429,42.01,44.26229907,6.8651,-0.481280373,0.263174556,4.7222,-0.502081102,0.032677262,-0.58773186,-0.232947075,Hypoxantha_E_Iberá,1235.139186,-0.59611644,245.5699687,418.3703722,-47.9132518,-165.9498493,1806.260719,-893.9351896,371.7392394,-1026.840833,-10.2805885,178.1323247,731.5141281,-87.68703798,-1007.243924,-442.7876679,-490.025587,-699.7851306,174.321074,-162.9583789,-110.0323651,-48.17900019,-150.9923208,-5.92E-13
C18_42,C18_42_C.wav_Hypoxantha_complex_394,H:\Sporophila_vocalizations\M-F consolidated\converted_sound_files\C18_42_C.wav,Hypoxantha_final_kjochecked_CecilasImageCorrections.txt,Hypoxantha,E_Iberá,2019,complex,394,C18_42_C.wav,D:/Sporophila_vocalizations/E_Iberá/2019/Hypoxantha,C18_42_C.wav_2405,NANANANANANANA,C18_42_C.wav,1,1,7278.944932,7279.041129,7278.898492,7279.118253,0.295952429,0.219760286,0.096197143,7278.958201,7278.958201,7278.98225,3679.1,4072.828571,3900.585714,2947.471429,393.7571429,1193.557143,3999.014286,0.263075832,-0.107839233,3248.428571,-122.9285714,4811.128571,86.9,2,112.8714286,1.901,3.576285714,1.403857143,3.967,0.295952367,3.938693669,-0.116674601,3.894373878,0.524759706,0.091502881,-0.438643885,0.886497404,1.083145777,0.208470834,0.123218972,-0.312459274,-0.663735619,0.869667221,-0.839149792,-0.199906525,0.382248755,-0.443724153,0.0811793,-0.115759495,2.31,26.40779221,3.507,2.961,-1.358008371,4.053,84.067,2.0635,84.067,87.31970094,7.2619,-0.392262611,0.837083047,5.1984,-0.266893135,-0.680458497,0.119396167,-0.232947075,Hypoxantha_E_Iberá,2198.846363,-0.356713549,-921.9201855,1661.966983,629.3519988,-244.059897,-272.5067439,-755.124753,-67.81579391,113.2082738,-416.757298,-191.5368458,-428.2504996,-27.77893534,-424.6255363,90.76344283,-335.871792,-200.7994387,24.53431467,-325.9812394,198.3397364,-37.79619334,-4.23800458,3.25E-12
C18_43,C18_43_A.wav_Hypoxantha_complex_400,H:\Sporophila_vocalizations\M-F consolidated\converted_sound_files\C18_43_A.wav,Hypoxantha_final_kjochecked_CecilasImageCorrections.txt,Hypoxantha,E_Iberá,2019,complex,400,C18_43_A.wav,D:/Sporophila_vocalizations/E_Iberá/2019/Hypoxantha,C18_43_A.wav_2425,NANANANANANANANANANA,C18_43_A.wav,1,1,7316.408587,7316.489857,7316.364469,7316.536878,0.2537383,0.1724084,0.08127,7316.452705,7316.452705,7316.448642,3565.88,3884.57,3712.31,2107.15,318.71,904.39,3720.92,-0.642654243,0.849014033,3143.85,-51.91,4246.32,87.53,2.2,104.93,2.0994,3.1878,1.4209,3.6658,0.253738318,3.717999116,-0.631390044,3.775086137,-0.078099673,-0.630088922,-0.979168867,0.367711071,0.658377547,0.182558201,0.106158926,-0.203619626,-0.515269624,0.891707,-0.749180356,0.483872841,0.488923373,-0.50346532,0.031943159,-0.890573483,1.8228,24.19075758,3.7632,3.5574,0.144778748,3.8514,0.548,2.0635,0.548,6.733542056,6.2698,-0.125209326,0.199671975,4.2063,0.422598719,-1.749955636,2.756481892,-0.13789051,Hypoxantha_E_Iberá,2010.594718,0.193503332,-1232.051682,1901.832617,-813.9360669,-2003.152438,-1593.988419,1351.529676,873.0850426,558.2665553,-773.7397372,-137.2776311,178.301662,107.902946,5.890283313,718.9149182,-154.2620324,242.2974567,-148.0276451,-71.54087459,-63.6670233,-55.66374881,-135.0607518,7.78E-12
C18_43,C18_43_A.wav_Hypoxantha_complex_404,H:\Sporophila_vocalizations\M-F consolidated\converted_sound_files\C18_43_A.wav,Hypoxantha_final_kjochecked_CecilasImageCorrections.txt,Hypoxantha,E_Iberá,2019,complex,404,C18_43_A.wav,D:/Sporophila_vocalizations/E_Iberá/2019/Hypoxantha,C18_43_A.wav_2442,NANANANANANANA,C18_43_A.wav,1,1,7341.913302,7341.994572,7341.859399,7342.046817,0.287583714,0.187418286,0.08127,7341.95145,7341.95145,7341.956425,3851.342857,4171.271429,4035.928571,2261.885714,319.9285714,750.5857143,4060.528571,0.46342277,0.613722247,3457.6,-29.67142857,4749.614286,67.82857143,1.571428571,109.6571429,2.013571429,3.258571429,1.376714286,3.946857143,0.287583445,4.007613923,-0.662749142,4.037998754,1.15313724,0.087391279,-1.156507205,0.861771888,1.096286075,0.193242156,0.107716437,-0.204860147,-0.387513875,0.890052579,-0.979619876,0.393726486,0.464934635,0.404583774,0.69663106,-0.374030824,1.932,24.02539683,3.423,3.213,-0.939812413,4.137,27.213,1.8651,27.213,31.03715888,6.2698,-0.392262611,0.710716498,4.4047,-0.132547092,-1.310191049,1.447434151,-0.042723543,Hypoxantha_E_Iberá,1972.769745,-0.108190794,-629.1896474,2454.28062,1121.71249,-964.2087962,-1343.194887,722.6174067,-118.6293918,-183.7863104,-608.0742816,-308.9128855,-441.6273503,25.40583623,20.19946029,721.4440301,-230.7792827,42.86160382,-48.4545199,-89.2607,122.8323241,10.61566696,-59.92410802,-6.06E-13
C18_43,C18_43_A.wav_Hypoxantha_complex_408,H:\Sporophila_vocalizations\M-F consolidated\converted_sound_files\C18_43_A.wav,Hypoxantha_final_kjochecked_CecilasImageCorrections.txt,Hypoxantha,E_Iberá,2019,complex,408,C18_43_A.wav,D:/Sporophila_vocalizations/E_Iberá/2019/Hypoxantha,C18_43_A.wav_2460,NANANANANANA,C18_43_A.wav,1,1,7388.306081,7388.401863,7388.262544,7388.480231,0.2929905,0.217687333,0.095782333,7388.322529,7388.322529,7388.338008,3502.716667,3818.533333,3718.083333,1911.366667,315.8333333,789.55,3775.483333,-0.464945981,0.505880178,3072.066667,-76.63333333,4177.433333,89,3.833333333,108.9333333,2.2905,3.133166667,1.452833333,3.879833333,0.292990655,3.626272144,-0.66896757,3.687892683,-0.535412451,-0.854463346,-0.84194606,0.47414171,0.525775924,0.203945639,0.130309912,-0.219865909,-0.588661708,0.909459462,-0.728339221,1.027249452,0.572256795,-0.797284175,0.204269652,-1.191890033,1.568,34.48809524,3.871,3.185,-1.855001993,3.92,73.862,2.0635,73.862,77.15065421,5.873,-0.481280373,0.792362663,3.8095,-0.258440755,-1.072251277,1.501769701,-0.803507269,Hypoxantha_E_Iberá,1572.510562,-0.127200537,-2132.648639,1610.340608,-594.9354793,-1760.792578,-489.9722269,814.6618669,395.558139,-101.8764403,-25.69307887,60.45426446,-289.6894953,-106.471028,-80.99758029,218.6406472,-4.446872988,517.2313968,10.4278056,-293.7047043,-62.71877002,76.10219963,-185.1506488,-1.20E-11
C18_43,C18_43_A.wav_Hypoxantha_complex_411,H:\Sporophila_vocalizations\M-F consolidated\converted_sound_files\C18_43_A.wav,Hypoxantha_final_kjochecked_CecilasImageCorrections.txt,Hypoxantha,E_Iberá,2019,complex,411,C18_43_A.wav,D:/Sporophila_vocalizations/E_Iberá/2019/Hypoxantha,C18_43_A.wav_2473,NANANANANANANANANANANANANANA,C18_43_A.wav,1,1,7409.92994,7409.98799,7409.888061,7410.030284,0.215210071,0.1422225,0.05805,7409.968502,7409.968502,7409.959794,3519.135714,3974.414286,3759.071429,2707.085714,455.2785714,1347.371429,3802.135714,-0.378141382,0.496076353,2946.964286,-149.4214286,4608.1,129.2928571,5.142857143,105.0857143,2.5105,3.563214286,1.689642857,4.114357143,0.215210114,3.830600807,0.42574134,3.797206619,-0.417024942,0.104490228,0.648821449,-0.004960709,0.15823829,0.148897137,0.082921255,0.022598832,-0.208628794,0.902321832,0.375082158,1.011646021,0.530598073,-0.303943124,0.0811793,-0.083475579,2.331,18.73125902,3.465,3.633,0.25712696,3.738,94.306,1.9444,94.306,99.57851402,6.746,0.23086172,-0.382084659,4.8016,0.207951772,-0.21044183,-0.171815,0.622893216,Hypoxantha_E_Iberá,2755.257566,0.01307179,583.1049762,-152.217204,-730.104737,-974.7028006,718.668986,140.5178839,-493.3399838,125.0516274,285.9405978,-141.1472689,176.1072203,-80.36484514,-250.9219993,218.7430678,-37.73397316,-423.914746,-261.1850294,-31.52706245,-252.823168,89.67840986,-77.40967322,4.71E-13
C18_43,C18_43_B.wav_Hypoxantha_complex_417,H:\Sporophila_vocalizations\M-F consolidated\converted_sound_files\C18_43_B.wav,Hypoxantha_final_kjochecked_CecilasImageCorrections.txt,Hypoxantha,E_Iberá,2019,complex,417,C18_43_B.wav,D:/Sporophila_vocalizations/E_Iberá/2019/Hypoxantha,C18_43_B.wav_2501,NANANANANANANA,C18_43_B.wav,1,1,7460.124433,7460.19741,7460.079652,7460.233069,0.240320286,0.153417714,0.072977143,7460.172532,7460.172532,7460.165068,3469.9,3986.714286,3716.014286,3117.9,516.8,1279.685714,3580.657143,-1.099478761,-0.429404675,3137.685714,-135.6714286,4774.228571,161.1,3.285714286,108.4142857,2.322714286,3.547571429,1.663571429,4.313285714,0.240320427,3.916905587,0.474598171,3.790444199,-0.048460737,0.358018466,0.661395536,0.938690814,1.27790381,0.18446449,0.095153679,-0.27602198,-0.416120059,0.877161604,0.972584127,0.361762359,0.398415394,0.281696139,-0.041911052,0.207079666,2.562,17.21642247,3.633,3.507,-1.953264011,3.885,41.214,2.1032,41.214,43.48457944,6.627,-0.392262611,-0.002931464,4.5238,-0.497783504,0.465009642,-1.129929025,-0.423060204,Hypoxantha_E_Iberá,1638.94758,-0.506174986,-191.5156272,321.8300145,182.3321774,-31.18714008,1642.407209,-1426.380949,-439.7968142,-869.0150687,144.8419159,377.4843242,1142.075574,-193.6993851,154.8941227,324.7731526,-734.6783291,-595.2654081,-289.8569909,80.3411978,-37.26088993,-23.79200731,-64.28568167,9.12E-12
C18_43,C18_43_B.wav_Hypoxantha_complex_420,H:\Sporophila_vocalizations\M-F consolidated\converted_sound_files\C18_43_B.wav,Hypoxantha_final_kjochecked_CecilasImageCorrections.txt,Hypoxantha,E_Iberá,2019,complex,420,C18_43_B.wav,D:/Sporophila_vocalizations/E_Iberá/2019/Hypoxantha,C18_43_B.wav_2523,NANAfaintfaintfaintNAfaintfaintfaint,C18_43_B.wav,1,1,7502.233176,7502.320251,7502.144811,7502.369915,0.298754333,0.225104667,0.087075,7502.266716,7502.266716,7502.271876,3359.166667,3847.266667,3588.855556,3448,488.0888889,1770.511111,3655.844444,-0.854599942,-0.270364856,2861.533333,-296.7555556,5024.411111,215.9666667,6.111111111,104.7555556,2.945222222,3.885111111,1.787888889,4.692,0.298754411,3.924268899,1.759465265,3.732927792,-0.561247479,0.505362669,1.49115952,1.670462984,1.613159268,0.226811961,0.130514097,0.181096258,-0.104360786,0.927551558,-0.757478466,1.57122066,0.617037846,-0.681449052,-0.17867811,1.067984096,3.168666667,31.64473613,3.544333333,3.381,-0.72016776,3.544333333,82.139,1.9841,82.139,86.58914019,7.4206,-0.214227088,0.879392512,5.4365,0.014617038,-1.070863852,0.414451477,0.622893216,Hypoxantha_E_Iberá,3482.487472,0.148229814,1086.5756,2582.327345,-961.9779637,-1389.59409,1781.947022,-1530.882482,312.6821222,886.4547704,843.2411635,-839.5491413,290.230514,35.36857332,-318.1835356,612.6841094,-440.2908755,-6.92954526,-208.1027728,-126.6269538,-48.06688499,106.4165563,63.34856796,-3.99E-12
C18_43,C18_43_B.wav_Hypoxantha_complex_427,H:\Sporophila_vocalizations\M-F consolidated\converted_sound_files\C18_43_B.wav,Hypoxantha_final_kjochecked_CecilasImageCorrections.txt,Hypoxantha,E_Iberá,2019,complex,427,C18_43_B.wav,D:/Sporophila_vocalizations/E_Iberá/2019/Hypoxantha,C18_43_B.wav_2550,NANANANANANA,C18_43_B.wav,1,1,7566.676935,7566.757237,7566.626625,7566.790132,0.228504667,0.163507333,0.0803025,7566.69822,7566.69822,7566.716602,3459.666667,4048.233333,3718.066667,2830.683333,588.5833333,1536.033333,3746.766667,-0.558473788,-0.518946271,3229.966667,-103.85,4751.666667,74.16666667,2.166666667,108.2666667,2.529,3.634666667,1.853,4.042333333,0.228504673,3.903013596,0.604946048,3.816956548,-0.313602794,0.405813375,1.042332814,0.318163173,0.329716996,0.167151603,0.097601936,-0.461101968,-0.425036615,0.902929235,0.950179382,1.146459511,0.52271958,-0.071306296,-0.082941169,0.164034444,2.548,21.50833333,3.822,3.528,-0.137023527,3.773,147.83,1.8651,147.83,150.1617103,6.5079,-0.481280373,-0.181343463,4.6428,-0.483412042,-0.103134407,0.059921439,0.147499989,Hypoxantha_E_Iberá,1712.212401,-0.428593124,361.6021414,84.6513577,61.92673576,-1114.235539,1873.798668,-347.2702964,364.1489299,-245.8918223,-60.13501332,75.80361163,596.4706905,-199.9255257,-10.33634945,45.16333112,-232.2292203,-389.843899,-70.19950587,147.6688146,-156.3211878,37.65791996,1.683148746,-2.81E-12
C18_44,C18_44.wav_Hypoxantha_complex_442,H:\Sporophila_vocalizations\M-F consolidated\converted_sound_files\C18_44.wav,Hypoxantha_final_kjochecked_CecilasImageCorrections.txt,Hypoxantha,E_Iberá,2019,complex,442,C18_44.wav,D:/Sporophila_vocalizations/E_Iberá/2019/Hypoxantha,C18_44.wav_2595,NANANANANA,C18_44.wav,1,1,7749.529821,7749.642438,7749.471771,7749.703971,0.3039252,0.2321998,0.112617,7749.568134,7749.568134,7749.584388,3652.02,4134.36,3979.3,2365.06,482.34,1085.28,3772.6,-0.474336759,0.958816867,3255.82,-124.6,4323.86,118.68,9.8,120,2.3228,3.3144,1.9314,3.6558,0.303925233,3.792830335,-0.340699868,3.827871047,-0.122103683,-0.101909573,-0.03452117,1.294923201,1.449172172,0.2232421,0.130361888,0.141538577,0.041249666,0.854738479,-0.903766524,-0.66385879,0.385766768,-0.149097599,-0.657362812,-0.890573483,2.058,27.59,3.6162,3.4398,-0.546174617,4.263,141.68,1.8651,141.68,144.0044579,5.8333,-0.570298135,0.957469345,3.9682,-0.485117019,-0.798218063,0.174650179,-0.232836672,Hypoxantha_E_Iberá,1070.288466,-0.090786701,-1311.615341,2367.769161,-836.3222894,331.7675391,-166.0357477,-240.8002418,-663.1973269,120.4803773,-632.9385363,-132.5018715,46.47931475,61.96112148,313.2113063,-267.153168,-658.3871859,-194.4197395,-218.7205052,-16.55708149,91.4653554,-8.258709986,20.88131774,1.37E-12
C18_47,C18_47.wav_Hypoxantha_complex_446,H:\Sporophila_vocalizations\M-F consolidated\converted_sound_files\C18_47.wav,Hypoxantha_final_kjochecked_CecilasImageCorrections.txt,Hypoxantha,E_Iberá,2019,complex,446,C18_47.wav,D:/Sporophila_vocalizations/E_Iberá/2019/Hypoxantha,C18_47.wav_2608,NANANANANANANANANA,C18_47.wav,1,1,7982.699187,7982.794002,7982.646942,7982.837862,0.270404889,0.190919889,0.094815,7982.763687,7982.763687,7982.754657,3387.877778,3646.288889,3521.866667,1600.511111,258.4111111,583.7888889,3502.722222,-1.353306348,0.50130506,3062.5,-32.95555556,3856.811111,36.25555556,4.222222222,119.0555556,1.826555556,2.887222222,1.315444444,3.516888889,0.270404984,3.495023019,-1.170647442,3.548172182,-0.662646091,-1.295282048,-1.444858549,1.003980487,1.005849665,0.199462352,0.115821417,1.682340032,1.179318363,0.882573794,-0.984661588,0.165513293,0.496053439,-0.790028754,-0.082941169,-1.694084284,1.339333333,24.73227513,3.315666667,3.283,-0.052561219,3.707666667,11.881,1.9048,11.881,17.24235514,5.873,-0.214227088,0.45133032,3.9682,0.228837741,-1.585164109,2.258345268,-0.423170607,Hypoxantha_E_Iberá,3049.788957,-0.062244193,-2078.215844,2540.061173,-2372.519527,-373.5647999,-1745.939293,1633.086881,1349.734798,-832.3670191,328.6549006,-501.8568681,-96.71251329,250.6247388,301.9316224,846.9321252,-344.1721048,160.3792827,-423.1776133,-111.937843,-366.2437294,79.31303103,90.4551405,1.14E-11
C18_47,C18_47.wav_Hypoxantha_complex_449,H:\Sporophila_vocalizations\M-F consolidated\converted_sound_files\C18_47.wav,Hypoxantha_final_kjochecked_CecilasImageCorrections.txt,Hypoxantha,E_Iberá,2019,complex,449,C18_47.wav,D:/Sporophila_vocalizations/E_Iberá/2019/Hypoxantha,C18_47.wav_2623,NANANANANANANA,C18_47.wav,1,1,8028.252039,8028.345748,8028.184038,8028.389701,0.275166714,0.205662857,0.093709286,8028.298479,8028.298479,8028.299308,3408.371429,3728.328571,3531.428571,1706.342857,319.9285714,762.9,3605.271429,-1.019312069,0.652937545,3137.685714,-52.97142857,3999.014286,74.17142857,5.571428571,112.1,2.110285714,3.179571429,1.426571429,3.478285714,0.275166889,3.536939237,-0.997470466,3.570385278,-0.594268127,-1.09348674,-1.180325433,1.234191677,1.258818398,0.20860043,0.119687378,0.224306262,-0.147185615,0.905346125,-1.053213188,0.844136293,0.535482368,-0.537464229,-0.041911052,-1.600819637,1.386,32.95918367,3.759,3.381,-1.387401781,3.717,57.929,1.8254,57.929,61.90576635,5.8333,-0.392262611,0.523232709,4.0079,-0.096670068,-1.41629883,1.95231626,-0.423170607,Hypoxantha_E_Iberá,663.7967562,-0.652543432,-2504.181882,2504.721129,-1187.190676,-1572.544869,-930.4745195,990.9297893,603.7144291,-326.8642965,-89.59006672,-122.8526157,-187.9804456,213.3026238,366.3293518,775.3971957,-235.5395896,-183.7054458,-589.944337,-48.5396228,-238.2316327,134.3835153,129.585925,3.63E-12
C18_47,C18_47.wav_Hypoxantha_complex_450,H:\Sporophila_vocalizations\M-F consolidated\converted_sound_files\C18_47.wav,Hypoxantha_final_kjochecked_CecilasImageCorrections.txt,Hypoxantha,E_Iberá,2019,complex,450,C18_47.wav,D:/Sporophila_vocalizations/E_Iberá/2019/Hypoxantha,C18_47.wav_2631,NANANANANA,C18_47.wav,1,1,8038.260669,8038.338456,8038.217712,8038.403472,0.2421104,0.18576,0.077787,8038.31988,8038.31988,8038.304787,3359.18,3686.48,3479.74,1730.16,327.32,895.78,3445.32,-1.540260635,0.843523892,3100.78,-56.38,4013.78,97.92,5,112.98,2.2248,3.3386,1.5884,3.3618,0.24211028,3.461221212,-0.740228345,3.469087751,-1.059885768,-1.211022686,-0.852696639,0.220517156,0.008328263,0.164096032,0.101244422,0.993202494,0.530249596,0.915375237,-1.081209803,1.143252118,0.603669099,-0.789677641,-0.140383334,-1.613733204,1.4112,25.9847619,4.0866,3.675,-1.837308871,3.6162,68.905,2.1429,68.905,71.06615888,5.5556,-0.570298135,0.024094422,3.4127,-0.523507566,-0.395991082,0.635562685,-0.613283737,Hypoxantha_E_Iberá,291.381995,-0.798085017,-2610.459972,840.231875,-1775.275601,-481.8713725,152.581317,1610.671853,201.3648234,-278.2388634,1100.181177,-132.0198658,-402.5788355,92.801606,493.5635445,725.912069,-307.1969427,-70.65305618,-150.6805131,-231.8630248,-378.0587052,185.3875554,19.50204741,-6.04E-12
C18_47,C18_47.wav_Hypoxantha_complex_456,H:\Sporophila_vocalizations\M-F consolidated\converted_sound_files\C18_47.wav,Hypoxantha_final_kjochecked_CecilasImageCorrections.txt,Hypoxantha,E_Iberá,2019,complex,456,C18_47.wav,D:/Sporophila_vocalizations/E_Iberá/2019/Hypoxantha,C18_47.wav_2642,NANANANANANA,C18_47.wav,1,1,8090.946746,8091.048333,8090.899339,8091.098643,0.262149333,0.199305,0.1015875,8090.986413,8090.986413,8090.996088,3387.883333,3732.416667,3545.783333,1362.45,344.5333333,660.35,3574.5,-1.119532066,0.670584429,3129.483333,-71.7,4019.516667,71.7,6.5,119.6333333,1.956833333,3.005,1.398666667,3.028833333,0.262149532,3.556821527,-1.369580548,3.549656613,-0.599887306,-1.171933915,-1.306877033,0.588599785,0.436503882,0.188209586,0.116434376,0.142925427,-0.096998847,0.902761139,-1.059681941,0.764643083,0.547433121,-0.683117087,0.778691295,-1.719193997,1.029,28.7031746,3.43,3.381,0.07276957,3.724,121.236,2.1032,121.236,124.3479252,6.1905,-0.481280373,0.326677122,4.0873,-0.299988586,-1.143279395,1.522808925,-0.042723543,Hypoxantha_E_Iberá,598.8767391,-0.618377758,-2717.751322,1487.24539,-849.6294063,-1495.074343,-1046.343371,1539.894494,310.1572349,-482.2869302,258.0020939,-823.4420956,-175.6395355,186.2364033,205.5356894,554.1145286,-71.85317689,-273.6407096,-232.4426793,-113.3666339,-244.0745064,156.1369265,145.7757714,-1.84E-11
C18_49,C18_49.wav_Iberaensis_complex_26,H:\Sporophila_vocalizations\M-F consolidated\converted_sound_files\C18_49.wav,Iberaensis_final_kjochecked_CecilasImageCorrections.txt,Iberaensis,E_Iberá,2019,complex,26,C18_49.wav,D:/Sporophila_vocalizations/E_Iberá/2019/Iberaensis,C18_49.wav_723,NANANANANANANANANANANANANANANANANANANA,C18_49.wav,1,1,733.0359308,733.1046742,732.9714649,733.1508085,0.263437474,0.179343737,0.068743421,733.0554844,733.0554844,733.0692331,3726.357895,4184.231579,3957.557895,5105.084211,457.8736842,1709.052632,4039.168421,0.393854528,0.260990963,3023.7,-213.9684211,5367.426316,204.6052632,5.105263158,111.8736842,2.557157895,3.759894737,1.575789474,4.833631579,0.263437516,4.14408195,2.414428822,4.071289936,0.454683079,1.226175844,1.563048847,0.91270569,0.771169107,0.190078744,0.111328782,1.376756735,0.958351194,0.882562406,0.303866392,0.393570098,0.434980324,0.212484727,-1.836438816,1.773699175,4.193368421,15.41342277,3.814263158,3.195315789,-6.251462917,3.999947368,140.338,1.1458,140.338,148.89088,8.5417,0.675950529,0.346125037,7.3959,0.979144458,-0.793176974,0.122532733,0.242556554,Iberaensis_E_Iberá,5288.45281,0.701074881,3601.127945,1794.027617,-1401.857218,774.3100212,1009.817105,-1128.572877,375.3261817,1111.934222,136.0085149,962.074821,-26.28030014,-297.8130834,-140.019773,606.6213863,-221.6593968,198.2984548,66.03512606,-176.0935485,35.27253132,-118.0371885,79.74047663,-1.57E-11
C18_49,C18_49.wav_Iberaensis_complex_27,H:\Sporophila_vocalizations\M-F consolidated\converted_sound_files\C18_49.wav,Iberaensis_final_kjochecked_CecilasImageCorrections.txt,Iberaensis,E_Iberá,2019,complex,27,C18_49.wav,D:/Sporophila_vocalizations/E_Iberá/2019/Iberaensis,C18_49.wav_699,NANANANANANANANANANANANANANANANANANANANANANANANA,C18_49.wav,1,1,714.7730803,714.8381445,714.7176909,714.8790212,0.233082,0.161330458,0.065064375,714.7933978,714.7933978,714.8052496,3728.820833,4220.495833,3951.325,4784.433333,491.6708333,1600.645833,3994.391667,0.248020345,-1.37678091,3194.091667,-225.0333333,5315.1125,155.7875,3.875,113.45,2.415875,3.691166667,1.598875,4.488333333,0.233081911,4.127088002,1.899251583,4.0442055,0.218919153,0.997476062,1.442300374,0.272062497,0.256562205,0.164822048,0.096796999,1.631065823,1.683699508,0.871449752,0.510010554,0.088055327,0.408000145,0.009241682,-1.195883103,1.275139225,3.6505,15.43468405,3.39325,3.185,-2.537652425,3.98125,121.07,1.3889,121.07,132.1810447,8.5069,1.121039337,-0.11222945,7.118,1.580552336,-0.991273463,0.66365364,1.288620377,Iberaensis_E_Iberá,4860.841345,0.963880267,4068.596902,721.0267169,-1776.24572,541.7798095,91.22304658,-891.17754,1874.089432,349.4495649,352.0332206,-275.5590825,-275.4618447,18.04845769,-59.90175596,225.6758786,-96.59753002,-224.8055959,-96.85424338,25.76666062,78.96747408,-214.892001,122.0073768,-1.42E-12
C18_49,C18_49.wav_Iberaensis_complex_28,H:\Sporophila_vocalizations\M-F consolidated\converted_sound_files\C18_49.wav,Iberaensis_final_kjochecked_CecilasImageCorrections.txt,Iberaensis,E_Iberá,2019,complex,28,C18_49.wav,D:/Sporophila_vocalizations/E_Iberá/2019/Iberaensis,C18_49.wav_674,NANANANANANANANANANANANANANANANANANANANANANANANANA,C18_49.wav,1,1,702.9302454,703.015927,702.8882172,703.0595805,0.25309132,0.1713634,0.08568176,702.9590381,702.9590381,702.9662363,3893.188,4589.156,4161.932,4411.116,695.956,1633.08,4203.276,0.928339332,-0.724460575,3434.964,-223.752,5543.512,151.932,5.72,115.324,2.34212,3.78064,1.52468,4.46136,0.253091316,4.38084982,1.652067048,4.269598171,1.187365639,1.837696429,1.770214459,0.33055803,0.638220727,0.180855263,0.104876076,1.489602532,1.557223506,0.874152755,0.267743706,0.135920202,0.400375914,1.326009354,-0.312709827,1.767038493,3.66912,13.04060261,4.05132,3.675,-0.14294169,4.09836,108.673,1.0417,108.673,120.2613814,9.0278,1.210057098,0.189902574,7.9861,1.692771065,-0.977575397,0.402356041,1.288620377,Iberaensis_E_Iberá,5912.42965,1.298530715,5164.254261,1388.226085,-255.3645146,637.2833059,-422.8692035,-787.589447,723.9019832,268.5339852,497.9700218,-253.8296879,-74.02203121,27.86387789,262.6360676,35.07233713,-281.1967489,-157.367121,-0.43468113,185.675397,-89.53256689,-219.6335266,-221.4758868,8.54E-12
C18_49,C18_49.wav_Iberaensis_complex_29,H:\Sporophila_vocalizations\M-F consolidated\converted_sound_files\C18_49.wav,Iberaensis_final_kjochecked_CecilasImageCorrections.txt,Iberaensis,E_Iberá,2019,complex,29,C18_49.wav,D:/Sporophila_vocalizations/E_Iberá/2019/Iberaensis,C18_49.wav_666,NANANANANANANANA,C18_49.wav,1,1,693.0234806,693.0938663,692.99373,693.1315986,0.205089375,0.137868625,0.070385625,693.0525056,693.0525056,693.0590363,3897.5125,4392.7625,4145.125,3814.4,495.275,1270.475,4285.1,1.194833329,0.396077344,3456.075,-124.25,5340.2375,103.85,2.375,110.3875,2.433,3.69425,1.655125,4.780125,0.205089235,4.164700605,1.368269157,4.128940692,0.828666574,0.860661075,0.520681718,-0.047578101,0.007754408,0.147907653,0.085068002,0.728627556,0.65203189,0.887227053,-0.562873151,0.380093349,0.480641795,0.537001489,-0.22654658,1.08681638,3.19725,15.0004662,3.49125,3.63825,1.96599408,4.1895,103.274,1.8056,103.274,106.4026607,7.8472,-0.30324485,-0.534904879,6.0416,-0.296054191,-0.190303273,0.318269976,0.052333022,Iberaensis_E_Iberá,3667.352481,0.104688241,1916.689549,819.4826053,780.6381596,813.8729141,739.6043238,674.6949778,77.54223768,944.3120446,226.2895253,239.0676086,-567.0549564,-43.42445334,-283.1745972,485.0096471,-263.9183136,483.727072,-316.5196578,-50.61868973,197.9550876,18.73061129,50.16539239,-8.42E-13
C18_49,C18_49.wav_Iberaensis_complex_30,H:\Sporophila_vocalizations\M-F consolidated\converted_sound_files\C18_49.wav,Iberaensis_final_kjochecked_CecilasImageCorrections.txt,Iberaensis,E_Iberá,2019,complex,30,C18_49.wav,D:/Sporophila_vocalizations/E_Iberá/2019/Iberaensis,C18_49.wav_616,NANANANANANANANANANANANANANANANANANANANANANANANANANANANA,C18_49.wav,1,1,668.1141708,668.1979284,668.071048,668.2373194,0.228264143,0.166271607,0.083757821,668.1477567,668.1477567,668.1585373,3919.032143,4497.353571,4180.514286,4381.192857,578.3142857,1790.342857,4223.575,0.994451495,-0.73234285,3254.578571,-200.8392857,5386.378571,164.2821429,5.357142857,109.3785714,2.5985,3.983607143,1.829035714,4.508142857,0.228264067,4.325204816,1.880115153,4.266770708,1.086241233,1.669224957,1.599186834,0.274009308,0.215955241,0.168147251,0.100968491,0.977854046,0.901864911,0.892548669,0.505688305,0.734806672,0.470267052,0.878350273,-0.749680576,1.59528806,3.7065,14.09793376,4.116,3.1815,-9.136631242,4.2945,74.052,1.3194,74.052,86.22398111,8.3681,1.477110383,-0.184976484,7.0487,1.829971567,-0.792176426,0.337645372,1.003229878,Iberaensis_E_Iberá,5200.349868,1.348257422,4938.180733,652.6130684,-413.4129025,-154.5461113,-182.6643833,-963.4959482,674.0565149,495.2095536,319.7459958,402.6882211,-383.9692641,-100.3667321,40.74262451,255.4765771,-309.5510964,15.65867593,30.90053141,34.6562061,-26.12922394,-153.3478488,30.91089417,2.13E-12
C18_49,C18_49.wav_Iberaensis_complex_31,H:\Sporophila_vocalizations\M-F consolidated\converted_sound_files\C18_49.wav,Iberaensis_final_kjochecked_CecilasImageCorrections.txt,Iberaensis,E_Iberá,2019,complex,31,C18_49.wav,D:/Sporophila_vocalizations/E_Iberá/2019/Iberaensis,C18_49.wav_541,NANANANANANANANANANANANANANANANANANANANANANANANANANANANANANANANANANANANANANANANANANANANANANANANANANANANANANANANANANANANANANANANANANANANANANANANANA,C18_49.wav,1,1,642.3951429,642.4669498,642.3432956,642.516332,0.252186671,0.173036521,0.071807055,642.4223388,642.4223388,642.4294957,3647.061644,4179.20411,3918.442466,3999.1,532.1356164,1597.593151,3958.558904,0.131316002,-0.473132418,3081.893151,-187.8054795,5079.468493,144.309589,5.383561644,109.0082192,2.529,3.795780822,1.625917808,4.407356164,0.25218672,4.031387938,1.473945791,4.00510992,0.008735571,0.75569901,1.270456205,0.560217538,0.6070792,0.181293217,0.10596305,0.876768423,0.674566346,0.890809643,0.242658496,0.636054905,0.470708241,-0.108242346,-0.91703287,0.787305665,3.238027397,18.0084028,3.594452055,3.167547945,-0.693928897,4.005246575,35.783,1.1458,35.783,73.08155593,8.2292,5.482909658,0.176243635,7.0834,7.737065729,-1.306396432,0.947875891,1.954237136,Iberaensis_E_Iberá,5606.566064,3.517134745,6731.02076,-226.7759707,-4333.291425,-2830.952869,-5255.602135,-3150.556619,346.9352015,848.1774429,1431.84458,1017.645242,-412.4624739,1017.642403,-82.06523877,240.7102651,380.8331884,-420.7368705,-336.3881009,-143.0002864,-421.6574257,-1288.734323,59.4808439,-4.07E-12
C18_49,C18_49.wav_Iberaensis_complex_31b,H:\Sporophila_vocalizations\M-F consolidated\converted_sound_files\C18_49.wav,Iberaensis_final_kjochecked_CecilasImageCorrections.txt,Iberaensis,E_Iberá,2019,complex,31b,C18_49.wav,D:/Sporophila_vocalizations/E_Iberá/2019/Iberaensis,C18_49.wav_644,NANANANANANANANANANANANANANANANANANANANANANA,C18_49.wav,1,1,685.7936972,685.863621,685.7430354,685.9105886,0.239974182,0.167553273,0.069923864,685.8237776,685.8237776,685.8277355,3621.486364,4165.695455,3836.804545,3738.518182,544.2136364,1569.972727,4052.136364,0.436090044,-0.244023267,3042.045455,-148.3818182,4870.418182,142.9681818,5.090909091,112.2772727,2.489954545,3.748681818,1.688545455,4.3905,0.23997418,3.976679446,1.360915934,3.910587401,-0.072174565,0.5478178,1.009789999,0.395104528,0.363664148,0.171933175,0.101676016,0.709944445,0.560131874,0.889752064,0.31251752,0.617801942,0.485879148,-0.67196578,-0.579032588,0.711882718,3.073636364,21.00826957,3.675,3.207272727,-2.983117462,3.835363636,92.359,1.6667,92.359,102.2077305,8.125,0.943003813,-0.008159627,6.4583,1.283790476,-0.869464026,0.381781743,0.908173313,Iberaensis_E_Iberá,3974.291004,0.971840073,2598.99689,641.528137,-1479.137521,-588.4517311,9.438930425,-696.5310992,533.9711889,470.0711447,203.3497404,-105.0710905,-341.5380012,-57.05124667,-748.0248264,130.157227,37.27341852,59.98966807,-171.899473,-110.0786174,-12.01012156,-121.1080952,110.6513162,1.24E-12
C18_5,C18_5 - Hypoxantha.wav_Hypoxantha_complex_462,H:\Sporophila_vocalizations\M-F consolidated\converted_sound_files\C18_5 - Hypoxantha.wav,Hypoxantha_final_kjochecked_CecilasImageCorrections.txt,Hypoxantha,E_Iberá,2018,complex,462,C18_5 - Hypoxantha.wav,D:/Sporophila_vocalizations/E_Iberá/2018/Hypoxantha,C18_5 - Hypoxantha.wav_2662,NANANANANANANANANANA,C18_5 - Hypoxantha.wav,1,1,8196.812905,8196.918556,8196.756596,8196.971381,0.3050446,0.2147847,0.105651,8196.874438,8196.874438,8196.869794,3772.61,4461.68,4168.83,2904.78,689.05,1507.34,4254.96,1.096669843,0.851759104,3290.25,-157.27,5012.92,170.64,5.3,111.8,2.2476,3.6726,1.7131,3.6139,0.305044445,4.108179613,0.373960004,4.13989387,0.72304815,1.037336449,0.939501447,1.210059992,1.217543327,0.214657925,0.126605086,-0.000840513,0.060056151,0.874711246,-0.599756315,-0.011526555,0.390886611,0.378342537,-0.312709827,0.148968617,2.6166,45.72906566,3.3516,3.4986,0.32989257,4.263,37.92,1.7857,37.92,42.62814953,6.6667,-0.125209326,0.974368884,4.881,0.075273355,-0.823418559,-0.040585563,-0.32800364,Hypoxantha_E_Iberá,4617.088733,0.176579323,995.4351502,2478.377238,448.3693787,102.7611099,97.80810081,-519.164481,-919.6649504,377.7192619,-292.1699721,541.4929249,-389.0600556,-82.13946057,-204.9619166,-679.9089987,-484.8446439,10.6989097,-41.71144347,100.6828473,19.5023691,-104.5966924,13.85639767,7.93E-12
C18_5,C18_5 - Hypoxantha.wav_Hypoxantha_complex_463,H:\Sporophila_vocalizations\M-F consolidated\converted_sound_files\C18_5 - Hypoxantha.wav,Hypoxantha_final_kjochecked_CecilasImageCorrections.txt,Hypoxantha,E_Iberá,2018,complex,463,C18_5 - Hypoxantha.wav,D:/Sporophila_vocalizations/E_Iberá/2018/Hypoxantha,C18_5 - Hypoxantha.wav_2672,NANANANANA,C18_5 - Hypoxantha.wav,1,1,8204.907961,8205.077467,8204.858039,8205.145966,0.40486,0.2879274,0.1695058,8205.005485,8205.005485,8204.995036,3669.24,4375.52,4013.8,3238.1,706.28,1378.12,3996.54,0.255017288,-0.051369204,3221.34,-59.34,5150.74,29.68,2.6,116.62,1.7932,3.9688,1.3596,3.625,0.404859813,4.101827771,0.151735152,4.046241198,0.754749796,0.651697076,0.250269265,2.333421892,2.268157804,0.293127723,0.183179047,-1.362718605,-1.118040111,0.90192647,-0.622143695,0.816858993,0.356284821,-0.103065478,0.031943159,0.917325821,2.9988,52.88809524,3.9102,3.3222,-1.464959467,3.9102,47.112,1.9444,47.112,50.0247757,6.6667,-0.570298135,2.481531094,4.7223,-0.346807344,-1.247413888,0.439117862,-0.518116769,Hypoxantha_E_Iberá,493.0378997,-0.47992854,-524.0837895,3864.546334,1336.4108,-1494.044243,572.8352014,-2213.863993,-414.5578976,94.12175534,-553.6766308,149.9321969,33.67025171,-200.4007044,-288.5307946,186.2178826,47.24163838,-54.69361317,626.9709087,201.7878384,189.7767731,-11.48295616,-40.87032593,-7.61E-12
C18_5,C18_5 - Hypoxantha.wav_Hypoxantha_complex_464,H:\Sporophila_vocalizations\M-F consolidated\converted_sound_files\C18_5 - Hypoxantha.wav,Hypoxantha_final_kjochecked_CecilasImageCorrections.txt,Hypoxantha,E_Iberá,2018,complex,464,C18_5 - Hypoxantha.wav,D:/Sporophila_vocalizations/E_Iberá/2018/Hypoxantha,C18_5 - Hypoxantha.wav_2677,NANANANANANA,C18_5 - Hypoxantha.wav,1,1,8213.880926,8213.966066,8213.831584,8214.037661,0.313551333,0.206077167,0.08514,8213.911886,8213.911886,8213.918658,3832.9,4421.466667,4206.166667,2810.866667,588.5666667,1248.933333,4292.266667,1.218174569,1.178422535,3316.1,-89,4966.966667,86.55,6.5,116.15,2.034666667,3.7055,1.646166667,3.585833333,0.313551402,4.094405887,-0.291918666,4.148427691,0.94604565,0.639884273,0.0138383,1.189378466,1.750869392,0.213545463,0.114377585,-0.76585497,-0.70882819,0.86357686,-0.699577618,-0.364477419,0.305237265,0.946012609,0.060664241,0.239363582,2.548,20.07529138,4.018,4.312,2.826768569,4.41,56.023,2.0635,56.023,58.80238318,6.4286,-0.481280373,1.102819683,4.3651,-0.378167058,-0.505634579,-0.098440044,-0.232947075,Hypoxantha_E_Iberá,985.3255712,-0.371065332,-158.8034066,2526.890237,1630.189808,83.68057082,-253.2920492,-633.2572593,-1540.112698,265.8933684,-966.8909739,416.1743733,-177.8134005,16.01914089,44.02829466,-234.9220491,-54.40619878,-202.2859014,-346.4983938,222.0101893,63.82996014,-58.48610633,-239.6271443,1.51E-12
C18_5,C18_5 - Hypoxantha.wav_Hypoxantha_complex_469,H:\Sporophila_vocalizations\M-F consolidated\converted_sound_files\C18_5 - Hypoxantha.wav,Hypoxantha_final_kjochecked_CecilasImageCorrections.txt,Hypoxantha,E_Iberá,2018,complex,469,C18_5 - Hypoxantha.wav,D:/Sporophila_vocalizations/E_Iberá/2018/Hypoxantha,C18_5 - Hypoxantha.wav_2689,NANANAnoiceNANANANANANANANANANANANANANANANANANA,C18_5 - Hypoxantha.wav,1,1,8246.650791,8246.741559,8246.600657,8246.799609,0.280883682,0.198952864,0.090769045,8246.683773,8246.683773,8246.691689,3879.872727,4420.172727,4189.177273,3326.113636,540.2954545,1515.154545,4255.727273,1.099168787,0.956321348,3304.359091,-167.2545455,5363.718182,218.5272727,4.636363636,120.8363636,2.281318182,3.651363636,1.593,4.071454545,0.280883603,4.247121012,0.796558115,4.175374949,1.092148922,1.275443376,0.925341031,0.808116348,0.612754751,0.197579236,0.122130785,0.495628431,0.21665366,0.880897124,-0.086784173,0.2751158,0.416513052,0.566980831,0.243434764,1.143313234,3.073636364,37.53477747,3.447818182,3.461181818,-1.749128212,4.329818182,85.192,1.7857,85.192,95.14066355,7.6587,0.943003813,0.609552225,5.873,1.307284084,-0.872706303,-0.100059918,1.003229878,Hypoxantha_E_Iberá,5386.707273,1.642524972,3315.766765,1498.683198,-9.816142791,-275.4840402,-942.2123896,-654.8630856,-1268.284127,422.1075943,-52.74655108,-248.6565956,-159.9515238,-126.4724283,-425.9603606,-2.9847894,-121.1107428,345.8810208,242.6145584,-78.21879495,-218.9526897,-120.258744,45.07820156,3.81E-12
C18_50,C18_50_A.wav_Iberaensis_complex_12,H:\Sporophila_vocalizations\M-F consolidated\converted_sound_files\C18_50_A.wav,Iberaensis_final_kjochecked_CecilasImageCorrections.txt,Iberaensis,E_Iberá,2019,complex,12,C18_50_A.wav,D:/Sporophila_vocalizations/E_Iberá/2019/Iberaensis,C18_50_A.wav_862,NANANANANANANANANANANANANANANANANANANANANANANANANANANANANANANANANANANANANANANANANANANANA,C18_50_A.wav,1,1,844.1291167,844.1964018,844.0946826,844.2351896,0.191946136,0.140507273,0.067285205,844.153392,844.153392,844.1582735,4009.075,4651.168182,4349.702273,3080.545455,642.075,1554.313636,4461.279545,1.768635528,0.541441323,3443.343182,-161.5340909,5105.320455,147.3568182,3.909090909,104.2181818,2.561727273,3.717840909,1.749636364,4.068613636,0.191946148,4.268248259,0.87742996,4.32180813,1.145798938,1.427098003,1.121585622,-0.407244536,-0.525182539,0.137410244,0.085677523,0.728177384,0.73688409,0.892800849,0.660362061,0.764353637,0.50810727,0.72536753,-0.1286338,0.403718064,2.7195,20.62755936,4.136045455,3.648272727,-3.793799741,4.463454545,80.61,1.1806,80.61,97.46537153,6.875,2.90139457,-0.733358925,5.6944,2.931006164,-0.424709502,0.103414084,1.19345341,Iberaensis_E_Iberá,11119.84667,3.206019287,5432.337577,-840.4852568,-1113.925093,-986.3482511,-2399.920151,-153.3660922,-960.4078263,73.65761489,196.1975025,638.1044263,-878.2145214,110.0557901,-328.6730867,-388.0209241,-387.2278406,817.7634184,-66.46412677,93.48803847,-136.9099506,15.85207491,-16.73025584,1.47E-11
C18_50,C18_50_A.wav_Iberaensis_complex_13,H:\Sporophila_vocalizations\M-F consolidated\converted_sound_files\C18_50_A.wav,Iberaensis_final_kjochecked_CecilasImageCorrections.txt,Iberaensis,E_Iberá,2019,complex,13,C18_50_A.wav,D:/Sporophila_vocalizations/E_Iberá/2019/Iberaensis,C18_50_A.wav_855,NANANANANANANA,C18_50_A.wav,1,1,830.4666423,830.5213751,830.4301539,830.5844009,0.232240571,0.154247,0.054732857,830.4815694,830.4815694,830.4915209,3888.271429,4294.328571,4158.971429,2981.157143,406.0571429,1205.857143,4097.442857,0.583649544,1.194108654,3186.914286,-184.4,4786.514286,156.8428571,5.142857143,105.7285714,2.399,3.505,1.494428571,3.772142857,0.232240679,3.997033586,0.681379078,4.153894239,0.574962574,0.684062679,0.508501733,-0.227342987,-0.032839094,0.151423638,0.089429996,1.113782827,0.745876829,0.873455263,-0.520780386,-0.02763525,0.445990464,-0.312792186,-1.149724221,-0.374030824,2.562,26.92619048,3.675,3.381,-0.609257663,4.263,73.05,1.3542,73.05,75.6608478,6.875,-0.392262611,-0.124931637,5.5208,-0.417788629,-0.151885613,-0.293473466,1.478733507,Iberaensis_E_Iberá,3071.867436,0.1448016,1214.893822,573.7560082,-999.7388056,1088.879645,778.0747917,1026.113244,-854.5780369,645.4444803,-708.7385024,-531.2644832,-1204.189253,328.6050483,-110.3076668,114.7322176,-380.2923953,-451.2002095,104.0184712,-319.1799397,9.353026413,4.054480946,-74.132982,1.36E-12
C18_50,C18_50_A.wav_Iberaensis_complex_18,H:\Sporophila_vocalizations\M-F consolidated\converted_sound_files\C18_50_A.wav,Iberaensis_final_kjochecked_CecilasImageCorrections.txt,Iberaensis,E_Iberá,2019,complex,18,C18_50_A.wav,D:/Sporophila_vocalizations/E_Iberá/2019/Iberaensis,C18_50_A.wav_839,NANANANANANANANANANANANA,C18_50_A.wav,1,1,818.2150756,818.2919917,818.1831482,818.3674565,0.247061333,0.184308583,0.07691625,818.237328,818.237328,818.2513568,3789.833333,4306.633333,3954.933333,2491.316667,516.8083333,1191.508333,3976.458333,0.189612962,0.62025813,3330.458333,-79.15,4565.033333,103.85,3.25,107.25,1.988,3.386333333,1.37775,3.55325,0.247061247,3.917615845,0.11259148,3.976778708,0.045027826,0.410257098,0.644134897,0.005208557,-0.064632043,0.171590353,0.110259307,1.782806538,1.632292723,0.881075937,-0.287331337,0.244784018,0.443255853,-0.257558707,-0.370151991,-0.513927794,2.205,23.72925685,3.871,3.43,-2.078280872,4.2385,59.656,1.4583,59.656,64.16081288,6.0764,0.052826197,0.098851538,4.6181,0.027470232,-0.255818466,-0.599367489,0.717949781,Iberaensis_E_Iberá,5302.101777,0.858013096,1297.807448,559.9836872,-1600.715552,1144.781616,165.6815085,852.5840696,-529.7150696,-477.9285302,610.6008746,-630.6595727,-864.8405819,-19.03396255,-45.62328508,-307.9401519,-507.6274806,135.3520539,144.0576547,-39.24735,-322.6012385,66.58501103,-92.2847598,-1.19E-11
C18_50,C18_50_A.wav_Iberaensis_complex_19,H:\Sporophila_vocalizations\M-F consolidated\converted_sound_files\C18_50_A.wav,Iberaensis_final_kjochecked_CecilasImageCorrections.txt,Iberaensis,E_Iberá,2019,complex,19,C18_50_A.wav,D:/Sporophila_vocalizations/E_Iberá/2019/Iberaensis,C18_50_A.wav_818,NANANANANANANANANANANANANANANANANANANANANA,C18_50_A.wav,1,1,806.7051653,806.782565,806.673929,806.8339806,0.215436286,0.160052048,0.077399905,806.7294909,806.7294909,806.7413773,3830.842857,4384.571429,4097.447619,2337.961905,553.7190476,1263.290476,4138.47619,0.717291715,1.03071158,3281.238095,-129.3,4655.266667,127.8761905,3.619047619,102.8380952,2.35852381,3.461619048,1.737857143,3.755142857,0.215436272,4.05357912,0.128792715,4.12692751,0.562400377,0.729105573,0.599027301,-0.285123594,-0.395371952,0.148656748,0.094218646,1.231756622,1.242591434,0.892446666,0.378823231,0.715506982,0.514589662,-0.339945976,0.409420239,-0.438598657,1.988,24.89331066,3.353,3.479,2.831054916,4.347,46.842,1.7361,46.842,54.98314949,6.1111,0.853986052,-0.378669792,4.375,0.882349296,-0.38902723,-0.082827919,0.622893216,Iberaensis_E_Iberá,7720.798969,0.929336941,2155.910734,41.88563136,-1056.360596,-4.98312829,-632.2961276,1299.027279,-739.0210859,-529.1382312,645.3120036,28.03546946,-613.6970185,82.56210392,-764.7035508,-225.2390374,-262.8882382,-33.03754946,209.4804394,16.56816674,-247.9464531,7.962653239,8.040026638,-8.69E-12
C18_50,C18_50_A.wav_Iberaensis_complex_22,H:\Sporophila_vocalizations\M-F consolidated\converted_sound_files\C18_50_A.wav,Iberaensis_final_kjochecked_CecilasImageCorrections.txt,Iberaensis,E_Iberá,2019,complex,22,C18_50_A.wav,D:/Sporophila_vocalizations/E_Iberá/2019/Iberaensis,C18_50_A.wav_800,NANANANANANAfaintNANANANANANA,C18_50_A.wav,1,1,791.5316265,791.6124498,791.4999223,791.6785375,0.228718385,0.178615231,0.080823385,791.5651168,791.5651168,791.5664564,3981.969231,4512.030769,4220.5,2329.076923,530.0615385,1444.384615,4339.753846,1.372836383,0.650524295,3292.915385,-179.2,4770.430769,143.8153846,7.615384615,104.2153846,2.636461538,3.666538462,1.799538462,3.511230769,0.228718351,4.148091266,0.274045447,4.199789029,0.963553176,1.084586455,0.747465911,-0.13470217,-0.186525606,0.158762796,0.099972132,0.07810072,-0.122865273,0.909403479,0.308834981,1.211335636,0.569651141,0.076701474,0.668225595,-0.264762185,2.012769231,31.54836275,3.697615385,3.494076923,-3.406622862,4.285615385,32.299,1.7014,32.299,38.23825424,6.1458,0.141843959,-0.178117018,4.4444,0.364698057,-0.909366818,0.755809064,0.813116748,Iberaensis_E_Iberá,6511.823733,1.440514168,2278.775446,548.5939955,400.0243706,-1456.590775,-289.1602818,1121.329642,-602.7521973,-126.4604963,-480.897819,-327.7986641,-672.2193984,-163.9238614,-662.6234607,-423.6202494,-437.0097294,567.1995459,142.9086628,-143.8420869,-177.5131673,-32.62987208,-83.38133445,6.00E-12
C18_50,C18_50_A.wav_Iberaensis_complex_23,H:\Sporophila_vocalizations\M-F consolidated\converted_sound_files\C18_50_A.wav,Iberaensis_final_kjochecked_CecilasImageCorrections.txt,Iberaensis,E_Iberá,2019,complex,23,C18_50_A.wav,D:/Sporophila_vocalizations/E_Iberá/2019/Iberaensis,C18_50_A.wav_765,NANANANANANANANANANANANANANANANANANANANANANANANANANANANANANANANANANANANA,C18_50_A.wav,1,1,778.7796914,778.8469325,778.7455065,778.8951461,0.209720778,0.149639917,0.067241222,778.8159726,778.8159726,778.8133926,3887.927778,4344.916667,4122.402778,2468.461111,456.9888889,1098.197222,4098.480556,0.587029242,0.685834822,3423.780556,-85.31388889,4615.272222,78.71111111,3.527777778,104.9138889,2.244194444,3.410583333,1.657083333,3.624944444,0.209720802,4.057726999,-0.037880885,4.097051411,0.911365226,0.663328726,0.092793661,-0.344226968,-0.361187588,0.144917411,0.089766874,0.99283326,0.934627547,0.878976122,0.452361202,0.312195636,0.469372851,0.093792385,0.228203887,-0.32560495,2.123333333,21.97920575,3.634166667,3.585166667,1.943859915,4.205833333,14.672,1.7708,14.672,31.25856847,6.875,2.189252477,-0.464970529,5.1042,2.867812317,-1.007755116,0.895300928,1.288620377,Iberaensis_E_Iberá,8769.766596,2.39463794,3520.04075,-249.227633,-1718.662438,-1022.917384,-3054.137724,671.7682309,-310.2490555,-320.793564,71.01762993,-63.45282518,-459.9711443,217.9499476,-329.1165864,104.8934987,-236.404375,197.0839457,177.0373432,-3.01942879,-230.5298023,-346.7673678,-6.40625847,-9.27E-12
C18_50,C18_50_A.wav_Iberaensis_complex_24,H:\Sporophila_vocalizations\M-F consolidated\converted_sound_files\C18_50_A.wav,Iberaensis_final_kjochecked_CecilasImageCorrections.txt,Iberaensis,E_Iberá,2019,complex,24,C18_50_A.wav,D:/Sporophila_vocalizations/E_Iberá/2019/Iberaensis,C18_50_A.wav_747,NANANANANAfaintfaintNANANANANANANANANANANANANANA,C18_50_A.wav,1,1,764.8174728,764.8802219,764.78596,764.9247268,0.19381281,0.138767,0.062749286,764.8406928,764.8406928,764.8440099,3953.895238,4413.27619,4187.695238,2392.071429,459.3809524,1140.242857,4158.980952,0.784074027,0.183661148,3441.195238,-120.1047619,4761.904762,115.8809524,3.571428571,100.9095238,2.41647619,3.534619048,1.695238095,3.878238095,0.193812855,4.102960174,0.00012779,4.146929986,0.903309281,0.822144514,0.370980314,-0.455749923,-0.437691046,0.137603321,0.084047192,-0.125091346,-0.072334677,0.907406595,0.558417015,1.200720047,0.537771478,0.607583742,0.450450356,-0.24489516,2.1,20.65736961,3.731,3.983,5.076606197,4.445,4.893,1.7361,4.893,12.51805729,6.7708,0.853986052,-0.705172586,5.0347,0.761019379,-0.19162732,-0.122034432,0.432780086,Iberaensis_E_Iberá,7224.833696,1.070051289,2033.145594,-760.3306002,433.7830701,-1143.872969,-556.9757649,556.6505681,-677.6180774,-486.5131922,76.60395429,304.822117,-542.9399985,-233.9757182,-37.55041866,-40.28456241,-489.6550095,111.3966178,46.19672977,115.8019038,-138.8348484,57.47284123,-86.19321104,-2.66E-12
C18_50,C18_50_A.wav_Iberaensis_complex_25,H:\Sporophila_vocalizations\M-F consolidated\converted_sound_files\C18_50_A.wav,Iberaensis_final_kjochecked_CecilasImageCorrections.txt,Iberaensis,E_Iberá,2019,complex,25,C18_50_A.wav,D:/Sporophila_vocalizations/E_Iberá/2019/Iberaensis,C18_50_A.wav_742,NANANANANA,C18_50_A.wav,1,1,758.3486144,758.4612312,758.3091404,758.5076712,0.2720046,0.198531,0.112617,758.4089864,758.4089864,758.4031814,3807.06,4186.04,3910.42,2451.36,379,1136.96,3962.08,0.14278392,0.102354764,3031.86,-145.4,4496.14,65.28,3.8,94.5,1.9198,3.324,1.4034,3.602,0.272004814,3.91347292,-0.039237788,3.984660912,0.218077241,0.270799423,0.212084896,0.273994089,-0.066668073,0.186205492,0.124916879,0.251626927,0.297115646,0.908644476,-1.028842518,0.947982983,0.504762568,-0.326936944,-0.312709827,-0.438598657,2.2344,21.49642857,3.969,3.4986,-2.428279483,4.2042,0.953,2.1181,0.953,3.775346441,5.2083,-0.570298135,0.475486954,3.0902,-0.368066675,-1.290808745,2.253498964,-0.993620398,Iberaensis_E_Iberá,195.7379369,-1.255981823,-714.9348434,2154.388009,192.5300125,-917.2851053,254.5497971,1525.401041,1606.347929,747.8208862,286.639899,716.333841,-587.6963133,181.1149393,63.945053,-24.53702578,-162.8426333,-146.2944469,410.8332756,36.99425146,-72.67727928,101.4371332,74.70421379,1.36E-11
C18_51,C18_51_C.wav_Iberaensis_complex_6,H:\Sporophila_vocalizations\M-F consolidated\converted_sound_files\C18_51_C.wav,Iberaensis_final_kjochecked_CecilasImageCorrections.txt,Iberaensis,E_Iberá,2019,complex,6,C18_51_C.wav,D:/Sporophila_vocalizations/E_Iberá/2019/Iberaensis,C18_51_C.wav_914,NANANANANANANANANANANA,C18_51_C.wav,1,1,1012.569438,1012.629071,1012.540941,1012.668651,0.188882273,0.12771,0.059633182,1012.595825,1012.595825,1012.594769,3680.209091,4306.627273,3828.990909,3668.3,626.4272727,1448.609091,3828.990909,-0.290676235,2.42618201,3186.918182,-171.3090909,5097.490909,279.2181818,2.909090909,98.12727273,2.244727273,3.370454545,1.396454545,4.043181818,0.188882219,4.035022019,1.640510829,3.863518686,0.250115088,0.746351568,0.981541418,-0.630021125,-0.69379512,0.129729257,0.081510587,3.054690078,3.17667086,0.858106496,-0.015320788,-0.414103557,0.459646498,-0.801337093,-0.344041916,0.629705477,2.94,19.14483575,3.167181818,3.407727273,3.708938799,3.942272727,54.997,1.6667,54.997,59.05887017,8.3333,-0.036191565,-0.779622726,6.6666,-0.076662715,-0.074530933,0.139347273,2.049404103,Iberaensis_E_Iberá,6609.961515,0.835685987,3055.860026,471.9635904,-2834.5968,2613.300825,706.2111368,2665.637184,-740.669507,745.4918905,708.5648067,-1326.042223,97.62828038,647.3365941,-896.7478768,785.4090904,-65.59563301,-20.83266747,384.4172448,-48.60192755,75.00033488,20.30697222,89.25769619,1.09E-11
C18_6,C18_6 - Hypoxantha.wav_Hypoxantha_complex_472,H:\Sporophila_vocalizations\M-F consolidated\converted_sound_files\C18_6 - Hypoxantha.wav,Hypoxantha_final_kjochecked_CecilasImageCorrections.txt,Hypoxantha,E_Iberá,2018,complex,472,C18_6 - Hypoxantha.wav,D:/Sporophila_vocalizations/E_Iberá/2018/Hypoxantha,C18_6 - Hypoxantha.wav_2718,NANANAfaintfaint,C18_6 - Hypoxantha.wav,1,1,8292.02807,8292.087281,8291.980469,8292.129077,0.2049758,0.148608,0.059211,8292.048968,8292.048968,8292.058256,3841.52,4272.18,4013.78,2258.1,430.68,1119.74,4031.02,0.367315795,1.787828263,3479.76,-77.14,4651.16,80.12,2.2,109.42,2.2956,3.572,1.7034,3.7972,0.204975701,3.98903129,-0.320919057,4.000725621,0.845299043,0.392768393,-0.290859596,-0.135032832,-0.136332326,0.146169389,0.086332647,-1.09009281,-0.924598283,0.900637273,1.743536779,1.191621884,0.456958547,0.374790639,0.204269652,-0.709783552,1.8816,19.81111111,4.263,3.8514,-9.160965252,4.4394,30.482,1.9841,30.482,32.40220561,5.1984,-0.570298135,-0.536619181,3.2143,-0.580154111,0.009059309,0.460777614,-0.993620398,Hypoxantha_E_Iberá,1146.373477,-0.648762417,-455.3983279,-72.33739796,1096.669305,-1381.808131,746.7334152,1644.797757,-1238.012662,-674.2779743,-1089.014624,1843.6038,654.9096228,-434.6648472,-390.4376286,368.7901822,-6.995392956,-146.2393059,222.65513,185.1631425,29.65934252,-107.5934573,0.983903806,-8.41E-12
C18_6,C18_6 - Hypoxantha.wav_Hypoxantha_complex_473,H:\Sporophila_vocalizations\M-F consolidated\converted_sound_files\C18_6 - Hypoxantha.wav,Hypoxantha_final_kjochecked_CecilasImageCorrections.txt,Hypoxantha,E_Iberá,2018,complex,473,C18_6 - Hypoxantha.wav,D:/Sporophila_vocalizations/E_Iberá/2018/Hypoxantha,C18_6 - Hypoxantha.wav_2722,NANANAfaintNA,C18_6 - Hypoxantha.wav,1,1,8303.852832,8303.923653,8303.798265,8303.958483,0.2009614,0.160218,0.070821,8303.878374,8303.878374,8303.891145,3565.9,4099.92,3824.28,2213.58,534.04,1257.54,3996.56,0.255082427,-2.554873815,3169.66,-169.14,4530.58,142.46,2.6,106.5,2.6228,3.8324,1.9106,4.0432,0.200961373,3.824827212,0.075307881,3.802456999,0.006180986,0.078358705,0.125766126,0.028680177,-0.108802691,0.151457801,0.091047315,-0.921977935,-0.796046851,0.9327851,1.87369843,2.223456185,0.652803443,0.221571094,0.031943159,-0.709783552,1.9404,52.35666667,4.1454,3.7338,-4.883090971,4.4982,42.291,2.0635,42.291,44.22761682,5.1587,-0.570298135,-0.597233538,3.0952,-0.576295941,0.009059309,0.576128838,-1.088787366,Hypoxantha_E_Iberá,1129.368268,-0.715854165,-267.6854077,-848.0122243,1269.034451,-2164.001422,1825.638094,-229.9304563,2025.121076,-1871.878223,-166.6498659,1146.991729,-275.9447713,-637.3042553,197.9770111,4.892402874,-281.0350601,57.38281319,-355.1667683,98.44361757,-14.81507764,-3.165643548,103.234532,-4.58E-12
C18_6,C18_6 - Hypoxantha.wav_Hypoxantha_complex_473b,H:\Sporophila_vocalizations\M-F consolidated\converted_sound_files\C18_6 - Hypoxantha.wav,Hypoxantha_final_kjochecked_CecilasImageCorrections.txt,Hypoxantha,E_Iberá,2018,complex,473b,C18_6 - Hypoxantha.wav,D:/Sporophila_vocalizations/E_Iberá/2018/Hypoxantha,C18_6 - Hypoxantha.wav_2729,NANANANANA,C18_6 - Hypoxantha.wav,1,1,8314.152043,8314.244923,8314.120696,8314.301812,0.2293458,0.181116,0.09288,8314.163653,8314.163653,8314.192678,3479.76,3979.34,3738.14,1769.84,499.56,1050.84,3979.34,0.198998312,1.079599985,2997.42,-118.7,4134.38,112.74,5.2,108.44,2.6708,3.5066,1.7804,3.7968,0.229345794,3.647562453,-0.417634115,3.703038749,-0.68267563,-0.628003524,-0.291665676,-0.064573978,-0.350999948,0.160965186,0.105602329,-0.650164714,-0.579867707,0.935702961,-0.957239831,1.781347871,0.68725801,-1.777640123,0.548922638,-1.342548308,1.3524,66.00333333,2.9694,3.087,0.494889429,3.7338,52.456,2.2619,52.456,54.83886916,5.4365,-0.570298135,-0.168642943,3.1746,-0.471384922,-0.871215695,1.538357848,-0.518227172,Hypoxantha_E_Iberá,1000.302009,-0.641202514,-2025.466695,757.0940674,-437.1139653,-2369.573126,294.3469745,1888.562672,131.3753481,661.0565564,328.7464276,90.54841478,-908.7503851,160.9930886,-1122.872701,-40.67775331,42.53055516,266.3228642,-43.97429419,-49.26448723,-80.13302544,127.3172949,162.2901804,-3.98E-12
C18_6,C18_6 - Hypoxantha.wav_Hypoxantha_complex_475,H:\Sporophila_vocalizations\M-F consolidated\converted_sound_files\C18_6 - Hypoxantha.wav,Hypoxantha_final_kjochecked_CecilasImageCorrections.txt,Hypoxantha,E_Iberá,2018,complex,475,C18_6 - Hypoxantha.wav,D:/Sporophila_vocalizations/E_Iberá/2018/Hypoxantha,C18_6 - Hypoxantha.wav_2737,NANANANANANANANANA,C18_6 - Hypoxantha.wav,1,1,8345.12914,8345.17945,8345.07496,8345.214924,0.192797444,0.139965,0.05031,8345.162035,8345.162035,8345.1601,3713.288889,4201.355556,3914.244444,2412.977778,488.1,1416.411111,3942.944444,0.080460999,-0.218513518,3215.611111,-215.9555556,4651.155556,163.2111111,6,103.9111111,2.719,3.726888889,1.833111111,3.780444444,0.192797508,3.837032088,0.311907825,3.855425461,-0.193761803,0.21386688,0.581549771,-0.199163698,-0.495243317,0.135190887,0.082834203,-0.713565554,-0.660721139,0.918905816,0.9229411,1.623946202,0.602241049,0.008285342,-0.27441505,-0.589256932,2.123333333,42.27266314,4.001666667,3.773,-1.734444821,4.753,82.827,1.9841,82.827,86.2731215,5.2486,-0.214227088,-0.72050382,3.2645,-0.22142122,-0.171520391,0.334763935,-0.32800364,Hypoxantha_E_Iberá,2144.355351,-0.589560217,78.30076711,-630.1353773,235.6500829,-1673.595736,1372.161271,602.6254499,349.3420834,-167.5954,-131.8450148,937.474376,-149.2525062,-378.3405687,64.18459621,-65.42921903,-143.8467388,-312.4201576,-174.3937487,59.22697232,-112.226653,13.17710176,187.4954275,5.04E-12
C18_6,C18_6 - Hypoxantha.wav_Hypoxantha_complex_476,H:\Sporophila_vocalizations\M-F consolidated\converted_sound_files\C18_6 - Hypoxantha.wav,Hypoxantha_final_kjochecked_CecilasImageCorrections.txt,Hypoxantha,E_Iberá,2018,complex,476,C18_6 - Hypoxantha.wav,D:/Sporophila_vocalizations/E_Iberá/2018/Hypoxantha,C18_6 - Hypoxantha.wav_2746,NANANANANANA,C18_6 - Hypoxantha.wav,1,1,8361.317963,8361.39246,8361.29184,8361.439868,0.197663667,0.1480275,0.0744975,8361.359565,8361.359565,8361.35763,3631.916667,4148.733333,3875.95,2116.433333,516.8166667,1177.166667,3904.683333,-0.044152273,-2.074486417,3172.55,-86.53333333,4478.916667,98.93333333,2,106.85,2.560333333,3.744,1.828666667,3.868166667,0.197663551,3.790259961,-0.186759586,3.823566902,-0.077496119,-0.122386195,-0.119679092,-0.483634062,-0.806906643,0.135929586,0.090068271,-1.059452406,-0.967483453,0.925009517,1.171912872,1.852454378,0.612173439,0.274743165,0.204269652,-0.890573483,1.764,42.83630952,3.822,3.381,-6.45924258,4.557,99.618,1.9841,99.618,101.9700841,5.2381,-0.481280373,-0.647028992,3.254,-0.478622287,-0.175677471,0.579519175,-0.328114042,Hypoxantha_E_Iberá,1214.952599,-0.558833075,-513.0294882,-1341.724809,1102.261938,-2208.566463,1178.508463,291.6062371,1625.770684,-1162.679943,-231.2171575,345.7192804,-421.3743576,-596.6439232,539.6564382,-35.92532053,-128.5046926,-154.4008973,-88.11765705,-73.09370464,30.50180555,4.209425733,148.0246011,3.93E-13
C18_6,C18_6 - Hypoxantha.wav_Hypoxantha_complex_478,H:\Sporophila_vocalizations\M-F consolidated\converted_sound_files\C18_6 - Hypoxantha.wav,Hypoxantha_final_kjochecked_CecilasImageCorrections.txt,Hypoxantha,E_Iberá,2018,complex,478,C18_6 - Hypoxantha.wav,D:/Sporophila_vocalizations/E_Iberá/2018/Hypoxantha,C18_6 - Hypoxantha.wav_2755,NANANANANANA,C18_6 - Hypoxantha.wav,1,1,8396.058885,8396.128545,8396.03373,8396.174018,0.209346167,0.1402875,0.06966,8396.066625,8396.066625,8396.096618,3962.083333,4249.233333,4076.933333,2142.833333,287.1,789.55,4206.15,0.937699712,1.132671354,3129.483333,-74.16666667,4478.9,143.4166667,3,106.9666667,1.8915,3.007666667,1.232666667,3.658666667,0.209345794,3.964998305,-0.504829583,4.078658739,0.887915612,0.163214171,-0.727993648,-0.246004559,-0.244484751,0.145392499,0.08780976,0.749186857,0.467452494,0.866323827,-0.798031778,-0.299170391,0.457059376,0.360350817,-0.082941169,-0.96590262,1.813,45.77546296,3.577,3.773,1.141047763,4.361,133.96,1.9444,133.96,137.3557757,5.2778,-0.481280373,-0.470632957,3.3334,-0.233257189,-1.487728464,3.042171342,-0.898563834,Hypoxantha_E_Iberá,1481.933082,-0.512606834,-364.4085774,1882.311913,442.8934248,-126.7475726,-1470.219551,3093.724714,1271.004533,651.6160579,-830.9472429,847.589673,-383.3556987,198.7711555,7.633748931,63.96287386,-314.1219444,270.2439154,-219.8342495,-112.617656,22.0542079,50.01943922,89.64783402,-9.76E-12
