song,Begin.Path,selec.file,species,location,year,Vocalization.type,Song.number,Individual,old_name,original_dir,sound.files_selec,Notes,sound.files,selec,Channel,Q1.Time..s.,Q3.Time..s.,Time.5...s.,Time.95...s.,Delta.Time..s.,Dur.90...s.,IQR.Dur..s.,Max.Time..s.,Peak.Time..s.,Center.Time..s.,Q1.Freq..Hz.,Q3.Freq..Hz.,Center.Freq..Hz.,Delta.Freq..Hz.,IQR.BW..Hz.,BW.90...Hz.,Max.Freq..Hz.,Peak.Freq..Hz.,PFC.Avg.Slope..Hz.ms.,PFC.Min.Freq..Hz.,PFC.Min.Slope..Hz.ms.,PFC.Max.Freq..Hz.,PFC.Max.Slope..Hz.ms.,PFC.Num.Inf.Pts,Energy..dB.,Avg.Entropy..bits.,Agg.Entropy..bits.,Min.Entropy..bits.,Max.Entropy..bits.,duration,meanfreq,sd,freq.median,freq.Q25,freq.Q75,freq.IQR,time.median,time.Q25,time.Q75,time.IQR,skew,kurt,sp.ent,time.ent,entropy,sfm,meandom,mindom,maxdom,dfrange,modindx,startdom,enddom,dfslope,meanpeakf,start,bottom.freq,File.Offset..s.,end,top.freq,num.elms,elm.duration,freq.range,song.duration,song.rate,gap.duration,freq.range.Min5toMax95,spp_loc,area,mst,PC1,PC2,PC3,PC4,PC5,PC6,PC7,PC8,PC9,PC10,PC11,PC12,PC13,PC14,PC15,PC16,PC17,PC18,PC19,PC20,PC21,PC22
C_18_53_B.wav_Palustris_simple_256,H:\Sporophila_vocalizations\M-F consolidated\converted_sound_files\C_18_53_B.wav,Palustris_final_kjochecked_CecilasImageCorrections.txt,Palustris,E_Ibera,2019,simple,256,C_18_53,C_18_53_B.wav,D:/Sporophila_vocalizations/E_Ibera/2019/Palustris,C_18_53_B.wav_2888,faintfaintNA,C_18_53_B.wav,1,1,60.102906,60.197721,60.070011,60.271251,0.266355333,0.20124,0.094815,60.116451,60.116451,60.139671,3732.4,3962.1,3875.966667,1925.066667,229.6666667,775.1666667,3847.233333,0.208391242,0.357800201,3387.866667,-24.7,4163.1,29.7,2.333333333,89.73333333,2.324333333,3.047333333,1.530333333,3.733333333,0.26635514,3.699654791,1.66110353,3.830783793,-0.42396202,0.264337707,1.524649562,-0.55011293,-0.778654086,0.181917188,0.11860471,3.628154701,5.773433011,0.912298539,-0.36788451,1.517966126,0.633909115,0.168484126,-0.649223409,0.16501415,1.764,28.82857143,3.283,3.773,2.323166548,4.067,15.397,2.1318,15.397,16.61396262,5.7752,0.332378761,-0.351144084,3.6434,0.036971731,-0.314983532,-0.235399818,1.50371629,Palustris_E_Ibera,NA,0.626443322,94.96988733,-2172.935598,-2235.243638,-1013.750704,-5352.907641,-1142.437254,-88.62028005,3493.971703,463.2799508,1325.472622,751.9418014,-1137.65242,37.90687001,-617.6613545,-571.8339648,410.1248475,-916.4667004,528.1575936,-252.4200438,-133.8080442,-175.8938585,1.44E-12
C_18_54_C.wav_Palustris_simple_14,H:\Sporophila_vocalizations\M-F consolidated\converted_sound_files\C_18_54_C.wav,Palustris_final_kjochecked_CecilasImageCorrections.txt,Palustris,E_Ibera,2019,simple,14,C_18_54,C_18_54_C.wav,D:/Sporophila_vocalizations/E_Ibera/2019/Palustris,C_18_54_C.wav_697,NANANA,C_18_54_C.wav,1,1,271.9849923,272.0681973,271.9579023,272.1223773,0.22243,0.164475,0.083205,271.9907973,271.9907973,272.0294973,3990.8,4565.033333,4191.8,1963.433333,574.2333333,1234.566667,4478.9,2.058584226,-1.849726344,3560.133333,-29.7,5110.566667,14.83333333,0.333333333,138.0333333,1.405,3.888333333,1.009666667,2.505666667,0.222429906,4.141695684,0.245193042,4.123544183,1.309333151,1.428936009,0.982462536,-1.397586985,-1.699447545,0.14136665,0.094783374,-1.575604651,-0.998275494,0.903825643,-0.603155222,1.310038738,0.322351351,1.709031388,2.093065298,1.258127258,1.568,5.333333333,4.851,4.165,-3.268654073,4.263,92.777,3.4247,92.777,93.72969159,5.8904,0.332378761,-1.121601769,2.4657,-0.631461795,0.539928297,-0.873109362,-0.391642106,Palustris_E_Ibera,NA,-0.976394815,4846.907418,2464.707424,1708.627108,-356.8694096,374.4065918,-764.5398999,682.4161559,434.7862284,650.9606964,485.0237669,-497.5908009,491.3899841,217.3879736,-316.3256603,-391.8117355,212.3493829,-152.455189,331.608192,130.3939462,124.6575272,-20.65792694,-3.77E-12
C_18_54_C.wav_Palustris_simple_261,H:\Sporophila_vocalizations\M-F consolidated\converted_sound_files\C_18_54_C.wav,Palustris_final_kjochecked_CecilasImageCorrections.txt,Palustris,E_Ibera,2019,simple,261,C_18_54,C_18_54_C.wav,D:/Sporophila_vocalizations/E_Ibera/2019/Palustris,C_18_54_C.wav_2943,NANANANA,C_18_54_C.wav,1,1,243.7325965,243.80661,243.7035715,243.8545013,0.215187,0.15093,0.07401375,243.7688778,243.7688778,243.7659753,3768.325,4242.05,4005.15,3662.8,473.725,1033.6,4005.15,0.670939488,-2.161824924,3466.825,-33.375,5038.75,7.4,0.75,137.6,1.41775,3.808,1.23725,2.791,0.215186916,4.003763905,0.347809159,3.966092243,0.885044331,0.898246406,0.492642241,-1.232579209,-1.218919859,0.143807392,0.088493771,-0.273044641,-0.572118818,0.808410152,-0.544398618,-0.911256798,0.086907366,1.295394205,0.493396886,1.68756455,2.352,5.661111111,5.2185,3.675,-7.189985939,4.116,64.299,2.5581,64.299,65.66147664,7.4806,1.819336374,-1.248645322,4.9225,0.405027393,-0.044623651,-0.636864002,-0.707596297,Palustris_E_Ibera,NA,-1.07867151,2911.995777,1269.479494,1408.880789,-645.8935635,-1018.028515,-970.3967184,2253.09993,-1230.357744,-968.814578,577.5100001,-839.0277226,83.75862076,275.9565602,229.2002747,190.7696263,-251.7194051,-88.0403686,23.18024041,299.4820919,207.7402068,-266.5407299,1.01E-11
C_18_56.wav_Palustris_simple_69,H:\Sporophila_vocalizations\M-F consolidated\converted_sound_files\C_18_56.wav,Palustris_final_kjochecked_CecilasImageCorrections.txt,Palustris,E_Ibera,2019,simple,69,C_18_56,C_18_56.wav,D:/Sporophila_vocalizations/E_Ibera/2019/Palustris,C_18_56.wav_1185,NANANA,C_18_56.wav,1,1,685.53045,685.6001093,685.49949,685.6484843,0.218691333,0.148995,0.06966,685.5594747,685.5594747,685.5672147,3904.666667,4392.766667,4134.333333,3387.933333,488.1,1205.866667,4220.5,1.301713724,-3.265588197,3531.433333,-89.03333333,5656.066667,0,0,136.8,1.461,3.965333333,1.239,3.023666667,0.218691588,4.120280743,0.564643335,4.076578981,1.242106724,1.341794272,0.897105411,-1.281508139,-1.294891248,0.135972583,0.082039229,-0.676002105,-0.746926759,0.838506056,-0.531523546,-0.209238119,0.106219059,1.788355712,1.178969063,2.038922335,2.352,6.161111111,4.753,3.577,-5.914351054,4.263,15.666,3.2787,15.666,16.67028037,7.377,0.332378761,-1.18717264,4.0983,-0.500975782,0.250592994,-0.570830451,-1.023550488,Palustris_E_Ibera,NA,-1.241171858,4680.722794,2128.5001,764.2199938,-727.208563,-239.8040414,-1013.109146,1370.102259,-852.2371507,-1140.234632,1173.332326,-637.884565,415.4367821,100.8103741,119.7568058,-449.5461089,-399.8330489,63.54416771,38.19432484,146.4234507,261.1818142,-26.9306121,-1.11E-11
C_18_59_B.wav_Palustris_simple_133,H:\Sporophila_vocalizations\M-F consolidated\converted_sound_files\C_18_59_B.wav,Palustris_final_kjochecked_CecilasImageCorrections.txt,Palustris,E_Ibera,2019,simple,133,C_18_59,C_18_59_B.wav,D:/Sporophila_vocalizations/E_Ibera/2019/Palustris,C_18_59_B.wav_1838,NANA,C_18_59_B.wav,1,1,1364.117177,1364.17813,1364.076542,1364.215862,0.2018695,0.13932,0.0609525,1364.157812,1364.157812,1364.149105,3962.1,4478.9,4220.5,3220,516.8,1162.8,4134.4,1.049521192,-3.280812518,3531.45,-44.55,5512.5,0,0,132,1.5645,4.0065,1.3145,3.278,0.201869159,4.261436631,0.637226432,4.233646694,1.770097509,1.770110646,0.918396667,-0.921344262,-0.738276815,0.141441169,0.077395108,-1.007764631,-0.905218345,0.846520417,-0.333815596,-0.014543183,0.160539203,2.189746695,0.721920945,2.038922335,2.499,3.868055556,4.41,4.557,0.433135328,4.263,144.659,3.04,144.659,145.1358318,6.56,-1.154578853,-1.48224153,3.52,-1.835077095,2.894536238,-1.543160953,-1.023367113,Palustris_E_Ibera,NA,-1.620717181,5616.481355,3747.639969,-825.5323914,-1166.10408,521.158543,980.0027151,914.9533963,-434.9850498,-1197.833288,952.7027703,-133.7336453,-530.1890991,-562.0305911,-255.6260934,281.8225939,-662.3712177,-89.37537645,-221.9861804,145.7361782,15.72061993,132.6977632,-9.57E-12
C_18_60_A.wav_Palustris_simple_137,H:\Sporophila_vocalizations\M-F consolidated\converted_sound_files\C_18_60_A.wav,Palustris_final_kjochecked_CecilasImageCorrections.txt,Palustris,E_Ibera,2019,simple,137,C_18_60,C_18_60_A.wav,D:/Sporophila_vocalizations/E_Ibera/2019/Palustris,C_18_60_A.wav_1908,NANANA,C_18_60_A.wav,1,1,1407.686519,1407.738764,1407.663299,1407.773594,0.166355,0.110295,0.052245,1407.700064,1407.700064,1407.713609,4019.5,4651.2,4335.366667,4173.333333,631.6333333,2095.9,4421.466667,1.890358236,-5.503563383,3244.3,-123.6666667,5426.4,138.5,0.666666667,128.3333333,2.390333333,4.374666667,1.801333333,3.612,0.16635514,4.368789561,3.965290882,4.370031991,1.460095793,2.98565314,4.62430627,-1.926298041,-1.917240739,0.108176429,0.065550073,-0.871858195,-0.657866055,0.88129859,14.60585487,1.469454448,0.306043691,2.303251972,0.569571572,2.975876427,3.136,3.253968254,4.655,3.577,2.720020366,4.459,17.654,1.92,17.654,18.26764486,8.24,0.332378761,-2.10516477,6.32,-1.489029127,1.556559434,-1.69529001,3.715028876,Palustris_E_Ibera,NA,0.241258081,10969.69926,182.9930192,476.0441359,2625.392929,-8133.020875,5316.17531,-7549.134098,-7671.215907,1837.260805,1350.276566,152.4083928,-390.5235698,1709.382145,214.8839318,261.710459,280.267114,-192.2555388,169.1902135,-280.40715,-79.14421442,339.4114415,9.15E-12
C_18_60_A.wav_Palustris_simple_138,H:\Sporophila_vocalizations\M-F consolidated\converted_sound_files\C_18_60_A.wav,Palustris_final_kjochecked_CecilasImageCorrections.txt,Palustris,E_Ibera,2019,simple,138,C_18_60,C_18_60_A.wav,D:/Sporophila_vocalizations/E_Ibera/2019/Palustris,C_18_60_A.wav_1911,NANANA,C_18_60_A.wav,1,1,1419.219097,1419.292627,1419.192007,1419.342937,0.233644667,0.15093,0.07353,1419.238447,1419.238447,1419.255862,3847.266667,4507.6,4191.766667,3493.333333,660.3666667,1234.566667,4335.333333,1.638068069,-2.641391036,3301.733333,-34.63333333,5254.1,0,0,132.5666667,1.449,4.084,1.265333333,3.368666667,0.23364486,4.088716346,0.925386586,4.06113462,1.079916553,1.410962783,1.39937475,-1.100478502,-1.201454067,0.145882388,0.090251444,-1.038953617,-0.888896927,0.855252191,-0.481330758,0.183083302,0.161394425,1.404455996,-0.649223409,1.726604304,2.744,4.816498316,4.655,3.185,-5.96695253,4.361,29.146,2.36,29.146,30.00728037,6.52,0.332378761,-0.924889162,4.16,-0.862672614,1.028094584,-1.475013255,-0.549710889,Palustris_E_Ibera,NA,-1.434315502,4669.844045,2220.745612,-150.1966805,404.8241036,-487.1119497,280.4708166,1903.479532,-485.4642083,-1107.416444,20.61548499,-204.1162267,94.8935245,413.5969296,-620.9179199,-205.7030023,-86.55421808,-8.402334582,151.5293965,221.0235138,187.7603999,-83.81218484,-1.66E-11
C_18_60_A.wav_Palustris_simple_140,H:\Sporophila_vocalizations\M-F consolidated\converted_sound_files\C_18_60_A.wav,Palustris_final_kjochecked_CecilasImageCorrections.txt,Palustris,E_Ibera,2019,simple,140,C_18_60,C_18_60_A.wav,D:/Sporophila_vocalizations/E_Ibera/2019/Palustris,C_18_60_A.wav_1916,NANANANA,C_18_60_A.wav,1,1,1430.851327,1430.916633,1430.826655,1430.976134,0.22359825,0.14947875,0.06530625,1430.862937,1430.862937,1430.877449,4005.175,4586.575,4371.225,3030,581.4,1292,4500.425,2.121632359,-2.652809276,3316.1,-48.25,5490.975,44.525,0.25,128.375,1.6,4.15125,1.30975,3.09625,0.223598131,4.178692716,1.185549947,4.152679118,1.338129308,1.62599081,1.423882035,-1.485094439,-1.480384856,0.13575447,0.085191209,-1.372505038,-1.012756114,0.887658065,-0.533483807,0.936279577,0.303743397,1.675615545,0.264872827,2.038922335,2.646,7.3125,4.851,3.528,-5.867384904,4.4835,40.64,2.72,40.64,41.75086916,6.36,1.819336374,-1.101110867,3.64,-0.231375597,0.833376753,-1.552157352,0.082197493,Palustris_E_Ibera,NA,-0.959732768,5478.374305,1779.874232,1596.084077,602.6567162,-986.6860671,117.3359888,2351.732652,-186.1015197,-270.6177847,265.3487084,-151.6097182,145.4061009,322.0046583,-374.0329684,-90.54867455,251.7073967,-77.69788326,213.9300109,192.293879,161.9901417,-504.6346368,-2.34E-11
C_18_60_A.wav_Palustris_simple_141,H:\Sporophila_vocalizations\M-F consolidated\converted_sound_files\C_18_60_A.wav,Palustris_final_kjochecked_CecilasImageCorrections.txt,Palustris,E_Ibera,2019,simple,141,C_18_60,C_18_60_A.wav,D:/Sporophila_vocalizations/E_Ibera/2019/Palustris,C_18_60_A.wav_1920,NANANA,C_18_60_A.wav,1,1,1437.95373,1437.9963,1437.932445,1438.052415,0.272897333,0.11997,0.04257,1437.959535,1437.959535,1437.97308,4076.933333,4536.3,4335.333333,3906.666667,459.3666667,1378.133333,4478.9,2.058584226,-2.930653135,3129.466667,-93.96666667,5569.933333,24.73333333,0.666666667,128.7333333,1.851,3.949,1.33,3.406,0.272897196,4.192427311,3.959771267,4.137218018,0.56694829,1.631052835,2.991294091,-2.087393059,-1.889424858,0.12680192,0.083670198,-0.891269036,-0.70558929,0.891192262,-0.193906203,1.033410568,0.355566771,0.985315094,-0.039825918,3.288194458,3.528,10.59166667,5.733,3.283,-8.953197978,4.557,47.757,2.56,47.757,49.17827103,8.72,0.332378761,-0.236395063,6.16,0.553738902,-0.65749001,0.653489103,0.398151684,Palustris_E_Ibera,NA,-0.837761049,6421.424494,103.6880134,292.9100482,2681.246286,-2120.42275,-1835.647589,867.5199762,281.118526,-1743.840873,266.4335697,-588.7901038,1291.389012,128.9626784,1157.779359,-33.68421164,577.358115,138.6104384,128.8016526,-700.2819438,-400.6813685,-125.5458849,-6.61E-12
C_18_61.wav_Palustris_simple_152,H:\Sporophila_vocalizations\M-F consolidated\converted_sound_files\C_18_61.wav,Palustris_final_kjochecked_CecilasImageCorrections.txt,Palustris,E_Ibera,2019,simple,152,C_18_61,C_18_61.wav,D:/Sporophila_vocalizations/E_Ibera/2019/Palustris,C_18_61.wav_1971,NANANA,C_18_61.wav,1,1,1520.899278,1520.957328,1520.866383,1520.994093,0.188785,0.12771,0.05805,1520.936043,1520.936043,1520.924433,4048.233333,4507.6,4306.633333,3000,459.4,1004.9,4220.5,1.301713724,-3.265588197,3646.266667,-59.33333333,5598.6,4.933333333,0.333333333,90.8,1.593,3.639,1.281666667,3.404666667,0.188785047,4.332297093,1.359092082,4.278872364,1.888886226,1.900422645,1.009234394,-1.283812103,-1.094168671,0.133012008,0.075431877,-1.005485254,-0.90388422,0.865942922,0.006575661,0.452351077,0.306255176,2.138494792,1.483667808,2.351240366,2.45,4.833333333,5.733,3.871,-9.03123433,4.361,11.234,3.28,11.234,12.17028037,7.44,0.332378761,-1.711739567,4.16,-0.672971477,0.582119708,-0.466292328,-0.391642106,Palustris_E_Ibera,NA,-0.194719054,5798.970143,1805.766881,1487.520844,-478.9419038,-489.1633966,-355.2413812,591.0099983,-441.0151378,-983.2175572,1063.428424,-319.3854564,-290.3593536,-225.7280884,640.5717326,-556.5170586,-661.0658952,169.0994179,-187.4650047,83.33031573,-99.22121472,-113.4407305,6.65E-12
C_18_61.wav_Palustris_simple_153,H:\Sporophila_vocalizations\M-F consolidated\converted_sound_files\C_18_61.wav,Palustris_final_kjochecked_CecilasImageCorrections.txt,Palustris,E_Ibera,2019,simple,153,C_18_61,C_18_61.wav,D:/Sporophila_vocalizations/E_Ibera/2019/Palustris,C_18_61.wav_1974,NANANANA,C_18_61.wav,1,1,1527.039989,1527.098039,1527.012415,1527.141576,0.179439,0.12916125,0.05805,1527.042891,1527.042891,1527.066111,4091.3,4478.925,4285.1,2220,387.6,904.4,4478.9,2.058584226,-1.442475757,3789.825,-29.65,5124.9,14.825,0.5,89.025,1.50525,3.35775,1.28175,3.3125,0.179439252,4.296282747,0.336747892,4.281042034,2.028263349,1.764847716,0.384634543,-1.741185918,-1.521856111,0.120792565,0.070982765,-0.91759897,-0.796362734,0.848550593,0.553142567,0.06590256,0.302373659,1.99666213,1.864541239,1.68756455,1.911,9.556944444,3.7485,4.116,2.068045886,4.41,17.263,3.2,17.263,18.47988785,6.56,1.819336374,-1.875666735,3.36,0.036782619,0.454502282,-0.645200663,-0.549527514,Palustris_E_Ibera,NA,-0.374598349,4781.936871,1577.746227,2687.971127,-1413.899974,-845.9235817,-806.6162015,992.0607059,-1018.630303,488.1340907,-241.4300914,-618.0479216,-508.0847722,-28.42410385,185.0328608,-117.8776645,238.8632977,-46.28964586,89.93682567,211.0486521,95.02499658,-270.7700276,-1.32E-12
C_18_64_A.wav_Palustris_simple_283,H:\Sporophila_vocalizations\M-F consolidated\converted_sound_files\C_18_64_A.wav,Palustris_final_kjochecked_CecilasImageCorrections.txt,Palustris,E_Ibera,2019,simple,283,C_18_64,C_18_64_A.wav,D:/Sporophila_vocalizations/E_Ibera/2019/Palustris,C_18_64_A.wav_3088,faintfaintfaint,C_18_64_A.wav,1,1,2024.39884,2024.45302,2024.36401,2024.514939,0.193458,0.15093,0.05418,2024.427865,2024.427865,2024.42593,3990.833333,4478.9,4191.8,2152.4,488.0666667,1177.166667,4220.5,1.301713724,-1.758380418,3588.866667,-49.43333333,4909.566667,29.66666667,3.666666667,82.6,2.488,3.912333333,1.614,3.560666667,0.193457944,4.155793126,1.469782634,4.167656054,1.41906242,1.533450809,1.026175425,-1.645528427,-1.529345516,0.130404727,0.080730995,-1.027626435,-0.846539205,0.925654341,0.10024966,1.849100709,0.615421781,1.277919282,0.569571572,1.101968242,1.96,22.85357143,4.067,3.381,-3.143530299,4.361,64.581,2.9143,64.581,65.53688785,5.5429,0.332378761,-1.629775981,2.6286,-0.623377334,0.508883401,-0.439393104,-0.391642106,Palustris_E_Ibera,NA,-0.827183177,4656.190983,2120.915962,932.4734354,841.5148969,-701.9938945,-880.0307389,396.8271738,211.1059833,374.3455859,31.58283971,80.78879245,-656.8028399,404.5181915,31.60297495,-287.100042,-246.1900906,204.3133056,-157.9576165,-17.36473513,-185.4950219,-129.0180605,1.20E-11
C_18_64_A.wav_Palustris_simple_284,H:\Sporophila_vocalizations\M-F consolidated\converted_sound_files\C_18_64_A.wav,Palustris_final_kjochecked_CecilasImageCorrections.txt,Palustris,E_Ibera,2019,simple,284,C_18_64,C_18_64_A.wav,D:/Sporophila_vocalizations/E_Ibera/2019/Palustris,C_18_64_A.wav_3091,faintfaintfaint,C_18_64_A.wav,1,1,2044.217071,2044.290601,2044.182241,2044.344781,0.198130667,0.16254,0.07353,2044.244161,2044.244161,2044.261576,3847.266667,4507.6,4134.366667,2710.633333,660.3666667,1636.533333,4306.633333,1.554003891,-2.321680295,3330.466667,-84.1,5053.133333,64.26666667,4,80.86666667,3.080333333,4.288666667,1.961,4.231333333,0.198130841,4.101377352,3.209909741,4.071595089,0.703113146,1.820292182,3.19646535,-1.088478096,-1.559363594,0.143552891,0.094424536,-0.68522519,-0.529447737,0.951404366,-0.090836429,2.442415074,0.715372445,0.704979348,-0.039825918,1.414286273,2.352,25.83703704,3.773,3.675,-0.260327699,4.459,84.405,2.6923,84.405,85.35808411,6.3187,0.332378761,-1.547812396,3.6264,-0.630468965,0.508883401,-0.52036067,0.871991283,Palustris_E_Ibera,NA,-0.670154913,5676.960372,1167.018882,138.2733017,2723.137915,-2033.855005,-155.5193909,306.0321719,1523.923151,-262.1070097,606.3515561,-566.3074695,-499.3520482,584.7046447,103.7260905,-72.03681103,202.1768058,704.0623073,274.2401369,-80.36661342,-168.7902179,-57.51756046,-3.93E-12
C_18_64_B.wav_Palustris_simple_195,H:\Sporophila_vocalizations\M-F consolidated\converted_sound_files\C_18_64_B.wav,Palustris_final_kjochecked_CecilasImageCorrections.txt,Palustris,E_Ibera,2019,simple,195,C_18_64,C_18_64_B.wav,D:/Sporophila_vocalizations/E_Ibera/2019/Palustris,C_18_64_B.wav_2214,NANANA,C_18_64_B.wav,1,1,2136.74085,2136.7989,2136.719565,2136.85695,0.213084,0.137385,0.05805,2136.74085,2136.74085,2136.76407,4076.933333,4565.033333,4392.766667,2826.666667,488.1,1148.433333,4565.033333,2.310874394,-1.590912887,3502.733333,-34.63333333,5254.1,54.4,0.333333333,104.6,1.466666667,3.818,1.28,2.958666667,0.213084112,4.194139335,0.979849204,4.163909642,1.36775802,1.661288827,1.453623821,-1.626717772,-1.524561468,0.131277993,0.081517343,-1.645747309,-1.103147725,0.87455982,-0.334013508,0.63890434,0.258810136,1.853147045,1.483667808,2.351240366,2.45,6.016666667,5.047,3.675,-5.52800967,4.459,10.483,3.12,10.483,11.47592523,7.16,0.332378761,-1.285528929,4.04,-0.529696885,0.463248648,-0.544515996,-0.233756698,Palustris_E_Ibera,NA,-0.656714199,5531.238474,1869.074752,1601.720073,-130.8963814,-51.64083534,-638.8775067,678.8547727,175.7610777,-315.6266186,-248.9330883,-720.2606516,315.5504064,96.17981314,377.7959522,-287.0903733,515.7183147,-468.9105562,325.7165915,-52.64671316,111.5501791,-16.40010614,1.31E-11
C_18_64_B.wav_Palustris_simple_196,H:\Sporophila_vocalizations\M-F consolidated\converted_sound_files\C_18_64_B.wav,Palustris_final_kjochecked_CecilasImageCorrections.txt,Palustris,E_Ibera,2019,simple,196,C_18_64,C_18_64_B.wav,D:/Sporophila_vocalizations/E_Ibera/2019/Palustris,C_18_64_B.wav_2217,NANANA,C_18_64_B.wav,1,1,2144.56791,2144.639505,2144.54856,2144.68401,0.203855,0.13545,0.071595,2144.562105,2144.562105,2144.59887,4019.533333,4622.466667,4364.033333,2577.866667,602.9333333,1177.133333,4679.866667,2.647228738,-2.276007332,3560.133333,-24.73333333,5139.266667,0,0,103.5666667,1.522333333,3.959666667,1.28,3.292666667,0.203855085,4.2549029,0.881182708,4.236569448,1.661789069,1.830327024,1.289358114,-1.621099563,-1.626198302,0.131725879,0.083811792,-1.728611032,-1.111932262,0.892016447,-0.131079113,1.054724013,0.333544778,1.807234703,0.874270317,1.882763319,2.352,10.61868687,4.753,3.773,-4.983119486,4.263,18.28,3.08,18.28,19.30586432,6.3736,0.332378761,-1.447407978,3.2936,-0.446382455,0.268514691,-0.252717882,-0.391642106,Palustris_E_Ibera,NA,-0.729799502,5765.163775,1908.267254,1635.072837,274.6143733,-82.53466622,-988.7299984,646.5538303,-195.9813425,-422.2557263,-170.5485246,-200.7837319,15.69119301,176.2605626,-346.8440123,-672.2002989,374.9566399,-70.48241496,289.8469882,80.98516141,90.76218973,57.17684794,4.43E-12
C_18_64_B.wav_Palustris_simple_201,H:\Sporophila_vocalizations\M-F consolidated\converted_sound_files\C_18_64_B.wav,Palustris_final_kjochecked_CecilasImageCorrections.txt,Palustris,E_Ibera,2019,simple,201,C_18_64,C_18_64_B.wav,D:/Sporophila_vocalizations/E_Ibera/2019/Palustris,C_18_64_B.wav_2234,NANANA,C_18_64_B.wav,1,1,2185.806549,2185.887819,2185.785264,2185.928454,0.203738333,0.14319,0.08127,2185.806549,2185.806549,2185.847184,3990.8,4679.866667,4306.633333,3280,689.0666667,1263.266667,4766,2.899518906,-2.519596468,3588.866667,-24.73333333,5340.233333,4.933333333,0.333333333,104.4333333,1.487,3.934666667,1.27,3.885333333,0.203738318,4.287897059,1.174714982,4.239769339,1.66474208,1.926166391,1.526326079,-1.290539058,-1.588983378,0.138087649,0.089497433,-1.144436385,-0.945746009,0.850820643,-0.180054536,0.091260484,0.188380093,2.21857443,1.483667808,2.975876427,2.842,7.767094017,5.439,3.675,-8.329157397,4.361,59.542,3.2,59.542,60.51729907,7.44,0.332378761,-1.449456095,4.24,-0.574279607,0.453256129,-0.494406069,0.082197493,Palustris_E_Ibera,NA,-0.17782367,6401.38919,1406.462173,1735.438664,-695.9074464,-535.8845221,-391.1486127,676.7145186,-21.25433315,-1162.438229,102.4093735,-486.7399129,398.7549157,-142.7836809,471.6131507,-499.7921763,483.7270306,-103.7919006,590.5907198,178.3430162,377.3759384,148.425376,5.60E-12
C_18_64_B.wav_Palustris_simple_202,H:\Sporophila_vocalizations\M-F consolidated\converted_sound_files\C_18_64_B.wav,Palustris_final_kjochecked_CecilasImageCorrections.txt,Palustris,E_Ibera,2019,simple,202,C_18_64,C_18_64_B.wav,D:/Sporophila_vocalizations/E_Ibera/2019/Palustris,C_18_64_B.wav_2237,NANANA,C_18_64_B.wav,1,1,2191.479958,2191.543813,2191.452868,2191.584448,0.194392667,0.13158,0.063855,2191.495438,2191.495438,2191.512853,4019.533333,4536.333333,4277.9,2266.666667,516.8,1062.3,4392.766667,1.806294059,-2.687063999,3617.566667,-29.66666667,5311.533333,0,0,102.7333333,1.423,3.807666667,1.261,2.749,0.194392524,4.258510067,0.403963557,4.232878183,1.768431925,1.818771422,1.045093039,-1.516235979,-1.40390197,0.125825213,0.073872392,-1.850079233,-1.141573225,0.886977602,-0.187272462,0.934973881,0.273173171,1.643572373,1.788366553,1.882763319,2.058,7.740740741,4.851,3.675,-6.084469129,4.361,65.212,3.32,65.212,66.16747664,6.4,0.332378761,-1.613383261,3.08,-0.62441744,0.468264945,-0.454866909,-0.549527514,Palustris_E_Ibera,NA,-0.574669038,5447.342207,2385.485354,1965.628927,-213.7552344,242.6671155,-685.0347247,506.0638807,-291.3463707,-258.9312217,690.1488885,-522.8119096,24.65027212,-24.89398879,-38.48773311,-761.2055688,73.49129622,-125.6667518,-210.3854731,273.6751445,-49.63205466,27.40048306,-3.13E-12
C_18_64_B.wav_Palustris_simple_203,H:\Sporophila_vocalizations\M-F consolidated\converted_sound_files\C_18_64_B.wav,Palustris_final_kjochecked_CecilasImageCorrections.txt,Palustris,E_Ibera,2019,simple,203,C_18_64,C_18_64_B.wav,D:/Sporophila_vocalizations/E_Ibera/2019/Palustris,C_18_64_B.wav_2240,NANANA,C_18_64_B.wav,1,1,2198.19633,2198.260185,2198.16537,2198.302755,0.211215,0.137385,0.063855,2198.22342,2198.22342,2198.225355,3933.4,4421.5,4191.766667,2946.666667,488.0666667,1177.133333,4191.8,1.217649547,-2.717512641,3474.033333,-49.46666667,5368.933333,0,0,104.2,1.452333333,3.830333333,1.264666667,2.925333333,0.211214953,4.146380165,0.766368774,4.1132106,1.225819947,1.507837309,1.35080066,-1.144411547,-0.990732339,0.140893381,0.081433993,-1.390674541,-1.04621263,0.860392888,-0.119966359,0.317175029,0.205949899,1.711003608,0.569571572,2.038922335,2.548,4.5,4.557,3.577,-5.381636187,4.263,71.925,2.92,71.925,72.91974766,6.68,0.332378761,-1.318314376,3.76,-0.525087327,0.539928297,-0.508755314,-0.07587129,Palustris_E_Ibera,NA,-0.690594111,4842.899376,1738.766923,1150.472419,274.9789526,-223.5934508,-74.86277712,793.2146583,-501.681477,-1153.652289,645.4003847,-473.5015731,-17.57945569,162.7778105,-10.2081428,-234.7309196,-242.9136416,-307.8226131,-42.29790684,139.1873158,103.9515547,-69.02684098,-8.98E-12
C_18_64_B.wav_Palustris_simple_204,H:\Sporophila_vocalizations\M-F consolidated\converted_sound_files\C_18_64_B.wav,Palustris_final_kjochecked_CecilasImageCorrections.txt,Palustris,E_Ibera,2019,simple,204,C_18_64,C_18_64_B.wav,D:/Sporophila_vocalizations/E_Ibera/2019/Palustris,C_18_64_B.wav_2243,NANANA,C_18_64_B.wav,1,1,2206.708379,2206.770298,2206.681289,2206.812868,0.205607667,0.13158,0.06192,2206.719989,2206.719989,2206.731599,4019.5,4536.3,4306.633333,2773.333333,516.8,1062.3,4478.9,2.058584226,-2.626166715,3531.433333,-29.66666667,5311.533333,0,0,107.9333333,1.424,3.717,1.269,2.742333333,0.205607476,4.186152471,0.53094331,4.18367575,1.457975493,1.606456718,1.132778286,-1.524047041,-1.364187331,0.131821267,0.079146901,-1.41342572,-1.041423864,0.856355218,-0.275896601,0.216401022,0.19535044,1.701669995,0.874270317,1.726604304,2.254,6.916666667,5.145,3.675,-6.160966353,4.459,80.379,2.92,80.379,81.45251402,6.4,0.332378761,-1.416670671,3.48,-0.325859766,0.064746276,-0.048679618,-0.07587129,Palustris_E_Ibera,NA,-0.316431,4928.771549,1631.484352,1876.44812,-81.50596138,-216.1488906,-786.1549262,539.1271561,-369.1317465,-1187.580944,229.9166461,-367.8998019,204.4686715,94.37681185,-331.4285961,-629.3864104,60.03021574,29.86514413,130.4527763,38.33578294,135.7143737,41.39362773,-9.54E-12
C_18_64_B.wav_Palustris_simple_205,H:\Sporophila_vocalizations\M-F consolidated\converted_sound_files\C_18_64_B.wav,Palustris_final_kjochecked_CecilasImageCorrections.txt,Palustris,E_Ibera,2019,simple,205,C_18_64,C_18_64_B.wav,D:/Sporophila_vocalizations/E_Ibera/2019/Palustris,C_18_64_B.wav_2246,NANANA,C_18_64_B.wav,1,1,2214.012989,2214.082649,2213.993639,2214.132959,0.221495333,0.13932,0.06966,2214.020729,2214.020729,2214.047819,4019.5,4593.733333,4364.033333,4026.666667,574.2333333,1148.433333,4622.466667,2.479100384,-2.276007332,3560.133333,-34.6,5340.233333,4.933333333,0.333333333,108.7,1.608,3.875666667,1.266666667,4.553,0.221495327,4.238163754,1.338514598,4.207166329,1.520663022,1.780465274,1.447463492,-1.388681052,-1.374893073,0.136726281,0.08424642,-0.951603991,-0.91422071,0.839647972,-0.342290995,-0.175102628,0.162631477,1.509862795,-0.344524664,2.351240366,3.038,8.203703704,3.969,4.067,-0.817159602,4.263,87.782,2.44,87.782,88.75176636,7.92,0.332378761,-1.137994478,5.48,-0.588273761,0.75478578,-0.777432696,-0.07587129,Palustris_E_Ibera,NA,-0.663567367,5395.675884,1491.266042,629.9692847,45.64538144,-803.078479,-80.21126723,1382.465192,-265.1261314,-1585.682774,-636.4483947,-148.9581022,101.9864542,118.6179491,-170.8545792,-236.7398293,420.4081302,136.7783541,207.1748694,134.1385974,150.6195758,48.85753834,-3.68E-12
C_18_64_B.wav_Palustris_simple_206,H:\Sporophila_vocalizations\M-F consolidated\converted_sound_files\C_18_64_B.wav,Palustris_final_kjochecked_CecilasImageCorrections.txt,Palustris,E_Ibera,2019,simple,206,C_18_64,C_18_64_B.wav,D:/Sporophila_vocalizations/E_Ibera/2019/Palustris,C_18_64_B.wav_2249,NANANA,C_18_64_B.wav,1,1,2220.253352,2220.311402,2220.224327,2220.350102,0.201869333,0.125775,0.05805,2220.264962,2220.264962,2220.282377,3904.666667,4450.2,4191.8,3146.666667,545.5,1148.466667,4392.766667,1.806294059,-3.326485481,3445.3,-59.33333333,5512.5,0,0,106.3333333,1.527333333,3.826333333,1.273333333,3.598,0.201869159,4.144134913,1.160272893,4.092953935,1.224578052,1.396728435,1.071680249,-1.455557402,-1.308688127,0.127741456,0.074058767,-1.015435336,-0.906513038,0.845902254,-0.235731732,-0.025734048,0.210857088,1.295627592,0.874270317,2.819717412,2.94,8.09017094,4.459,3.577,-4.528859826,4.263,93.924,3.08,93.924,94.97847664,6.92,0.332378761,-1.482241525,3.84,-0.37401194,0.029110861,-0.086329541,-0.391642106,Palustris_E_Ibera,NA,-0.635936282,5210.742232,1698.709931,1256.914037,18.12414681,-625.0324372,-930.2595748,964.9213178,-769.10802,-1729.473926,884.2424182,-274.9288968,360.5332233,39.58478656,667.9956339,-661.1875546,305.3371696,71.51826049,-12.56265477,160.1591376,153.7471919,116.4435253,1.07E-11
C_18_64_B.wav_Palustris_simple_207,H:\Sporophila_vocalizations\M-F consolidated\converted_sound_files\C_18_64_B.wav,Palustris_final_kjochecked_CecilasImageCorrections.txt,Palustris,E_Ibera,2019,simple,207,C_18_64,C_18_64_B.wav,D:/Sporophila_vocalizations/E_Ibera/2019/Palustris,C_18_64_B.wav_2252,NANANA,C_18_64_B.wav,1,1,2226.48791,2226.563375,2226.47243,2226.609815,0.2,0.137385,0.075465,2226.48404,2226.48404,2226.516935,4019.533333,4679.866667,4450.2,3733.333333,660.3666667,1205.9,4737.333333,2.815552364,-3.265588197,3531.433333,-69.26666667,5541.2,0,0,105.8,1.507666667,3.924666667,1.275666667,3.700666667,0.2,4.320603696,1.872811514,4.27468494,1.679905007,1.983053026,1.639948583,-1.536796816,-1.631187919,0.133599587,0.085776154,-0.904666652,-0.863376401,0.851450578,-0.274125193,0.102486084,0.224263865,1.944846791,0.874270317,3.756671504,3.528,5.180555556,6.811,3.675,-15.23358962,4.459,100.247,3.04,100.247,101.1838879,7.92,0.332378761,-1.515026972,4.88,-0.671434956,0.608964798,-0.625303625,-0.07587129,Palustris_E_Ibera,NA,-0.324149629,6965.304804,1575.115908,1164.406115,-273.8647792,-1099.248869,-399.0942772,1204.524571,-175.8782941,-1812.24379,312.2454662,-165.435868,377.7221141,-207.7911149,914.7781093,-597.7625517,541.1038837,-4.423439986,283.9531797,190.3771764,334.2365289,127.496051,-7.06E-12
C_18_64_B.wav_Palustris_simple_287,H:\Sporophila_vocalizations\M-F consolidated\converted_sound_files\C_18_64_B.wav,Palustris_final_kjochecked_CecilasImageCorrections.txt,Palustris,E_Ibera,2019,simple,287,C_18_64,C_18_64_B.wav,D:/Sporophila_vocalizations/E_Ibera/2019/Palustris,C_18_64_B.wav_3107,faintfaintNA,C_18_64_B.wav,1,1,2126.65565,2126.70983,2126.63243,2126.75627,0.208878333,0.12384,0.05418,2126.661455,2126.661455,2126.676935,4134.4,4593.733333,4392.766667,4578.733333,459.3666667,1119.733333,4536.3,2.226712581,-2.504372147,3502.733333,-183,5455.066667,158.2666667,0.666666667,103.9,1.672,3.843666667,1.309,3.356,0.208878505,4.198358221,2.746317458,4.197057186,1.437279286,1.748953321,1.53567992,-1.639593752,-1.492475512,0.128073015,0.07772942,-0.474255869,-0.716052494,0.840965197,-0.11901603,-0.136193016,0.262657241,1.371066675,-2.782114625,2.351240366,3.822,11.45695612,4.263,2.107,-11.25318685,4.557,0.369,1.4286,0.369,1.402542056,7.4725,0.332378761,-1.359296157,6.0439,-0.426962788,0.328034562,-0.288298632,-0.233756698,Palustris_E_Ibera,NA,0.068399459,5228.716338,772.4697053,-155.8366585,1446.018845,-2075.199995,-334.3877705,1632.768241,-493.9691895,-2765.232172,-1650.398306,665.225611,-636.2111556,62.13611157,-20.81934181,-694.5086979,-295.1094309,515.2128916,187.1999813,-51.22693744,-56.22165736,-54.62270505,1.31E-11
C_18_67.wav_Palustris_simple_220,H:\Sporophila_vocalizations\M-F consolidated\converted_sound_files\C_18_67.wav,Palustris_final_kjochecked_CecilasImageCorrections.txt,Palustris,E_Ibera,2019,simple,220,C_18_67,C_18_67.wav,D:/Sporophila_vocalizations/E_Ibera/2019/Palustris,C_18_67.wav_2626,NANA,C_18_67.wav,1,1,2534.228742,2534.292597,2534.202619,2534.327427,0.2439255,0.1248075,0.063855,2534.237449,2534.237449,2534.263572,4091.3,4651.15,4349.7,2677.7,559.9,1248.95,4608.1,2.437019477,-2.846919369,3359.15,-37.1,5469.45,0,0,119.15,1.5755,4.1105,1.2905,2.388,0.243925234,4.189946306,0.834249782,4.17481219,1.566871515,1.546228586,0.760602573,-1.470123825,-1.469200581,0.125647927,0.074881468,-1.135718368,-0.952612737,0.884810172,-0.445711342,0.873705716,0.313906576,0.893869894,-0.192175291,1.570445289,2.499,10.13194444,3.822,3.234,-2.261403847,4.41,90.781,2.7014,90.781,91.33358878,5.5924,-1.154578853,-0.744569284,2.891,-1.643461218,3.889578748,-1.623588734,-1.023367113,Palustris_E_Ibera,NA,-1.90685548,5516.029015,4327.929159,-1340.178353,-176.498082,193.3266062,834.3378826,1276.590858,-37.36768837,-509.8055558,-122.5605731,910.6740909,9.680852842,-1102.694505,-1103.074816,466.6657587,728.7442065,467.8705845,-240.2890097,168.3097887,-14.43288741,204.9893923,-2.12E-11
C_18_67.wav_Palustris_simple_222,H:\Sporophila_vocalizations\M-F consolidated\converted_sound_files\C_18_67.wav,Palustris_final_kjochecked_CecilasImageCorrections.txt,Palustris,E_Ibera,2019,simple,222,C_18_67,C_18_67.wav,D:/Sporophila_vocalizations/E_Ibera/2019/Palustris,C_18_67.wav_2629,NANANA,C_18_67.wav,1,1,2540.893836,2540.936406,2540.870616,2540.975106,0.181308333,0.10449,0.04257,2540.920926,2540.920926,2540.917056,4048.233333,4478.9,4220.5,2243.3,430.6666667,1091.033333,4191.766667,1.217551911,-2.763185604,3588.833333,-39.6,5167.966667,4.933333333,0.333333333,117.6333333,1.545,3.831666667,1.299333333,2.346666667,0.181308411,4.230096566,0.494472279,4.194499958,1.667013516,1.599983635,0.694982898,-1.882707739,-1.474222167,0.109408167,0.058732941,-1.430408077,-1.009925684,0.885034586,-0.244930256,0.887851664,0.292916472,1.761665798,1.178969063,1.570445289,2.058,8.791534392,5.439,3.675,-9.58630114,4.361,96.855,3.0332,96.855,98.24865421,5.782,0.332378761,-1.842881298,2.7488,0.483886335,-0.952790133,1.84303759,-0.391642106,Palustris_E_Ibera,NA,-1.7905878,4663.831517,1489.105265,2082.199234,482.3352747,256.9436347,-3208.621926,47.78065819,-964.6420363,-1112.546313,1043.439813,-331.1042332,-350.7415825,698.0502981,-308.3776535,97.23148226,-132.6633881,-243.7702822,-285.4897161,43.71531368,-192.4490504,37.99829614,1.76E-12
C_18_68.wav_Palustris_simple_226,H:\Sporophila_vocalizations\M-F consolidated\converted_sound_files\C_18_68.wav,Palustris_final_kjochecked_CecilasImageCorrections.txt,Palustris,E_Ibera,2019,simple,226,C_18_68,C_18_68.wav,D:/Sporophila_vocalizations/E_Ibera/2019/Palustris,C_18_68.wav_2674,NANANANA,C_18_68.wav,1,1,2656.190102,2656.223481,2656.165431,2656.252506,0.1556075,0.087075,0.03337875,2656.206066,2656.206066,2656.206066,4651.175,4952.625,4780.375,1828.075,301.45,818.275,4737.3,2.815454728,-1.373966313,4198.975,-114.975,5426.375,111.275,4.5,116.225,1.94575,3.05325,1.33875,2.96,0.155607476,4.78914472,0.667112784,4.734359736,3.770157562,3.13186243,0.338171166,-2.466741824,-2.136056559,0.091308833,0.052657976,-0.451487087,-0.531369665,0.84676965,10.02152429,0.377480617,0.423952405,3.749182445,3.007161534,1.804683812,1.617,15.00694444,4.9245,4.41,-4.511959524,4.9245,102.145,2.7488,102.145,103.1771963,6.3981,1.819336374,-2.293681011,3.6493,-0.43036677,1.809272672,-0.931945794,0.555853717,Palustris_E_Ibera,NA,1.665576373,8138.836817,567.5760436,3562.052355,-2857.633749,-4522.78428,2061.753058,-4838.525865,-5853.369094,3671.914045,-1464.630993,433.8515798,-1480.762784,-563.2998847,238.9128796,-25.50600852,-213.7290382,-354.9967456,-154.9150989,155.7834299,129.8384808,-154.1209751,-1.19E-11
C_18_69_B.wav_Palustris_simple_228,H:\Sporophila_vocalizations\M-F consolidated\converted_sound_files\C_18_69_B.wav,Palustris_final_kjochecked_CecilasImageCorrections.txt,Palustris,E_Ibera,2019,simple,228,C_18_69,C_18_69_B.wav,D:/Sporophila_vocalizations/E_Ibera/2019/Palustris,C_18_69_B.wav_2695,NANANA,C_18_69_B.wav,1,1,2815.440775,2815.498825,2815.41175,2815.539459,0.227103,0.12771,0.05805,2815.471735,2815.471735,2815.4698,3789.8,4220.466667,4019.533333,2448.633333,430.6666667,976.1666667,4019.5,0.712971577,-2.70228832,3215.633333,-143.4666667,5196.666667,113.7333333,3,106.7,1.900333333,3.758,1.310333333,3.932666667,0.227102804,3.984814764,0.881325001,3.957005035,0.698300343,0.949545369,0.999114936,-1.181810599,-0.985032609,0.137547993,0.077985051,-1.386789445,-1.020896105,0.895590788,-0.450116505,1.124729106,0.378351252,0.378586474,0.264872827,1.258127258,2.156,12.38148148,3.087,3.185,0.52959596,4.165,18.865,2.9384,18.865,19.86517757,5.8768,0.332378761,-1.039638171,2.9384,-0.511353198,0.630710443,-0.712028896,-0.233756698,Palustris_E_Ibera,NA,-0.436962411,3528.988014,2137.704866,881.7343837,1257.322467,-306.1691249,16.66854985,948.3933956,-58.45891145,-602.2299383,873.9189381,-1.551939808,139.6787435,-2.538063543,-10.21386778,-599.7424202,-67.54335249,209.0503728,-444.705432,137.9500596,-134.1452506,-83.23540708,1.22E-12
C_18_69_B.wav_Palustris_simple_301,H:\Sporophila_vocalizations\M-F consolidated\converted_sound_files\C_18_69_B.wav,Palustris_final_kjochecked_CecilasImageCorrections.txt,Palustris,E_Ibera,2019,simple,301,C_18_69,C_18_69_B.wav,D:/Sporophila_vocalizations/E_Ibera/2019/Palustris,C_18_69_B.wav_3283,NANA,C_18_69_B.wav,1,1,2800.317812,2800.480352,2800.285885,2800.520987,0.3630255,0.235102,0.1625395,2800.335227,2800.335227,2800.367155,3746.75,4091.3,3919.05,3320.4,344.55,904.4,3919.05,0.418746956,-0.997164368,3186.9,-192.9,4909.55,170.65,4,108.45,1.935,3.5165,1.2915,3.727,0.363025821,4.027962562,1.861558517,3.977283612,0.705584547,1.173351799,1.551705641,1.199625658,-0.203277698,0.239074047,0.165307991,-0.778844066,-0.772026234,0.873595868,1.118314338,0.681408583,0.328260225,0.18020623,-1.106271527,1.804683812,2.94,21.3,3.381,2.94,-2.457656255,4.116,3.821,2.2273,3.821,4.97861239,7.2318,-1.154578853,1.344479658,5.0045,-0.113145676,-0.222503638,1.907496772,-0.233756698,Palustris_E_Ibera,NA,1.457861037,2741.901143,-1955.421079,-979.9383725,2192.630034,410.0580083,6.372474055,-1572.700535,-365.4594904,-1334.850971,-599.5946637,193.1008087,478.4719931,-1443.310376,799.759033,-728.2191345,-460.2401997,220.9185403,-327.870271,959.7124773,-122.3835423,-26.18993787,-1.12E-11
C_18_71.wav_Palustris_simple_233,H:\Sporophila_vocalizations\M-F consolidated\converted_sound_files\C_18_71.wav,Palustris_final_kjochecked_CecilasImageCorrections.txt,Palustris,E_Ibera,2019,simple,233,C_18_71,C_18_71.wav,D:/Sporophila_vocalizations/E_Ibera/2019/Palustris,C_18_71.wav_2736,NANA,C_18_71.wav,1,1,3106.678991,3106.728334,3106.641259,3106.774773,0.180841,0.133515,0.0493425,3106.696406,3106.696406,3106.702211,4220.5,4780.35,4478.9,2440.8,559.85,1421.2,4565.05,2.310923211,-3.303648999,3617.6,-22.25,5383.3,0,0,99.95,1.8295,4.2725,1.4735,2.8715,0.180841121,4.476636293,1.318912396,4.469491219,2.446006397,2.561526973,1.561845017,-1.553624173,-1.257331681,0.124835962,0.070220216,-1.829109396,-1.135701409,0.924416918,-0.163820364,1.809684127,0.520608061,2.335810394,1.178969063,1.804683812,2.205,11.875,4.557,3.675,-5.200086649,4.704,2.976,3.2701,2.976,3.413831776,5.8768,-1.154578853,-1.851077658,2.6067,-1.933721686,3.808004646,-1.513742736,-0.707596297,Palustris_E_Ibera,NA,-1.907756839,7706.866118,4496.249732,-357.6727047,-290.4939325,507.3908119,812.4325338,507.6755726,410.5677472,-27.70762249,657.4688987,210.9287678,-969.6049914,-793.6640791,-926.0849139,456.3922051,4.23711764,152.8695641,-226.9094368,-48.26690013,-277.7251106,88.6111276,-2.08E-12
C_18_78.wav_Palustris_simple_318,H:\Sporophila_vocalizations\M-F consolidated\converted_sound_files\C_18_78.wav,Palustris_final_kjochecked_CecilasImageCorrections.txt,Palustris,E_Ibera,2019,simple,318,C_18_78,C_18_78.wav,D:/Sporophila_vocalizations/E_Ibera/2019/Palustris,C_18_78.wav_3398,NANANA,C_18_78.wav,1,1,3958.516572,3958.568817,3958.489482,3958.621062,0.193958667,0.13158,0.052245,3958.524312,3958.524312,3958.535922,4134.366667,4593.766667,4364.066667,2827.8,459.3666667,1148.433333,4507.633333,2.142746039,-2.276007332,3617.566667,-29.66666667,5139.233333,4.933333333,0.333333333,109.1333333,1.823333333,3.913666667,1.380666667,3.352666667,0.193958729,4.278694411,1.617267228,4.291841596,1.829558842,1.954414514,1.265680563,-1.715285372,-1.51712009,0.128253177,0.078357331,-1.142186289,-0.919775773,0.902843951,-0.142575722,1.307334252,0.436746458,1.801513652,-0.039825918,1.414286273,2.352,8.797222222,5.243,4.067,-6.038796265,4.459,9.042,2.5118,9.042,10.00410585,6.2085,0.332378761,-1.620992109,3.6967,-0.607649853,0.473294674,-0.41669638,-0.391642106,Palustris_E_Ibera,NA,-0.980226572,5631.72865,1908.20282,866.2348717,642.3009446,-661.3109833,-932.4749873,887.2309376,-22.96350282,-475.5513315,-340.3396894,132.8648246,-646.2428461,444.0517717,-464.9677522,-388.8064717,-185.0969629,328.8173091,76.21195732,-91.46366999,-136.7958812,-119.4785264,-2.48E-12
C_18_81.wav_Ruficollis_simple_3,H:\Sporophila_vocalizations\M-F consolidated\converted_sound_files\C_18_81.wav,Ruficollis_final_kjochecked_CecilasImageCorrections.txt,Ruficollis,Entre_Rios,No year,simple,3,C_18_81,C_18_81.wav,D:/Sporophila_vocalizations/Entre_Rios/No year/Ruficollis,C_18_81.wav_1052,NANANA,C_18_81.wav,1,1,19.81822,19.889815,19.781455,19.95367,0.252336667,0.172215,0.071595,19.82983,19.82983,19.851115,3244.333333,3474,3330.466667,946.6666667,229.6666667,516.8,3445.3,-0.968897782,0.464370448,3129.466667,-14.8,3703.7,4.933333333,0.333333333,121.5666667,1.302666667,2.334333333,1.238333333,1.661666667,0.252336449,3.338245734,-1.1852968,3.318527943,-1.105448061,-1.208493985,-0.834716417,-0.493322907,-0.338034759,0.163457797,0.092140039,0.092175616,-0.128989179,0.778449871,-0.442759839,-1.604361676,0.249348168,-0.960448794,-0.039825918,-1.240416988,0.686,9.933333333,3.675,3.381,-0.936249999,3.381,19.208,2.48,19.208,20.59301869,5.36,0.332378761,-0.59703483,2.88,0.462044111,-0.664861024,0.775885075,0.871807908,Ruficollis_Entre_Rios,NA,0.921432648,-3180.027256,282.768881,1568.257938,-223.6365505,-447.7976434,-221.6855987,-516.50299,-118.7047473,-1108.170584,-151.0588802,-280.9630732,420.5944074,137.8177661,-123.4508871,194.7218453,15.90956771,158.2294208,176.0613396,-119.4250893,-52.97508241,53.27308112,-1.42E-11
C_18_81.wav_Ruficollis_simple_863,H:\Sporophila_vocalizations\M-F consolidated\converted_sound_files\C_18_81.wav,Ruficollis_final_kjochecked_CecilasImageCorrections.txt,Ruficollis,Entre_Rios,No year,simple,863,C_18_81,C_18_81.wav,D:/Sporophila_vocalizations/Entre_Rios/No year/Ruficollis,C_18_81.wav_3539,NANANA,C_18_81.wav,1,1,37.105476,37.196421,37.066776,37.260276,0.300934667,0.1935,0.090945,37.136436,37.136436,37.144176,3502.733333,3789.833333,3675,1792.466667,287.1,631.6666667,3732.4,-0.127963103,0.266454275,3301.766667,-14.8,4134.4,19.76666667,1,124.0333333,1.410333333,2.861666667,1.234333333,3.034666667,0.300934579,3.638949808,-0.310428709,3.642480981,-0.15386317,-0.185100135,-0.159002682,0.506398952,0.712946941,0.203673056,0.113260806,-0.023031918,-0.060933982,0.81937002,-0.077323976,-0.635544257,0.243543749,0.044570164,-0.649223409,-0.303462896,1.47,10.26349206,3.283,3.381,0.305569261,3.675,36.411,2.3113,36.411,37.90566355,5.5189,0.332378761,0.255386429,3.2076,0.73937417,-0.838732141,0.601894776,0.240082901,Ruficollis_Entre_Rios,NA,0.632664383,-1023.805603,-1411.783826,493.6037117,182.3231001,314.7513215,-37.98096801,85.20273787,-385.733636,-634.0798767,-231.597467,-61.83492123,-124.7593487,-25.91247761,-221.7533038,-166.8021629,-189.1508302,-7.245165004,126.666624,-146.7889963,70.70502183,38.58297588,-1.35E-11
C_18_81.wav_Ruficollis_simple_864,H:\Sporophila_vocalizations\M-F consolidated\converted_sound_files\C_18_81.wav,Ruficollis_final_kjochecked_CecilasImageCorrections.txt,Ruficollis,Entre_Rios,No year,simple,864,C_18_81,C_18_81.wav,D:/Sporophila_vocalizations/Entre_Rios/No year/Ruficollis,C_18_81.wav_3542,noiceNANA,C_18_81.wav,1,1,31.94097133,32.029981,31.89840133,32.099641,0.320561,0.20124,0.08901,31.96999633,31.96999633,31.97773633,3474.033333,3761.133333,3617.566667,1257.9,287.1,574.2333333,3674.966667,-0.296189093,0.251229954,3301.733333,-14.8,4076.933333,4.933333333,1,123.7333333,1.364666667,2.754333333,1.154,2.692333333,0.320560748,3.601384679,-0.728198365,3.591281825,-0.303594322,-0.357808112,-0.294924891,0.79360747,1.037474977,0.212451027,0.116142672,-0.870330695,-0.570491265,0.835947478,0.024591774,-0.244330896,0.30760034,-0.486782772,0.569571572,-0.615780927,0.882,15.16666667,3.675,3.283,-1.016381922,3.675,31.145,2.5943,31.145,32.79905608,5.4245,0.332378761,0.599633487,2.8302,1.14253341,-1.146875939,1.085675978,0.240082901,Ruficollis_Entre_Rios,NA,0.694592542,-1407.793759,-1516.693107,1315.486709,561.8274254,1391.498364,-216.0629101,-475.7162338,-559.8345107,28.39561253,435.9618145,-415.5592797,351.7268115,-242.5744895,-91.51951198,-251.1736775,183.426018,78.44193493,-70.23114135,-156.80482,-193.4808033,111.313737,-7.22E-12
C_19_100.wav_Hypoxantha_simple_3,H:\Sporophila_vocalizations\M-F consolidated\converted_sound_files\C_19_100.wav,Hypoxantha_final_kjochecked_CecilasImageCorrections.txt,Hypoxantha,Entre_Rios,No year,simple,3,C_19_100,C_19_100.wav,D:/Sporophila_vocalizations/Entre_Rios/No year/Hypoxantha,C_19_100.wav_831,NANA,C_19_100.wav,1,1,50.6369045,50.779127,50.59627,50.903934,0.417757,0.307664,0.1422225,50.692052,50.692052,50.7007595,3617.6,3875.95,3746.75,2415.95,258.4,775.2,3703.7,-0.21202728,-0.106541589,3143.85,-22.25,4349.7,7.4,1,108.65,1.8245,3.077,1.341,3.8925,0.41775701,3.66663413,1.633807381,3.675858394,0.021853702,-0.200037401,-0.551081664,1.365566082,0.31481164,0.265132157,0.181953326,3.079203463,2.976010729,0.868731196,1.075936176,0.562903927,0.471060235,-0.359518571,-1.106271527,0.633491196,2.205,31.27777778,3.969,2.94,-2.706829109,3.822,50.193,2.395,50.193,51.39299065,5.2101,-1.154578853,2.304476025,2.8151,-0.005956278,-0.813917156,1.261735445,-1.497390087,Hypoxantha_Entre_Rios,NA,-1.693799551,-363.5243754,-2560.284997,-4802.484305,-629.9978883,-1176.305935,-2194.658508,-306.1467633,-538.4008772,522.4344669,1018.493308,1410.902664,159.3122579,-153.9564837,451.4073357,-35.10440049,-22.31867623,284.5008077,34.97114794,413.7312862,-190.4360062,-181.9743681,-1.47E-11
C_19_100.wav_Hypoxantha_simple_5,H:\Sporophila_vocalizations\M-F consolidated\converted_sound_files\C_19_100.wav,Hypoxantha_final_kjochecked_CecilasImageCorrections.txt,Hypoxantha,Entre_Rios,No year,simple,5,C_19_100,C_19_100.wav,D:/Sporophila_vocalizations/Entre_Rios/No year/Hypoxantha,C_19_100.wav_847,NANA,C_19_100.wav,1,1,64.194456,64.342483,64.153821,64.4585825,0.4345795,0.304762,0.1480275,64.2089685,64.2089685,64.2496035,3574.5,3919,3746.75,2310.95,344.5,990.5,3832.9,0.166407971,-0.106541589,3143.8,-29.65,4392.75,7.4,4,108.65,2.1805,3.4445,1.482,3.5705,0.43457944,3.722387699,2.005645887,3.687317536,-0.077539209,0.147103862,0.529166186,1.311915733,-0.158164095,0.264555594,0.189969902,2.872732558,3.309551268,0.90205192,1.251800026,1.349624096,0.574722669,-0.218852666,-0.649223409,0.633491196,2.058,38.475,3.675,2.793,-2.038031346,3.969,63.751,2.479,63.751,64.97361682,5.5462,-1.154578853,2.599544927,3.0672,0.051273186,-0.823686991,1.15566793,-0.549527514,Hypoxantha_Entre_Rios,NA,-1.265508452,541.3498783,-2985.458262,-4462.676949,-47.9770011,-1830.255942,-1894.889712,-907.7164604,428.4324255,978.8123073,1196.176425,1154.015788,637.5305494,-177.4115335,125.6470426,-40.69385168,161.5623965,77.60380187,219.5321487,421.8427865,-228.2078161,-181.8753707,9.40E-12
C_19_104.wav_Ruficollis_simple_4,H:\Sporophila_vocalizations\M-F consolidated\converted_sound_files\C_19_104.wav,Ruficollis_final_kjochecked_CecilasImageCorrections.txt,Ruficollis,Entre_Rios,No year,simple,4,C_19_104,C_19_104.wav,D:/Sporophila_vocalizations/Entre_Rios/No year/Ruficollis,C_19_104.wav_1061,NANANA,C_19_104.wav,1,1,314.9225587,314.998023,314.887729,315.034788,0.196729,0.14706,0.075465,314.9496487,314.9496487,314.9573887,3445.3,3646.266667,3531.433333,760,200.9666667,430.7,3588.866667,-0.548381625,0.296902917,3387.9,-14.8,3789.833333,9.866666667,1.333333333,96.66666667,1.492,2.142,1.206,2.050666667,0.196728972,3.553772299,-1.085617116,3.562885154,-0.250410027,-0.577706119,-0.959504178,-1.169340668,-1.174765244,0.142824301,0.086708468,-0.249477055,-0.339803375,0.828504207,-0.360007965,-0.43537658,0.456282403,-0.978479668,0.874270317,-1.240416988,0.392,4.833333333,3.283,3.675,1.955431233,3.675,7.004,2.72,7.004,8.14346729,5.32,0.332378761,-1.572401474,2.6,-0.159040957,-0.295980601,0.396956867,0.555853717,Ruficollis_Entre_Rios,NA,0.510256411,-1782.520695,1763.581964,2093.501246,-423.2723866,-507.8247123,-661.5061864,-725.0512236,296.3437615,-80.12304923,-145.0753655,-128.3430007,-91.32343363,444.1362542,-77.14053442,-28.71709741,177.2178258,430.9208306,-183.2537964,236.5123066,-273.5822738,125.2425517,2.06E-11
C_19_104.wav_Ruficollis_simple_5,H:\Sporophila_vocalizations\M-F consolidated\converted_sound_files\C_19_104.wav,Ruficollis_final_kjochecked_CecilasImageCorrections.txt,Ruficollis,Entre_Rios,No year,simple,5,C_19_104,C_19_104.wav,D:/Sporophila_vocalizations/Entre_Rios/No year/Ruficollis,C_19_104.wav_1064,NANANA,C_19_104.wav,1,1,321.340941,321.418341,321.311916,321.457041,0.182375,0.145125,0.0774,321.356421,321.356421,321.375771,3273.033333,3560.133333,3416.6,826.6666667,287.1,516.8,3560.166667,-0.632445802,0.296902917,3186.9,-34.6,3675,34.6,2.333333333,94.6,1.614333333,2.319333333,1.262333333,2.398333333,0.182374816,3.396416249,-0.8296568,3.394158417,-0.917994603,-0.967509941,-0.601779517,-1.562861651,-1.7613978,0.128478868,0.083021119,-0.284249202,-0.423707696,0.860488875,0.496033183,0.344667067,0.548134773,-0.992038766,0.569571572,-1.240416988,0.49,17.41666667,3.675,3.283,-1.811368663,3.479,13.403,2.56,13.403,14.61269454,5.32,0.332378761,-1.824176339,2.76,0.018588234,-0.435753428,0.942228437,0.871807908,Ruficollis_Entre_Rios,NA,1.016059843,-1820.755071,1818.658448,2414.67872,700.571306,-1372.379573,-899.6927972,-1623.658914,189.2507865,121.2258821,-266.8642866,175.5015477,-64.51295254,320.5203926,87.42162364,-115.8039725,104.9928469,140.9949695,108.3946517,127.2141982,84.02841851,153.9478907,-1.38E-11
C_19_104.wav_Ruficollis_simple_6,H:\Sporophila_vocalizations\M-F consolidated\converted_sound_files\C_19_104.wav,Ruficollis_final_kjochecked_CecilasImageCorrections.txt,Ruficollis,Entre_Rios,No year,simple,6,C_19_104,C_19_104.wav,D:/Sporophila_vocalizations/Entre_Rios/No year/Ruficollis,C_19_104.wav_1068,NANA,C_19_104.wav,1,1,329.56661,329.6362695,329.5085605,329.662392,0.2320095,0.1538325,0.06966,329.5811225,329.5811225,329.6014395,3402.25,3574.5,3488.35,1180,172.3,430.7,3531.4,-0.71670525,-0.060868626,3402.25,-14.8,4134.35,7.4,1,101.3,1.4885,2.306,1.224,2.68,0.232009346,3.612941367,-0.602702374,3.57801609,-0.227764616,-0.291760688,-0.280377678,0.517868828,0.402750987,0.18052081,0.095744276,-0.730671918,-0.711300559,0.867430989,-0.443579707,0.46850988,0.425507628,0.090030295,0.721920945,-0.537701419,0.882,25.4,3.822,3.528,-1.086632127,3.675,21.853,2.64,21.853,22.55856075,5.36,-1.154578853,-0.953576424,2.72,-1.256541817,1.018170362,0.078349495,-0.233756698,Ruficollis_Entre_Rios,NA,0.037244151,-363.4147685,1740.85438,-87.11722844,-40.57122099,1565.052181,737.3741422,-976.4971079,594.0413883,-16.22305908,578.9106814,-88.06537545,-761.6290468,-226.3774356,198.3904472,-37.9103734,-421.4090241,32.44529312,154.8410394,153.1101479,78.72165648,47.62022442,3.74E-12
C_19_104.wav_Ruficollis_simple_865,H:\Sporophila_vocalizations\M-F consolidated\converted_sound_files\C_19_104.wav,Ruficollis_final_kjochecked_CecilasImageCorrections.txt,Ruficollis,Entre_Rios,No year,simple,865,C_19_104,C_19_104.wav,D:/Sporophila_vocalizations/Entre_Rios/No year/Ruficollis,C_19_104.wav_3545,NAfaintfaintfaint,C_19_104.wav,1,1,346.074063,346.143723,346.023753,346.1862927,0.212149667,0.16254,0.06966,346.128243,346.128243,346.114698,3387.9,3617.566667,3502.733333,1383.7,229.6666667,803.9,3502.733333,-0.800671792,0.921100078,3244.333333,-49.43333333,3847.233333,59.33333333,3,95.06666667,2.391666667,2.935666667,1.624666667,3.422333333,0.212149533,3.482325066,0.600675743,3.525337296,-1.067170802,-0.545953185,0.767442147,-0.505263643,-0.640119878,0.1553012,0.0894718,0.822770205,0.431739924,0.920184561,-0.493686661,1.696060083,0.67014526,-1.038462253,-0.039825918,-0.615780927,1.078,33.83333333,3.185,3.087,-0.52959596,3.675,38.096,2.217,38.096,39.35190654,5.8491,0.332378761,-1.30192165,3.6321,0.135474489,-0.549769744,0.734726562,1.50371629,Ruficollis_Entre_Rios,NA,0.458831864,-1233.313692,3.723721751,705.0694231,1684.714521,-1621.795662,-690.2341257,-891.3072712,2074.545897,391.006257,362.8102365,32.00618323,-783.9120111,730.5085958,466.3099784,412.535681,314.9196266,60.76763745,42.88022848,-56.94488684,354.3175418,74.86575944,-1.25E-11
C_19_104.wav_Ruficollis_simple_866,H:\Sporophila_vocalizations\M-F consolidated\converted_sound_files\C_19_104.wav,Ruficollis_final_kjochecked_CecilasImageCorrections.txt,Ruficollis,Entre_Rios,No year,simple,866,C_19_104,C_19_104.wav,D:/Sporophila_vocalizations/Entre_Rios/No year/Ruficollis,C_19_104.wav_3548,faintfaintfaint,C_19_104.wav,1,1,348.535378,348.608908,348.508288,348.659218,0.210280333,0.15093,0.07353,348.560533,348.560533,348.570208,3273.066667,3502.733333,3416.6,1289.3,229.6666667,660.3666667,3416.6,-1.05296196,0.144659707,3072.1,-74.2,3674.966667,59.33333333,4.333333333,97.23333333,2.218333333,2.808,1.526,3.429333333,0.210280374,3.374261605,0.061553205,3.374160184,-1.138174371,-1.016390009,-0.281825841,-1.183002392,-1.318065643,0.144344787,0.09083247,1.860830425,2.017784747,0.909486829,-0.450209837,1.448545681,0.640997513,-1.249327302,-0.344524664,-0.928098958,0.98,29.4,3.577,3.479,-0.542922231,3.479,40.482,2.4057,40.482,41.88192523,5.283,0.332378761,-1.334707073,2.8773,0.499747951,-0.857808171,1.454888071,0.7139225,Ruficollis_Entre_Rios,NA,0.601030493,-2317.344113,192.3361621,353.4585635,788.3021263,-2836.111132,-2245.761562,-843.0266103,1589.999873,92.30700805,916.8892464,908.6779198,-761.1628467,159.246428,29.25305894,-231.6959086,68.58160218,-27.84109033,-131.5302153,55.35001891,269.4539296,86.40247098,1.06E-11
C_19_104.wav_Ruficollis_simple_867,H:\Sporophila_vocalizations\M-F consolidated\converted_sound_files\C_19_104.wav,Ruficollis_final_kjochecked_CecilasImageCorrections.txt,Ruficollis,Entre_Rios,No year,simple,867,C_19_104,C_19_104.wav,D:/Sporophila_vocalizations/Entre_Rios/No year/Ruficollis,C_19_104.wav_3551,faintfaintfaint,C_19_104.wav,1,1,354.4371163,354.481621,354.3984163,354.524191,0.192523333,0.125775,0.044505,354.454531,354.454531,354.456466,3531.466667,3646.266667,3588.866667,1147.8,114.8333333,401.9666667,3588.866667,-0.548381625,0.540492053,3244.3,-49.43333333,3703.7,39.56666667,3.333333333,95.7,2.214666667,2.351333333,1.386333333,3.222666667,0.192523364,3.497351606,-0.128135185,3.550401985,-0.614319539,-0.633094803,-0.366310765,-1.677922499,-1.416572739,0.124364044,0.072641429,1.103804429,0.543439298,0.892424759,-0.497328258,1.048958383,0.605291361,-0.776499438,0.264872827,-0.928098958,0.784,34.26666667,3.773,3.283,-2.611897434,3.773,46.419,2.5,46.419,47.68924299,5.2358,0.332378761,-1.646168702,2.7358,0.171736365,-0.705862293,1.087115404,0.556037092,Ruficollis_Entre_Rios,NA,0.619242487,-1499.362955,1006.74632,1333.164949,421.4171177,-1864.728957,-1913.532441,-855.3376904,1326.015416,230.4056968,-40.84625454,432.3745514,-609.5378672,402.0327807,229.5480101,-69.17025213,-3.074765732,249.3724384,-206.6291593,-186.6622319,378.1281335,42.21672848,-4.25E-12
C_19_104.wav_Ruficollis_simple_869,H:\Sporophila_vocalizations\M-F consolidated\converted_sound_files\C_19_104.wav,Ruficollis_final_kjochecked_CecilasImageCorrections.txt,Ruficollis,Entre_Rios,No year,simple,869,C_19_104,C_19_104.wav,D:/Sporophila_vocalizations/Entre_Rios/No year/Ruficollis,C_19_104.wav_3555,faintfaintfaint,C_19_104.wav,1,1,364.431372,364.495227,364.379127,364.539732,0.201869333,0.160605,0.063855,364.450722,364.450722,364.456527,3387.9,3560.133333,3502.733333,1116.333333,172.2666667,660.3666667,3502.733333,-0.800671792,0.814529831,3215.6,-29.66666667,3818.533333,69.23333333,4.333333333,96.86666667,2.208666667,2.724,1.520666667,3.161666667,0.201869159,3.498547217,-0.119784889,3.511708117,-0.693085582,-0.622740895,-0.181286921,-0.886659729,-0.839929208,0.14980866,0.087609444,1.089357944,0.639633401,0.919588027,-0.516723377,1.68122853,0.667843318,-0.74748935,0.264872827,-0.771939942,0.882,33.1,3.283,3.185,-0.506570048,3.675,56.427,2.5472,56.427,57.70547664,5.4245,0.332378761,-1.482241536,2.8773,0.19256212,-0.664861024,0.991798583,0.871807908,Ruficollis_Entre_Rios,NA,0.159650101,-1503.847819,468.9741392,908.6220797,763.9624969,-1382.6439,-1563.674819,-818.0549138,1615.272464,652.0868206,459.1391512,484.9989417,-945.1400061,695.6652753,277.0211351,278.4814687,107.5940675,-37.00478594,-146.5854526,4.899482029,461.1326049,76.45971851,4.42E-12
C_19_105_A.wav_Ruficollis_simple_11,H:\Sporophila_vocalizations\M-F consolidated\converted_sound_files\C_19_105_A.wav,Ruficollis_final_kjochecked_CecilasImageCorrections.txt,Ruficollis,Entre_Rios,No year,simple,11,C_19_105,C_19_105_A.wav,D:/Sporophila_vocalizations/Entre_Rios/No year/Ruficollis,C_19_105_A.wav_1075,NANANANANA,C_19_105_A.wav,1,1,444.744551,444.821177,444.6957892,444.8734218,0.294129,0.177633,0.076626,444.781703,444.781703,444.784025,3445.3,3652.04,3514.2,1080.56,206.7,430.66,3548.66,-0.666149581,0.500908818,3307.48,-14.8,3910.42,5.92,1.2,122.7,1.383,2.2904,1.2296,2.2832,0.29412893,3.539164399,-1.108890797,3.537114848,-0.341901394,-0.621634034,-0.886414342,0.739651845,1.092007153,0.198864504,0.101565394,0.245246419,0.113935687,0.797209733,-0.212387971,-1.157994976,0.272628108,-0.443103187,0.447692074,-0.865635351,0.7644,33.48,3.5574,3.2634,-0.776444437,3.675,29.139,2.4,29.139,31.16575288,5.3167,3.306293988,0.136013934,2.9167,2.085213516,-0.463860837,-0.908474628,0.240082901,Ruficollis_Entre_Rios,1052.059754,0.92891818,-2549.685342,-1780.083581,2355.99552,-652.2677689,-453.8844589,855.389698,2195.425861,-1074.645612,966.0385793,586.1982842,-674.0735901,-245.2842959,-394.8515843,-158.698377,312.922897,111.311314,192.7905877,22.92522897,8.240190993,53.7870712,-368.4339134,-1.11E-11
C_19_105_B.wav_Ruficollis_simple_12,H:\Sporophila_vocalizations\M-F consolidated\converted_sound_files\C_19_105_B.wav,Ruficollis_final_kjochecked_CecilasImageCorrections.txt,Ruficollis,Entre_Rios,No year,simple,12,C_19_105,C_19_105_B.wav,D:/Sporophila_vocalizations/Entre_Rios/No year/Ruficollis,C_19_105_B.wav_1079,NANANANANANA,C_19_105_B.wav,1,1,513.103904,513.2045238,513.063269,513.2509637,0.258391333,0.187695,0.10062,513.136799,513.136799,513.1522788,3273.033333,3517.083333,3402.216667,893.3333333,244.0166667,445.0333333,3517.066667,-0.758688521,0.639450139,3172.533333,-14.8,3660.633333,4.933333333,0.5,125.55,1.5045,2.311333333,1.227,2.515666667,0.258391357,3.369350042,-0.939848287,3.382354184,-0.988198804,-1.060053807,-0.694826504,-0.034816331,-0.291851183,0.182700179,0.110543347,-0.007442817,-0.172436143,0.867140319,-0.346630511,0.466452074,0.47383696,-1.126945195,0.264872827,-1.240416988,0.588,27.63333333,3.332,3.234,-0.238974696,3.479,11.626,2.48,11.626,13.94110204,5.36,4.793251602,-0.490830494,2.88,2.814549011,-0.458739843,-0.774442886,0.7139225,Ruficollis_Entre_Rios,1380.696283,1.311118688,-2927.619899,-1160.841075,3872.774271,1134.856225,-1767.971501,208.5170406,2596.389335,-510.5276112,1986.428031,487.7830309,-297.7454655,-289.5444492,-466.1315322,-205.5192598,493.5067943,367.601929,168.4088596,119.3050908,368.8203193,305.657298,-563.8369661,2.36E-12
C_19_105_B.wav_Ruficollis_simple_13,H:\Sporophila_vocalizations\M-F consolidated\converted_sound_files\C_19_105_B.wav,Ruficollis_final_kjochecked_CecilasImageCorrections.txt,Ruficollis,Entre_Rios,No year,simple,13,C_19_105,C_19_105_B.wav,D:/Sporophila_vocalizations/Entre_Rios/No year/Ruficollis,C_19_105_B.wav_1085,NANANANANA,C_19_105_B.wav,1,1,557.4658208,557.5436078,557.4228638,557.5970138,0.2379052,0.17415,0.077787,557.4925238,557.4925238,557.5041338,3117.98,3238.58,3186.88,624,120.56,275.64,3186.88,-1.725826866,0.975907634,3031.84,-11.84,3341.94,8.88,3,119.22,1.2738,1.8034,0.8946,1.8968,0.237905085,3.166676151,-1.437074312,3.178051562,-1.607376037,-1.770604132,-1.247668781,-0.712810959,-0.86672796,0.156673803,0.094961473,0.183113358,-0.174021526,0.826936799,-0.308412827,-0.469414983,0.415310274,-1.670309361,-0.283584915,-1.802589444,0.4116,22.8,3.3222,2.9106,-1.489334549,3.3222,56.21,2.48,56.21,58.10476542,5.08,3.306293988,-0.850163927,2.6,1.751371239,-0.434594302,-0.549583672,0.397968309,Ruficollis_Entre_Rios,239.8540284,1.085574965,-4519.734634,409.1394304,2917.604831,795.5135044,-1803.015173,-2.279215034,1592.870009,-619.7643459,1072.883969,-84.70884237,-238.6436878,-32.44307369,-34.86157739,-58.57917179,397.6857949,-23.05832114,46.2719643,-20.65499128,318.8956253,171.5383736,-391.1424373,-1.40E-11
C_19_105_B.wav_Ruficollis_simple_14,H:\Sporophila_vocalizations\M-F consolidated\converted_sound_files\C_19_105_B.wav,Ruficollis_final_kjochecked_CecilasImageCorrections.txt,Ruficollis,Entre_Rios,No year,simple,14,C_19_105,C_19_105_B.wav,D:/Sporophila_vocalizations/Entre_Rios/No year/Ruficollis,C_19_105_B.wav_1090,NANANANANA,C_19_105_B.wav,1,1,568.4233176,568.4918162,568.3861656,568.5394172,0.2434562,0.153252,0.068499,568.4453764,568.4453764,568.4569864,3135.22,3255.8,3204.12,704,120.56,292.88,3204.12,-1.675329778,0.866292522,3066.32,-14.8,3428.08,8.88,0.8,122.24,1.3394,1.8456,1.1664,2.1616,0.243456204,3.212384357,-1.467976824,3.211740621,-1.425285609,-1.646396697,-1.299910533,-0.40754101,-0.062308954,0.16201332,0.085686108,0.227074861,-0.127187313,0.778724376,-0.334617539,-1.594789528,0.300841659,-1.659700423,-0.100765667,-1.708894034,0.4116,15.08,3.3222,3.0282,-0.898152303,3.3222,67.157,2.52,67.157,68.98490509,5.2,3.306293988,-0.752796158,2.68,1.582258141,-0.343039746,-0.777280317,0.240082901,Ruficollis_Entre_Rios,208.9118999,1.128800292,-4623.459944,86.18590734,2695.983747,-12.46766644,-1441.988961,578.8730647,1825.978134,-1037.568645,537.0086731,12.36167605,-718.1111882,-103.3363221,-135.0986252,61.78243682,330.9717805,122.9756812,286.6345631,-60.65038443,101.7865095,-10.97662354,-492.1100117,1.86E-11
C_19_105_B.wav_Ruficollis_simple_15,H:\Sporophila_vocalizations\M-F consolidated\converted_sound_files\C_19_105_B.wav,Ruficollis_final_kjochecked_CecilasImageCorrections.txt,Ruficollis,Entre_Rios,No year,simple,15,C_19_105,C_19_105_B.wav,D:/Sporophila_vocalizations/Entre_Rios/No year/Ruficollis,C_19_105_B.wav_1095,NANANANANANA,C_19_105_B.wav,1,1,579.8022562,579.8902987,579.7529138,579.9464135,0.292094667,0.1935,0.0880425,579.8245087,579.8245087,579.8438587,3273.016667,3488.35,3416.583333,1013.333333,215.3166667,401.9833333,3488.35,-0.842801516,0.563328534,3129.483333,-17.3,3761.133333,14.81666667,1,122.7666667,1.410333333,2.160166667,1.211166667,2.507,0.292094577,3.390182807,-1.09969895,3.391754599,-0.891255362,-1.056495487,-0.881230317,0.776091197,0.776931506,0.207914012,0.116339274,0.501527677,0.312840013,0.792024663,-0.193628126,-1.277715101,0.291123023,-1.059520934,0.112523454,-1.162337481,0.686,22.74444444,3.479,3.185,-0.711391104,3.479,78.287,2.48,78.287,80.67747356,5.52,4.793251602,0.100330962,3.04,3.005189864,-0.464428692,-1.018653916,0.556037092,Ruficollis_Entre_Rios,997.2826666,1.222237519,-3548.984522,-2247.546359,3114.374303,-70.65432748,-1537.851512,898.9562753,3034.048934,-1323.811011,1241.666534,700.223862,-755.2965877,-198.4965997,-647.4035337,-263.2700825,633.5750022,424.736569,348.7961756,211.774312,223.8056025,113.1568211,-533.7839723,7.04E-14
C_19_107_B.wav_Ruficollis_simple_16,H:\Sporophila_vocalizations\M-F consolidated\converted_sound_files\C_19_107_B.wav,Ruficollis_final_kjochecked_CecilasImageCorrections.txt,Ruficollis,Entre_Rios,No year,simple,16,C_19_107,C_19_107_B.wav,D:/Sporophila_vocalizations/Entre_Rios/No year/Ruficollis,C_19_107_B.wav_1111,NANANA,C_19_107_B.wav,1,1,790.989679,791.084494,790.947109,791.144478,0.296059667,0.19737,0.094815,791.001289,791.001289,791.032249,3588.833333,3818.566667,3703.733333,933.3333333,229.6666667,516.8,3789.833333,0.040262887,0.479594769,3445.266667,-14.8,4105.666667,14.8,1.666666667,132.1333333,1.329333333,2.432666667,1.103333333,2.166,0.296059662,3.698741956,-1.094835257,3.674586841,0.176584138,-0.143947884,-0.720826075,0.583744771,0.63493435,0.202414906,0.113420007,0.477902664,0.458372269,0.817160879,-0.202182978,-0.691855016,0.293950207,0.118322421,0.874270317,-0.615780927,0.784,11.3,3.381,3.577,0.615542445,3.675,74.827,2.76,74.827,76.16691,5.56,0.332378761,0.169879376,2.8,0.347948511,-0.44729312,-0.072555217,0.556037092,Ruficollis_Entre_Rios,NA,0.794093613,-1214.440692,-1013.113689,947.781937,-1489.510545,342.8655279,346.7550666,-171.2633234,214.898178,234.0225207,341.4864252,-34.78420382,60.57846358,-51.61830675,-295.0416265,-141.5140646,11.19701555,124.1336904,95.18187903,13.05165613,129.5949692,87.73209214,-9.52E-12
C_19_108.wav_Ruficollis_simple_18,H:\Sporophila_vocalizations\M-F consolidated\converted_sound_files\C_19_108.wav,Ruficollis_final_kjochecked_CecilasImageCorrections.txt,Ruficollis,Entre_Rios,No year,simple,18,C_19_108,C_19_108.wav,D:/Sporophila_vocalizations/Entre_Rios/No year/Ruficollis,C_19_108.wav_1118,NANANA,C_19_108.wav,1,1,863.101183,863.168908,863.068288,863.213413,0.270947333,0.145125,0.067725,863.149558,863.149558,863.137948,3617.566667,3789.833333,3703.7,973.3333333,172.2333333,373.2333333,3675,-0.296091457,0.220781312,3416.566667,-19.76666667,4134.366667,9.866666667,3,133.2666667,1.350333333,2.216333333,1.136666667,2.151666667,0.270947458,3.69725477,-1.227157277,3.664329293,0.211992022,-0.140712687,-0.784002743,-0.072846029,0.16212368,0.16897116,0.088566401,-0.125260769,-0.394765216,0.794490129,-0.386791929,-1.228631324,0.231179533,0.17753217,1.178969063,-0.615780927,0.686,9.4,4.067,3.381,-2.209328416,3.773,37.621,2.92,37.621,38.88599729,5.68,0.332378761,-0.270593877,2.76,0.158468156,-0.247393562,-0.070514956,0.240082901,Ruficollis_Entre_Rios,NA,0.555649446,-1062.449432,188.8952853,1520.760726,-1467.661306,646.1245891,189.6992121,-89.13933169,-202.2284788,-137.1118975,108.3139085,-522.90178,278.3786783,-6.230811996,-89.91584692,72.65913523,-242.3646756,170.5074979,-92.21544152,-29.86083365,-20.0841804,6.390216567,-4.81E-12
C_19_108.wav_Ruficollis_simple_19,H:\Sporophila_vocalizations\M-F consolidated\converted_sound_files\C_19_108.wav,Ruficollis_final_kjochecked_CecilasImageCorrections.txt,Ruficollis,Entre_Rios,No year,simple,19,C_19_108,C_19_108.wav,D:/Sporophila_vocalizations/Entre_Rios/No year/Ruficollis,C_19_108.wav_1121,NANANANA,C_19_108.wav,1,1,870.4798073,870.5697848,870.4348185,870.617676,0.28053,0.1828575,0.0899775,870.501576,870.501576,870.5204423,3768.3,4134.375,3983.65,1510.475,366.075,710.6,4026.7,0.734060847,-0.197887515,3660.625,-40.775,4758.85,25.95,1.25,130.85,1.4615,2.81575,1.22,2.605,0.280529746,4.007782081,-0.399906959,3.985698553,1.144295344,0.756067107,-0.390344681,0.606185872,0.92828201,0.201908863,0.107584352,0.146710893,0.087491308,0.818243203,-0.307057008,-0.671861877,0.274214983,1.28759527,1.63601718,0.399252673,1.176,8.375,3.969,3.969,-0.227297148,3.969,44.755,2.84,44.755,46.47966068,5.8,1.819336374,-0.102518554,2.96,1.321117058,-0.720616005,-0.313384748,1.187762099,Ruficollis_Entre_Rios,NA,1.256861532,879.0551629,-2204.896537,2710.142602,-1738.734967,106.3755515,517.3014638,806.3167784,50.26042961,230.2492036,716.8055376,-281.7765469,-157.4633278,-187.1681877,49.31550721,104.2842054,-127.5775708,140.4702874,141.5604266,-153.0831318,25.91779384,-97.87185954,1.52E-12
C_19_109.wav_Ruficollis_simple_1,H:\Sporophila_vocalizations\M-F consolidated\converted_sound_files\C_19_109.wav,Ruficollis_final_kjochecked_CecilasImageCorrections.txt,Ruficollis,Entre_Rios,No year,simple,1,C_19_109,C_19_109.wav,D:/Sporophila_vocalizations/Entre_Rios/No year/Ruficollis,C_19_109.wav_1038,NANANA,C_19_109.wav,1,1,1112.452536,1112.514456,1112.421576,1112.562831,0.255140333,0.141255,0.06192,1112.471886,1112.471886,1112.481561,3301.733333,3474,3387.9,922.1666667,172.2333333,430.6666667,3445.3,-0.968897782,0.418697485,3072.066667,-14.8,3646.266667,14.8,2.333333333,128.6666667,1.313333333,2.358,1.217,2.066333333,0.255140187,3.345630831,-1.245199268,3.343241806,-1.09950653,-1.174233541,-0.759854846,-0.798400166,-0.413345679,0.15184861,0.08189912,-0.718461311,-0.47800332,0.807905637,-0.488274246,-0.919610486,0.226061748,-1.071310649,-0.039825918,-1.396576004,0.588,13,3.185,3.185,0,3.479,186.46,2.4662,186.46,187.7444299,5.1014,0.332378761,-0.54785668,2.6352,0.207620019,-0.367537895,0.251260231,0.555853717,Ruficollis_Entre_Rios,NA,0.687578298,-2856.510838,1091.525124,1601.184287,342.8015567,-26.69884715,48.76494912,-288.7077721,-83.67969194,-516.6791285,-267.9856136,-245.9281747,477.8165947,206.2500281,-315.746671,-55.07703821,47.88111603,-38.44707104,-8.962453771,-193.6188354,-237.3076708,-62.12165277,7.75E-12
C_19_109.wav_Ruficollis_simple_20,H:\Sporophila_vocalizations\M-F consolidated\converted_sound_files\C_19_109.wav,Ruficollis_final_kjochecked_CecilasImageCorrections.txt,Ruficollis,Entre_Rios,No year,simple,20,C_19_109,C_19_109.wav,D:/Sporophila_vocalizations/Entre_Rios/No year/Ruficollis,C_19_109.wav_1125,NANA,C_19_109.wav,1,1,927.709739,927.7706915,927.680714,927.825839,0.2498,0.145125,0.0609525,927.7242515,927.7242515,927.738764,3574.5,3876,3703.7,1120,301.5,602.9,3789.8,0.040165252,0.007640818,3273.05,-14.8,4048.25,7.4,0.5,129.5,1.3165,2.8765,1.1735,1.778,0.249800339,3.66714343,-0.899233348,3.661320072,-0.027704162,-0.151872909,-0.329099788,-0.96783051,-0.664762192,0.145937999,0.080556306,-1.85304098,-1.115576546,0.880033888,-0.507765096,0.75992611,0.298295596,0.019748867,0.721920945,-0.537701419,0.882,15.6,4.116,3.234,-3.238790304,3.822,1.975,2.64,1.975,2.739451187,5.2,-1.154578853,-0.641518709,2.56,-1.107587372,0.655466145,0.302720008,0.082014118,Ruficollis_Entre_Rios,NA,0.114387719,245.9302209,2461.633228,1030.574155,425.28347,1501.748575,21.05937391,-1185.012723,647.6577564,23.87065033,-392.6159359,208.3593698,239.765878,-25.98928985,-360.4431864,-300.6031385,19.95256109,-393.1402039,-126.4611964,-67.40022814,-238.481913,-79.49953212,-6.82E-12
C_19_109.wav_Ruficollis_simple_21,H:\Sporophila_vocalizations\M-F consolidated\converted_sound_files\C_19_109.wav,Ruficollis_final_kjochecked_CecilasImageCorrections.txt,Ruficollis,Entre_Rios,No year,simple,21,C_19_109,C_19_109.wav,D:/Sporophila_vocalizations/Entre_Rios/No year/Ruficollis,C_19_109.wav_1127,NANANA,C_19_109.wav,1,1,933.64921,933.715,933.620185,933.77305,0.249800333,0.152865,0.06579,933.65308,933.65308,933.678235,3273.033333,3445.3,3359.166667,920,172.2666667,430.6666667,3416.6,-1.05296196,0.403473164,3043.366667,-14.8,3617.566667,4.933333333,0.333333333,126.4333333,1.283666667,2.366,1.137333333,1.651333333,0.24980034,3.329970522,-1.286575032,3.327198017,-1.125903558,-1.22096471,-0.825090426,-0.687965164,-0.46264075,0.159042458,0.089988573,-0.995616467,-0.753808492,0.824289518,-0.430461311,-0.536024633,0.239827268,-1.134249784,-0.039825918,-1.396576004,0.588,22.66666667,3.577,3.087,-1.745744606,3.479,7.623,2.44,7.623,8.979241695,5.08,0.332378761,-0.641518707,2.64,0.389257057,-0.594415892,0.673998743,0.397968309,Ruficollis_Entre_Rios,NA,0.588674259,-2871.448688,1075.750772,1798.458751,810.5490317,314.1761343,-344.2623897,-445.358163,-246.9209134,-400.4953279,-199.5542155,-182.1197896,366.2083402,217.3264341,-246.2993688,-81.93967251,20.63262446,-76.2805786,-16.57966805,-60.86748607,-217.3530725,1.862821854,-4.05E-12
C_19_109.wav_Ruficollis_simple_22,H:\Sporophila_vocalizations\M-F consolidated\converted_sound_files\C_19_109.wav,Ruficollis_final_kjochecked_CecilasImageCorrections.txt,Ruficollis,Entre_Rios,No year,simple,22,C_19_109,C_19_109.wav,D:/Sporophila_vocalizations/Entre_Rios/No year/Ruficollis,C_19_109.wav_1130,NANANA,C_19_109.wav,1,1,974.4176453,974.4815003,974.3866853,974.5453553,0.239226667,0.15867,0.063855,974.4350603,974.4350603,974.4505403,3186.9,3416.6,3301.733333,853.3333333,229.7,459.4,3387.866667,-1.137123772,0.373024522,3043.366667,-9.866666667,3588.866667,4.933333333,1.333333333,118.5,1.354333333,2.382666667,1.179666667,1.904333333,0.23922678,3.292755682,-1.202028237,3.284667513,-1.261267991,-1.324412872,-0.814423222,-0.64258869,-0.347117872,0.157955916,0.086803183,-0.686859528,-0.590720557,0.831688885,-0.467294717,-0.365244759,0.351346942,-1.066109791,0.264872827,-1.396576004,0.49,11.58333333,3.283,3.087,-0.77089567,3.381,48.186,2.52,48.186,49.84338136,5.08,0.332378761,-0.826981124,2.56,1.150944207,-1.222478278,2.276079513,0.397968309,Ruficollis_Entre_Rios,NA,0.518941666,-3132.125698,281.7123647,2160.232342,1097.704258,399.6632746,-1760.146878,-1035.980187,-336.8133355,-701.2223467,272.3064215,-256.6802213,89.59678626,-33.4521411,-109.9025954,188.5391662,101.7491236,-52.75091732,75.18187359,-207.7322357,-88.15362392,78.14069753,-5.41E-12
C_19_109.wav_Ruficollis_simple_23,H:\Sporophila_vocalizations\M-F consolidated\converted_sound_files\C_19_109.wav,Ruficollis_final_kjochecked_CecilasImageCorrections.txt,Ruficollis,Entre_Rios,No year,simple,23,C_19_109,C_19_109.wav,D:/Sporophila_vocalizations/Entre_Rios/No year/Ruficollis,C_19_109.wav_1133,NANANA,C_19_109.wav,1,1,996.4398373,996.524977,996.399203,996.561742,0.243192,0.16254,0.08514,996.494017,996.494017,996.4862773,3416.6,3646.266667,3531.4,826.6666667,229.6666667,430.7,3474,-0.884833605,0.570940695,3330.466667,-14.8,3847.233333,4.933333333,0.333333333,116.8666667,1.349,2.166333333,1.18,1.989,0.243191865,3.548588056,-1.224928199,3.541535195,-0.329920099,-0.586578771,-0.821713395,-0.225434256,-0.26019392,0.168477242,0.095745253,-0.082997564,-0.21052086,0.813336537,-0.206442039,-0.781848107,0.342251805,-0.331640917,0.569571572,-0.928098958,0.686,18.13333333,3.381,3.381,-0.258465244,3.577,70.426,2.76,70.426,71.7780322,5.56,0.332378761,-0.757432719,2.8,0.378609787,-0.520084131,0.749159352,0.556037092,Ruficollis_Entre_Rios,NA,1.109943564,-2104.195106,145.4936485,1831.791821,-519.8253368,16.90857134,-261.1701213,-758.8000899,28.72021633,-335.1720777,-72.98489988,-228.2618735,-99.7912229,-85.72884639,22.72912149,21.09897331,-330.2927541,-25.05648356,-66.44931799,169.0817678,5.046966354,83.16943953,1.71E-11
C_19_109.wav_Ruficollis_simple_25,H:\Sporophila_vocalizations\M-F consolidated\converted_sound_files\C_19_109.wav,Ruficollis_final_kjochecked_CecilasImageCorrections.txt,Ruficollis,Entre_Rios,No year,simple,25,C_19_109,C_19_109.wav,D:/Sporophila_vocalizations/Entre_Rios/No year/Ruficollis,C_19_109.wav_1159,NANA,C_19_109.wav,1,1,1130.454773,1130.524433,1130.428651,1130.596996,0.2726,0.168345,0.06966,1130.466383,1130.466383,1130.483798,3617.55,3876,3746.8,1240,258.4,602.95,3832.9,0.166407971,0.053313781,3316.1,-14.8,4091.3,7.4,1,136,1.291,2.889,1.2405,1.461,0.272599576,3.679094679,-0.90932601,3.678026453,0.001267696,-0.123168446,-0.314746341,-0.691213157,-0.612225778,0.164905917,0.09856973,-1.713515764,-1.100430841,0.865458035,-0.393845318,0.425149081,0.198973047,-0.033064402,0.721920945,-0.537701419,0.882,8.2,4.116,3.528,-1.901210699,3.822,204.685,2.64,204.685,205.5482766,5.2,-1.154578853,-0.241615376,2.56,-0.857623437,0.09299636,0.81509028,-0.07587129,Ruficollis_Entre_Rios,NA,0.008389568,88.55056474,1787.088622,912.257399,370.2078909,1692.945914,-469.6123255,-1308.516758,309.6605152,-140.3616539,-429.8055712,30.10667362,510.6483449,18.43565353,-378.3375593,-342.7465852,81.43357946,-244.2683048,-54.38048976,41.71907704,-233.0311093,-80.71359143,-4.93E-12
C_19_109.wav_Ruficollis_simple_26,H:\Sporophila_vocalizations\M-F consolidated\converted_sound_files\C_19_109.wav,Ruficollis_final_kjochecked_CecilasImageCorrections.txt,Ruficollis,Entre_Rios,No year,simple,26,C_19_109,C_19_109.wav,D:/Sporophila_vocalizations/Entre_Rios/No year/Ruficollis,C_19_109.wav_1161,NANANA,C_19_109.wav,1,1,1136.609029,1136.674819,1136.581939,1136.736739,0.247817667,0.1548,0.06579,1136.620639,1136.620639,1136.638054,3301.733333,3502.733333,3387.9,933.3333333,200.9666667,459.4,3474.033333,-0.88473597,0.418697485,3072.066667,-9.866666667,3617.566667,4.933333333,0.333333333,133,1.271666667,2.366333333,1.210333333,1.513333333,0.247817796,3.340991195,-1.291190339,3.33946328,-1.067997357,-1.212428591,-0.920184149,-1.136176716,-1.073107925,0.14616343,0.088200662,-0.354135017,-0.146314868,0.800241448,-0.540032479,-1.100918103,0.200564381,-0.991324661,-0.039825918,-1.240416988,0.686,6.333333333,3.675,3.381,-1.117370025,3.479,210.604,2.4,210.604,211.9304163,5.2,0.332378761,-0.676292927,2.8,0.313818161,-0.568331416,0.559073193,0.555853717,Ruficollis_Entre_Rios,NA,0.802981505,-2895.389877,1155.710253,1750.776518,22.45416346,-600.4787797,-587.0471489,-385.8597376,-9.233568998,-734.8584419,-436.2216756,-93.45192157,654.0143492,145.8802399,-262.0764954,-68.33791508,-5.946131296,-123.4906933,63.5903856,-13.4210838,-184.9702717,11.23436152,-2.38E-12
C_19_109.wav_Ruficollis_simple_28,H:\Sporophila_vocalizations\M-F consolidated\converted_sound_files\C_19_109.wav,Ruficollis_final_kjochecked_CecilasImageCorrections.txt,Ruficollis,Entre_Rios,No year,simple,28,C_19_109,C_19_109.wav,D:/Sporophila_vocalizations/Entre_Rios/No year/Ruficollis,C_19_109.wav_1168,NANANA,C_19_109.wav,1,1,1151.212445,1151.282105,1151.18342,1151.344025,0.248478667,0.160605,0.06966,1151.21438,1151.21438,1151.239535,3301.733333,3502.7,3387.9,893.3333333,200.9666667,459.3666667,3474,-0.884833605,0.373024522,3072.066667,-14.8,3646.266667,4.933333333,0.333333333,132.4666667,1.278666667,2.459,1.155666667,1.410666667,0.248478645,3.354166335,-1.176825614,3.358611309,-1.075755923,-1.138048365,-0.716015059,-1.235697981,-1.110921991,0.149658534,0.092382781,-1.162799022,-0.748288298,0.845096426,-0.507732212,-0.054268416,0.299305003,-1.047777914,-0.039825918,-1.396576004,0.588,13.25,3.577,3.185,-1.401754709,3.479,225.133,2.48,225.133,226.5723464,5.08,0.332378761,-0.66470151,2.6,0.599457921,-0.819354381,1.093072105,0.397968309,Ruficollis_Entre_Rios,NA,0.587411673,-2526.756925,1266.339999,2137.064371,1208.897336,45.5325619,-1110.61542,-616.6385917,-42.20280181,-289.6873615,-413.1909267,-34.89610895,566.2606308,190.2435814,-387.8604939,-128.0285695,-14.44589703,-219.4427336,-62.3000985,-65.35917054,-258.4557229,-4.830851646,1.29E-11
C_19_109.wav_Ruficollis_simple_712,H:\Sporophila_vocalizations\M-F consolidated\converted_sound_files\C_19_109.wav,Ruficollis_final_kjochecked_CecilasImageCorrections.txt,Ruficollis,Entre_Rios,No year,simple,712,C_19_109,C_19_109.wav,D:/Sporophila_vocalizations/Entre_Rios/No year/Ruficollis,C_19_109.wav_3009,NANANA,C_19_109.wav,1,1,1118.505204,1118.567124,1118.474244,1118.621304,0.265420667,0.14706,0.06192,1118.511009,1118.511009,1118.532294,3301.733333,3474.033333,3387.866667,1266.666667,172.2666667,430.6666667,3474.033333,-0.88473597,0.570940695,3072.066667,-19.76666667,3646.266667,14.8,1.666666667,128.7333333,1.361666667,2.386333333,1.220666667,2.149666667,0.265420561,3.339798319,-0.996376387,3.34613792,-1.136249643,-1.174220019,-0.685752144,-0.58449167,-0.107074578,0.159733491,0.084219592,0.780111967,1.11541159,0.78678916,-0.440898665,-1.409897775,0.186894957,-0.986339316,-0.953922154,-1.084257973,1.078,10,2.989,2.989,-0.157211395,3.479,192.536,2.2,192.536,193.8032336,5.16,0.332378761,-0.367536799,2.96,0.16412468,-0.305512326,0.02005285,0.555853717,Ruficollis_Entre_Rios,NA,0.833957433,-3233.134751,101.1407438,265.267949,-520.3077517,-1354.188863,114.9047752,107.2872438,190.2414748,-962.1174155,-264.2100451,112.4877771,35.16565046,79.21681462,-437.5977951,-201.3258666,103.4038954,-202.2253004,84.02465958,-222.2623904,-4.925984498,-61.79753938,-4.89E-12
C_19_110_A.wav_Palustris_simple_249,H:\Sporophila_vocalizations\M-F consolidated\converted_sound_files\C_19_110_A.wav,Palustris_final_kjochecked_CecilasImageCorrections.txt,Palustris,Entre_Rios,No year,simple,249,C_19_110,C_19_110_A.wav,D:/Sporophila_vocalizations/Entre_Rios/No year/Palustris,C_19_110_A.wav_2829,NANANA,C_19_110_A.wav,1,1,4219.143148,4219.216678,4219.116058,4219.278598,0.234579333,0.16254,0.07353,4219.150888,4219.150888,4219.174108,3933.366667,4450.2,4220.533333,2559.233333,516.8,1148.433333,4364.066667,1.722229882,-1.94107227,3359.166667,-34.63333333,5139.233333,19.76666667,0.666666667,130.8666667,1.539333333,3.912333333,1.270666667,2.72,0.23457944,4.114651626,1.050548063,4.070688804,1.081826453,1.384303831,1.327953149,-1.168662824,-1.326945049,0.15146966,0.098118667,-1.465471626,-1.00775538,0.888399524,-0.232578208,0.966220903,0.3282647,1.430734509,0.569571572,1.570445289,2.254,5.533333333,5.341,4.165,-5.709820307,4.361,88.863,2.891,88.863,89.86419626,6.2559,0.332378761,-0.908496441,3.3649,-0.508776573,0.703090393,-0.815082615,-0.549710889,Palustris_Entre_Rios,NA,-0.782522614,4699.918459,1887.794481,778.5457683,582.0651337,-123.4432695,-276.286442,985.5537563,-76.73692984,-119.738573,-5.554371966,-363.5902611,165.7123656,-3.819310333,-114.1157527,-374.2711121,41.76832854,-109.4434578,230.5321915,64.35919277,10.67046765,-75.17265995,-4.18E-12
C_19_110_A.wav_Palustris_simple_329,H:\Sporophila_vocalizations\M-F consolidated\converted_sound_files\C_19_110_A.wav,Palustris_final_kjochecked_CecilasImageCorrections.txt,Palustris,Entre_Rios,No year,simple,329,C_19_110,C_19_110_A.wav,D:/Sporophila_vocalizations/Entre_Rios/No year/Palustris,C_19_110_A.wav_3495,NANANA,C_19_110_A.wav,1,1,4283.832007,4283.940367,4283.754607,4283.992611,0.326458333,0.238004667,0.10836,4283.857162,4283.857162,4283.890057,3990.8,4277.9,4076.966667,2496.033333,287.1,1177.133333,4105.666667,0.965359379,-0.677453627,3847.266667,-19.76666667,5397.633333,9.866666667,1.666666667,135.9666667,1.427,2.966333333,1.230666667,2.795666667,0.326458645,4.332583302,0.96105123,4.236870053,1.923409602,2.02504081,1.255506032,2.227033389,1.818706821,0.247126302,0.136624335,0.406319049,0.110693574,0.800531962,0.112325094,-1.067896143,0.227477604,2.595463167,0.874270317,1.726604304,2.254,5.278571429,5.341,4.165,-3.285301323,4.165,153.366,2.9858,153.366,154.714491,7.2986,0.332378761,0.70308382,4.3128,0.369652894,-0.330635946,-0.470191638,1.50371629,Palustris_Entre_Rios,NA,-0.054729869,3581.382387,-3447.97174,43.07966762,-1748.980755,867.4357495,1560.569441,453.961537,114.9391989,-860.9710269,923.3346776,-851.7024066,-368.2523492,364.1155372,78.42290248,873.9190748,-598.7522445,-17.51518229,428.1976933,150.2935524,-36.52150521,25.83193413,-2.05E-13
C_19_110_A.wav_Palustris_simple_330,H:\Sporophila_vocalizations\M-F consolidated\converted_sound_files\C_19_110_A.wav,Palustris_final_kjochecked_CecilasImageCorrections.txt,Palustris,Entre_Rios,No year,simple,330,C_19_110,C_19_110_A.wav,D:/Sporophila_vocalizations/Entre_Rios/No year/Palustris,C_19_110_A.wav_3498,NANANA,C_19_110_A.wav,1,1,4297.911039,4298.017464,4297.825899,4298.067774,0.327119333,0.241874667,0.106425,4297.976829,4297.976829,4297.963284,3962.1,4306.633333,4105.666667,2227.466667,344.5,1177.133333,4163.066667,1.133487734,0.510043411,3847.266667,-19.76666667,5426.366667,178.0666667,0.666666667,134.2,1.434666667,2.980333333,1.218666667,2.905666667,0.327119492,4.326413379,0.902014985,4.225269956,1.933712212,1.866724872,0.83345955,2.352814091,2.234581951,0.25319378,0.135136092,0.80121813,0.883555916,0.817188042,0.16201853,-0.675813243,0.277575858,2.511049769,2.397764044,1.726604304,1.764,6.106837607,4.263,3.871,-1.534494622,4.165,167.439,3.0332,167.439,168.807072,7.346,0.332378761,0.714675225,4.3128,0.41918011,-0.240795842,-0.385488917,1.661601698,Palustris_Entre_Rios,NA,0.455996722,3130.950121,-3966.79539,367.3942658,-2797.293379,952.7002487,1467.079971,-182.8594309,958.0519003,312.7485108,1139.023827,-885.555972,-576.9276292,-18.81046512,758.4146566,868.9521629,-8.430210325,-218.4217529,531.7664173,-126.8409501,-145.2022024,2.796297737,1.00E-11
C_19_110_B.wav_Palustris_simple_250,H:\Sporophila_vocalizations\M-F consolidated\converted_sound_files\C_19_110_B.wav,Palustris_final_kjochecked_CecilasImageCorrections.txt,Palustris,Entre_Rios,No year,simple,250,C_19_110,C_19_110_B.wav,D:/Sporophila_vocalizations/Entre_Rios/No year/Palustris,C_19_110_B.wav_2832,NANANA,C_19_110_B.wav,1,1,4361.138976,4361.208636,4361.108016,4361.262815,0.238317667,0.1548,0.06966,4361.173806,4361.173806,4361.171871,3933.366667,4364.033333,4134.366667,2480.233333,430.6666667,1091.033333,4163.066667,1.133487734,-2.154212764,3445.3,-158.2666667,5254.066667,133.5333333,0.666666667,129.2666667,1.761,3.873333333,1.322333333,3.836333333,0.238317757,4.146217961,1.147615455,4.099864878,1.250413452,1.414107257,1.063649594,-0.935050412,-0.866074156,0.151839216,0.090115008,-1.289171687,-0.958733696,0.901360936,-0.378999315,1.26235922,0.414267707,1.050611437,1.178969063,1.414286273,1.96,8.902380952,4.949,3.577,-5.925176145,4.263,39.431,2.9858,39.431,40.45778505,5.9716,0.332378761,-0.842925576,2.9858,-0.444053619,0.519175612,-0.745900327,-0.549710889,Palustris_Entre_Rios,NA,-0.837912533,4390.420607,1700.938464,801.5026874,517.3353393,176.5563177,-352.4822762,907.6800747,70.35756587,185.7190553,778.3347193,-380.880633,56.50268652,52.71478483,208.3684104,-371.6961905,-79.60813279,203.9256328,-254.7611248,51.43712019,-244.4999254,-103.1973766,1.39E-12
C_19_111.wav_Hypoxantha_simple_213,H:\Sporophila_vocalizations\M-F consolidated\converted_sound_files\C_19_111.wav,Hypoxantha_final_kjochecked_CecilasImageCorrections.txt,Hypoxantha,Entre_Rios,No year,simple,213,C_19_111,C_19_111.wav,D:/Sporophila_vocalizations/Entre_Rios/No year/Hypoxantha,C_19_111.wav_1593,NANA,C_19_111.wav,1,1,364.13822,364.2107825,364.10339,364.318175,0.375911,0.214785,0.0725625,364.1469275,364.1469275,364.1527325,3617.55,3875.95,3746.75,1319.55,258.4,646,3789.8,0.040165252,0.761244707,3229.95,-96.45,4091.3,96.45,7,127.25,1.876,2.78,1.167,2.943,0.375911232,3.666924173,-0.022635905,3.657642877,-0.012480682,-0.122800037,-0.286097948,-0.078714552,-0.34009552,0.200776671,0.129496354,0.95310585,0.750462352,0.881024056,0.563432979,0.827845083,0.440147703,-0.101750865,-0.192175291,-0.771939942,1.029,50.45,3.087,3.969,2.507511486,4.263,9.717,2.6291,9.717,10.72076639,4.3902,-1.154578853,1.570492423,1.7611,-0.502275826,-0.134743612,0.178479392,-1.655275495,Hypoxantha_Entre_Rios,NA,-1.405158877,-421.8841478,149.0992694,-2592.044217,-334.4248276,365.3102759,-1359.168585,-470.4261555,-233.2685089,1542.520736,-425.2688226,375.2544743,566.4671074,112.4705809,-514.0671117,-151.9078201,-204.1767952,63.70664554,-184.6619504,-86.66519292,110.8549274,-159.7301135,1.79E-11
C_19_111.wav_Hypoxantha_simple_214,H:\Sporophila_vocalizations\M-F consolidated\converted_sound_files\C_19_111.wav,Hypoxantha_final_kjochecked_CecilasImageCorrections.txt,Hypoxantha,Entre_Rios,No year,simple,214,C_19_111,C_19_111.wav,D:/Sporophila_vocalizations/Entre_Rios/No year/Hypoxantha,C_19_111.wav_1595,NANA,C_19_111.wav,1,1,373.069195,373.2143195,373.025658,373.310102,0.448598,0.2844445,0.145125,373.0837075,373.0837075,373.1214395,3660.65,4091.3,3789.85,1658.55,430.65,861.35,3832.9,0.166407971,0.852590633,3100.75,-140.95,4263.55,140.95,10.5,127.4,2.035,3.0785,1.493,2.9655,0.448598131,3.717439729,0.600305512,3.684423235,-0.201866342,0.488006657,1.643865133,1.401168207,0.670802158,0.260191484,0.17054493,1.022181166,1.428698741,0.866762266,1.382295162,0.53267852,0.467384991,0.462530568,-0.649223409,-0.303462896,1.47,67.91666667,3.675,3.528,-0.165498738,4.41,18.653,2.7317,18.653,19.62273832,4.5854,-1.154578853,2.845435676,1.8537,-0.588344676,0.021294482,-1.548468828,-0.865665079,Hypoxantha_Entre_Rios,NA,0.30475965,459.1436526,-2052.039274,-3440.058954,-120.0474684,-369.1015993,1517.171051,-474.3082953,320.8002358,1681.152017,-482.120292,-506.4679913,1041.998177,-371.3957815,-645.5112378,-932.6057228,-661.7267519,-330.5434571,138.3521296,-127.2776574,297.5534977,-34.9302907,-1.79E-11
C_19_111.wav_Hypoxantha_simple_215,H:\Sporophila_vocalizations\M-F consolidated\converted_sound_files\C_19_111.wav,Hypoxantha_final_kjochecked_CecilasImageCorrections.txt,Hypoxantha,Entre_Rios,No year,simple,215,C_19_111,C_19_111.wav,D:/Sporophila_vocalizations/Entre_Rios/No year/Hypoxantha,C_19_111.wav_1597,NANA,C_19_111.wav,1,1,388.751372,388.8297395,388.693322,388.887789,0.364486,0.1944675,0.0783675,388.7658845,388.7658845,388.7891045,3402.25,3574.5,3445.3,1170.7,172.25,430.65,3488.35,-0.842801516,0.989609522,3100.75,-14.8,3746.8,66.8,1,138.25,1.477,2.4445,0.891,2.781,0.364485982,3.486458397,-0.769466358,3.513904218,-0.555918653,-0.712547893,-0.685424948,1.149925871,1.346566025,0.217695997,0.115772,0.631209075,0.800301095,0.86383345,0.446013718,0.421235535,0.350937062,-0.734990894,-0.192175291,-1.240416988,0.735,31.66666667,3.675,2.94,-2.09795602,3.675,34.186,2.5366,34.186,35.3853458,3.9512,-1.154578853,1.370091175,1.4146,-0.007587351,-0.917304279,2.281117105,-1.813160903,Hypoxantha_Entre_Rios,NA,-1.845108658,-2395.248452,-1054.487687,-2589.42405,131.6586367,1972.603175,-2171.952958,-1175.278824,-968.8437918,800.1820661,651.5391837,-37.74712466,-412.7664964,68.69456458,-488.8011372,74.96026731,244.4637238,-29.94869548,-138.6030243,-15.01445698,46.49288907,-337.4754089,7.90E-12
C_19_112.wav_Hypoxantha_simple_17,H:\Sporophila_vocalizations\M-F consolidated\converted_sound_files\C_19_112.wav,Hypoxantha_final_kjochecked_CecilasImageCorrections.txt,Hypoxantha,Entre_Rios,No year,simple,17,C_19_112,C_19_112.wav,D:/Sporophila_vocalizations/Entre_Rios/No year/Hypoxantha,C_19_112.wav_883,NANA,C_19_112.wav,1,1,595.159354,595.284161,595.112914,595.356723,0.3409975,0.2438095,0.1248075,595.1390365,595.1390365,595.223209,3273,3660.65,3402.25,1848.75,387.6,818.25,3703.7,-0.21202728,-0.083705108,3014.65,-22.25,4091.3,7.4,0.5,127.95,1.5215,3.525,1.262,2.8405,0.340997289,3.503687819,0.350142419,3.460630331,-0.89502624,-0.581200426,0.331085386,1.855399752,1.431967773,0.246811685,0.143336088,-1.498187677,-1.049537729,0.897473593,0.232097989,1.19872177,0.378036477,-0.558848395,-0.649223409,-0.303462896,1.47,18.91666667,3.969,2.793,-3.317005891,3.675,88.933,2.479,88.933,89.80571797,5.084,-1.154578853,0.95809465,2.605,-0.833742955,0.458245726,-0.410838308,-1.181435896,Hypoxantha_Entre_Rios,NA,-1.183000349,-180.2690952,369.9722472,-2161.469963,1991.575227,2621.814834,1170.431138,-20.357611,-543.7430892,745.3481269,510.4514028,-19.14230657,-65.30687922,83.42988052,78.6034472,-402.2015293,170.2069012,55.34443322,556.1514827,43.3347102,-111.3529363,14.47414739,2.24E-11
C_19_112.wav_Hypoxantha_simple_18,H:\Sporophila_vocalizations\M-F consolidated\converted_sound_files\C_19_112.wav,Hypoxantha_final_kjochecked_CecilasImageCorrections.txt,Hypoxantha,Entre_Rios,No year,simple,18,C_19_112,C_19_112.wav,D:/Sporophila_vocalizations/Entre_Rios/No year/Hypoxantha,C_19_112.wav_885,NANANA,C_19_112.wav,1,1,607.226958,607.348862,607.178583,607.430132,0.360822667,0.251549333,0.121905,607.257918,607.257918,607.2888777,3416.566667,3703.7,3560.166667,1960.766667,287.1333333,689.0666667,3646.3,-0.380155635,-0.053256466,3043.333333,-19.76666667,4105.666667,9.866666667,1,130.4,1.404333333,3.181,1.116666667,2.595333333,0.360822712,3.517226345,0.034462733,3.540567576,-0.587627343,-0.507817988,-0.102583223,1.457195419,1.064489858,0.241766621,0.144967453,-0.068490766,0.029794836,0.859918477,0.458381156,0.330630868,0.281991875,-0.274530858,-0.649223409,-0.459621911,1.372,9.952380952,3.773,3.381,-0.809517461,3.675,100.777,2.1849,100.777,102.2003339,4.8739,0.332378761,1.305836676,2.689,0.558956622,-0.498087245,-0.606157658,-1.181435896,Hypoxantha_Entre_Rios,NA,-0.981262199,-939.7000808,-1058.114929,-1506.884591,792.8972012,944.1772772,277.0030045,1013.470236,-1198.718913,1049.741081,607.3347592,-99.05200306,203.516387,173.9899056,-217.9546164,-256.8509525,-203.6571824,63.13733868,328.7858778,22.57496001,0.411532492,9.177376111,-3.40E-12
C_19_112.wav_Hypoxantha_simple_19,H:\Sporophila_vocalizations\M-F consolidated\converted_sound_files\C_19_112.wav,Hypoxantha_final_kjochecked_CecilasImageCorrections.txt,Hypoxantha,Entre_Rios,No year,simple,19,C_19_112,C_19_112.wav,D:/Sporophila_vocalizations/Entre_Rios/No year/Hypoxantha,C_19_112.wav_888,NANANA,C_19_112.wav,1,1,623.7015157,623.806005,623.658946,623.910495,0.379326667,0.251549667,0.10449,623.7189307,623.7189307,623.744085,3502.7,3789.833333,3646.3,1470.566667,287.1,689.0333333,3732.433333,-0.127865467,0.373024522,3043.333333,-14.8,3990.8,29.66666667,0.666666667,133.9,1.355666667,3.158,0.730333333,2.570333333,0.379326442,3.568545874,-0.431515067,3.581399079,-0.396374215,-0.35930737,-0.111695111,1.04163909,0.917344738,0.236278314,0.142152514,-1.252315542,-0.907129054,0.894899023,0.637418239,1.156221002,0.362068537,-0.227518922,-0.039825918,-0.615780927,1.078,19.77777778,3.675,3.185,-1.113578093,3.773,117.196,2.3529,117.196,118.730299,4.3697,0.332378761,1.630395916,2.0168,0.839625992,-0.766149616,-0.339254061,-1.181435896,Hypoxantha_Entre_Rios,NA,-1.369504628,-512.295038,-736.0968707,-619.7076695,1434.889793,2050.107591,-126.5789578,642.0940309,-1379.198248,1938.021316,268.4966456,-196.6235226,638.3809447,433.151767,-463.4866942,-123.8415427,62.04379102,-293.2580618,52.33323081,-95.32911113,-80.54024543,-4.948893107,-8.31E-12
C_19_112.wav_Hypoxantha_simple_21,H:\Sporophila_vocalizations\M-F consolidated\converted_sound_files\C_19_112.wav,Hypoxantha_final_kjochecked_CecilasImageCorrections.txt,Hypoxantha,Entre_Rios,No year,simple,21,C_19_112,C_19_112.wav,D:/Sporophila_vocalizations/Entre_Rios/No year/Hypoxantha,C_19_112.wav_891,NANANA,C_19_112.wav,1,1,658.378583,658.500488,658.334078,658.585627,0.364787667,0.251549333,0.121905,658.368908,658.368908,658.436633,3445.266667,3732.4,3560.166667,2226.866667,287.1333333,689.0666667,3761.133333,-0.04380129,-0.129378071,3100.766667,-24.7,4249.233333,4.933333333,0.333333333,131.1333333,1.421,3.179,1.257666667,2.535666667,0.364787797,3.595290303,0.240383003,3.582321038,-0.368612835,-0.351080587,-0.146805606,1.530310828,1.158192433,0.245628306,0.147126726,-0.157867827,-0.298593221,0.846672263,0.497629544,0.022940955,0.225657587,-0.115205595,0.569571572,-0.303462896,1.078,7.888888889,4.067,3.185,-2.393362652,3.773,151.91,2.1849,151.91,153.3653339,5.1261,0.332378761,1.375385087,2.9412,0.639895774,-0.584042354,-0.509392074,-1.023550488,Hypoxantha_Entre_Rios,NA,-0.908931324,-409.3422558,-1202.0315,-937.3966165,230.8201211,1320.043351,243.5377982,724.4399339,-1201.046858,1229.400283,910.1167571,-478.0606467,589.0052842,65.9668673,219.3466383,-89.72747326,0.137146775,420.8539518,451.2917194,-160.9745654,-147.0819833,28.15641411,-8.01E-12
C_19_113_A.wav_Hypoxantha_simple_25,H:\Sporophila_vocalizations\M-F consolidated\converted_sound_files\C_19_113_A.wav,Hypoxantha_final_kjochecked_CecilasImageCorrections.txt,Hypoxantha,Entre_Rios,No year,simple,25,C_19_113,C_19_113_A.wav,D:/Sporophila_vocalizations/Entre_Rios/No year/Hypoxantha,C_19_113_A.wav_920,NANA,C_19_113_A.wav,1,1,835.538129,835.6629365,835.4945915,835.776134,0.3965085,0.2815415,0.1248075,835.5120065,835.5120065,835.5932765,3660.65,4048.2,3746.75,2750.55,387.6,1205.85,3962.1,0.544843222,0.852590633,3143.8,-29.65,4349.7,96.45,2,146.2,1.7385,3.408,1.552,3.0005,0.396508475,3.934215971,1.649140345,3.760537939,0.179344932,1.422965641,3.245210916,1.032429959,0.309492958,0.244093554,0.161011355,1.202769564,0.896094932,0.850452697,0.830837911,0.125280314,0.260234831,0.164650032,-0.649223409,0.867729719,2.205,3.961538462,3.087,3.234,0.426730555,3.822,110.04,2.1849,110.04,111.0194037,6.5516,-1.154578853,1.931772335,4.3667,-0.563897484,-0.007691829,-0.45258314,0.240082901,Hypoxantha_Entre_Rios,NA,-0.795097083,2148.417425,-2197.149911,-3359.792966,582.8973908,-846.5121806,774.2645283,-652.0853879,1031.475725,243.9710235,-599.6949359,-1597.360359,679.1584799,334.7398885,-231.9874191,434.9073241,319.1665905,-85.13083868,-145.095145,109.670222,336.9749581,95.31158033,2.13E-11
C_19_113_A.wav_Hypoxantha_simple_26,H:\Sporophila_vocalizations\M-F consolidated\converted_sound_files\C_19_113_A.wav,Hypoxantha_final_kjochecked_CecilasImageCorrections.txt,Hypoxantha,Entre_Rios,No year,simple,26,C_19_113,C_19_113_A.wav,D:/Sporophila_vocalizations/Entre_Rios/No year/Hypoxantha,C_19_113_A.wav_922,NANA,C_19_113_A.wav,1,1,842.2806235,842.405431,842.2399885,842.5186285,0.3965085,0.278639,0.1248075,842.260306,842.260306,842.3386735,3617.6,4091.3,3789.85,2813.65,473.75,1292,3962.1,0.544843222,-0.152214552,3143.85,-37.1,4349.7,14.8,2.5,146.25,1.763,3.467,1.4505,3.4125,0.396508476,3.950929927,1.734806444,3.807376529,0.176721961,1.472296011,3.375534429,1.069096774,0.411478548,0.243132108,0.15819701,1.022974259,0.804460597,0.84815626,0.83370408,0.070975882,0.27170006,0.149412524,-1.106271527,0.633491196,2.205,6.227272727,2.646,3.234,1.490246549,3.675,116.797,2.3529,116.797,117.7682641,6.5516,-1.154578853,1.931772344,4.1987,-0.58448552,0.136275281,-0.530936688,0.398151684,Hypoxantha_Entre_Rios,NA,-0.968500511,2413.898785,-1999.072018,-3464.944323,991.8632558,-929.8376844,1038.680312,-449.1001135,719.8509036,-261.331006,-130.6235552,-1413.120086,719.853505,374.9080018,-763.9267896,369.5997399,139.3326831,206.1841437,-158.1785071,57.11438775,221.6778909,53.66324903,9.60E-12
C_19_113_A.wav_Hypoxantha_simple_28,H:\Sporophila_vocalizations\M-F consolidated\converted_sound_files\C_19_113_A.wav,Hypoxantha_final_kjochecked_CecilasImageCorrections.txt,Hypoxantha,Entre_Rios,No year,simple,28,C_19_113,C_19_113_A.wav,D:/Sporophila_vocalizations/Entre_Rios/No year/Hypoxantha,C_19_113_A.wav_932,NANA,C_19_113_A.wav,1,1,856.047154,856.169059,856.006519,856.285159,0.398491,0.2786395,0.121905,856.0558615,856.0558615,856.105204,3617.6,4392.75,3832.9,3013.1,775.2,1378.1,3875.95,0.292504237,0.350188041,3143.8,-148.35,4694.25,140.95,5.5,146.4,1.798,3.5365,1.553,3.2645,0.398491018,4.011318716,1.952557552,4.027064334,0.191864406,1.639116698,3.767844318,0.924480879,0.353742367,0.237933237,0.154047104,1.122526365,0.968227645,0.840915765,0.851515674,-0.096653286,0.240235004,0.39398644,-1.563319645,0.633491196,2.352,6.583333333,3.528,2.94,-1.453867001,3.822,130.546,1.9328,130.546,131.5334386,6.5304,-1.154578853,1.966546549,4.5976,-0.543574381,-0.07523043,-0.413406371,0.871807908,Hypoxantha_Entre_Rios,NA,-0.131768406,2285.410146,-2615.251249,-3250.397205,1152.571884,-1444.022271,1302.320172,-765.4564284,1183.017552,-610.9277981,-745.6502603,-1549.04973,624.959817,309.7781531,-716.8203563,297.3864653,-242.103197,-48.77386486,-234.6589487,-30.56053886,209.1387956,-41.76275413,-2.62E-11
C_19_113_A.wav_Hypoxantha_simple_29,H:\Sporophila_vocalizations\M-F consolidated\converted_sound_files\C_19_113_A.wav,Hypoxantha_final_kjochecked_CecilasImageCorrections.txt,Hypoxantha,Entre_Rios,No year,simple,29,C_19_113,C_19_113_A.wav,D:/Sporophila_vocalizations/Entre_Rios/No year/Hypoxantha,C_19_113_A.wav_934,NANA,C_19_113_A.wav,1,1,861.8434355,861.9653405,861.7853855,862.052415,0.3885785,0.2670295,0.121905,861.846338,861.846338,861.9014855,3574.5,4134.35,3703.7,2608.55,559.9,1205.85,3746.75,-0.085931014,0.007640818,3186.9,-111.25,4263.55,103.85,2.5,140.9,1.7555,3.3725,1.423,2.833,0.388578305,3.943273981,1.715829944,3.778423492,0.184282095,1.430481049,3.25430741,1.195288765,0.734677482,0.240482965,0.149675908,1.180546128,0.851446734,0.852229061,0.742049631,0.162736412,0.30857959,0.167917649,0.264872827,0.633491196,1.764,8.444444444,4.263,3.087,-3.17729505,3.822,136.352,2.395,136.352,137.2993688,6.4777,-1.154578853,1.792675521,4.0827,-0.644924948,0.21310259,-0.608281936,0.240082901,Hypoxantha_Entre_Rios,NA,-0.619567382,2183.726646,-1922.20943,-3111.925508,406.0678709,-662.350231,1129.564938,-782.6964298,1054.471245,320.4794984,573.9675142,-1896.540791,662.4692607,70.58528393,-31.88977705,364.4511727,-88.6066111,245.6486174,-392.7008761,-76.47515357,138.3032925,-1.415250414,6.82E-12
C_19_113_A.wav_Hypoxantha_simple_30,H:\Sporophila_vocalizations\M-F consolidated\converted_sound_files\C_19_113_A.wav,Hypoxantha_final_kjochecked_CecilasImageCorrections.txt,Hypoxantha,Entre_Rios,No year,simple,30,C_19_113,C_19_113_A.wav,D:/Sporophila_vocalizations/Entre_Rios/No year/Hypoxantha,C_19_113_A.wav_936,NANA,C_19_113_A.wav,1,1,866.5048415,866.635454,866.4642065,866.745748,0.3965085,0.281542,0.1306125,866.5048415,866.5048415,866.565794,3617.6,4134.35,3832.9,2776.65,516.8,1292,3962.1,0.544843222,0.053313781,3143.8,-29.65,4349.7,37.1,1.5,147.2,1.773,3.4925,1.4785,3.4225,0.396508475,3.960219644,1.675573451,3.819706227,0.196095653,1.466532257,3.321870877,0.905920614,0.118373138,0.24020362,0.160593732,1.138344801,0.880564035,0.847784288,0.834443782,0.062840351,0.249299046,0.139741485,-0.649223409,0.399252673,1.911,8.227272727,4.263,3.234,-2.643871125,3.822,141.018,2.1429,141.018,142.0013688,6.4777,-1.154578853,1.931772335,4.3348,-0.553868402,-0.007691829,-0.414414661,0.556037092,Hypoxantha_Entre_Rios,NA,-0.70112348,2260.954671,-2004.552337,-3102.393922,747.5412382,-1101.336889,839.4217885,-777.3637888,977.7055663,-42.25732533,-182.1109485,-1511.65767,919.4623827,337.5381415,-725.7289564,361.2180405,93.88917695,305.0005218,-137.1608725,50.55251137,168.0813687,48.36549584,-1.07E-12
C_19_113_A.wav_Hypoxantha_simple_31,H:\Sporophila_vocalizations\M-F consolidated\converted_sound_files\C_19_113_A.wav,Hypoxantha_final_kjochecked_CecilasImageCorrections.txt,Hypoxantha,Entre_Rios,No year,simple,31,C_19_113,C_19_113_A.wav,D:/Sporophila_vocalizations/Entre_Rios/No year/Hypoxantha,C_19_113_A.wav_938,NANA,C_19_113_A.wav,1,1,877.275998,877.3833905,877.241168,877.4762695,0.3747005,0.2351025,0.1073925,877.264388,877.264388,877.3253405,3660.65,3962.1,3789.85,2782.05,301.45,1033.6,3919,0.418600503,-0.060868626,3186.9,-29.65,4263.55,7.4,0.5,146.55,1.689,3.1655,1.359,3.2555,0.37470051,3.914934508,1.573247362,3.770664494,0.224839605,1.347596649,2.962465484,0.50034054,-0.123505795,0.215856005,0.140640633,1.194437071,0.762381126,0.848680038,0.574698669,0.073356547,0.277172841,0.23929642,-1.106271527,0.633491196,2.205,22.44230769,4.263,2.646,-4.411942201,3.969,151.801,1.8487,151.801,152.7326132,6.5304,-1.154578853,1.549256118,4.6817,-0.684776331,0.136275281,-0.492768219,-0.07587129,Hypoxantha_Entre_Rios,NA,-0.9457561,2228.777153,-1284.17068,-3287.189272,708.1240995,-1121.352769,450.6763206,-281.362687,735.8037794,-253.3181358,-440.9886449,-1251.450849,633.3598124,326.0231902,-580.8938423,244.6301063,-114.016075,152.0874587,-251.3316142,86.20369382,329.028928,54.42972177,1.05E-11
C_19_113_A.wav_Hypoxantha_simple_33,H:\Sporophila_vocalizations\M-F consolidated\converted_sound_files\C_19_113_A.wav,Hypoxantha_final_kjochecked_CecilasImageCorrections.txt,Hypoxantha,Entre_Rios,No year,simple,33,C_19_113,C_19_113_A.wav,D:/Sporophila_vocalizations/Entre_Rios/No year/Hypoxantha,C_19_113_A.wav_947,NANA,C_19_113_A.wav,1,1,907.0991265,907.194909,907.0642975,907.2906915,0.368753,0.226395,0.0957825,907.096224,907.096224,907.1455665,3660.65,3919,3746.75,2373.95,258.4,1076.65,3875.95,0.292504237,1.012446004,3229.95,-111.25,4220.5,111.25,4,149.95,1.6645,3.024,1.4065,3.2755,0.368752883,3.915868187,1.372955153,3.752340577,0.302427983,1.324339255,2.747109605,0.172998043,-0.181362754,0.204977664,0.130813452,1.824244766,1.503297633,0.830287151,0.508361395,-0.359245466,0.271949687,0.297164074,-0.192175291,0.399252673,1.764,10.55555556,3.822,2.94,-2.394337216,3.969,181.626,2.7311,181.626,182.5576481,6.3445,-1.154578853,1.444933501,3.6134,-0.684688018,0.111409819,-0.377926685,-0.07587129,Hypoxantha_Entre_Rios,NA,-0.983608727,1610.881762,-1412.591625,-3258.378886,-522.2365847,-1447.479421,-15.61666977,-637.2806392,1213.261231,273.2775785,-630.8695407,-1689.893213,522.5527904,321.6660026,-337.8017454,562.2891161,116.1317973,-39.26668193,-265.9365202,-129.1386829,192.2477218,-12.13199721,-1.56E-11
C_19_113_B.wav_Hypoxantha_simple_36,H:\Sporophila_vocalizations\M-F consolidated\converted_sound_files\C_19_113_B.wav,Hypoxantha_final_kjochecked_CecilasImageCorrections.txt,Hypoxantha,Entre_Rios,No year,simple,36,C_19_113,C_19_113_B.wav,D:/Sporophila_vocalizations/Entre_Rios/No year/Hypoxantha,C_19_113_B.wav_955,NANA,C_19_113_B.wav,1,1,960.45568,960.56017,960.42085,960.6675625,0.390561,0.246712,0.10449,960.44407,960.44407,960.4992175,3703.7,4048.2,3789.85,2563.05,344.5,1033.6,3962.1,0.544843222,0.487206929,3229.95,-111.25,4349.7,111.25,3,148.9,1.7385,3.1775,1.3985,2.4745,0.390560848,3.966632191,1.556837103,3.803031547,0.306513736,1.487740247,3.153040287,0.314568146,-0.428433366,0.215033247,0.145357874,1.239510872,0.970381219,0.85527997,0.750304506,0.234725992,0.305044085,0.464739076,-0.192175291,0.867729719,2.058,19.5,4.704,3.528,-3.068424564,3.969,37.081,2.3109,37.081,38.03343864,6.4286,-1.154578853,1.827449736,4.1177,-0.632101578,0.130024885,-0.597647502,-0.233756698,Hypoxantha_Entre_Rios,NA,-0.69182898,2549.886357,-1393.019772,-3090.593731,230.2020147,-1223.402923,274.5792997,-589.8779503,1038.394343,480.2332667,-591.7491046,-1618.189122,999.7195156,52.09375949,-242.6132375,195.3795445,-34.99238477,-149.5105001,-262.0511222,58.15729961,359.5842043,44.53796636,2.17E-11
C_19_113_C.wav_Hypoxantha_simple_222,H:\Sporophila_vocalizations\M-F consolidated\converted_sound_files\C_19_113_C.wav,Hypoxantha_final_kjochecked_CecilasImageCorrections.txt,Hypoxantha,Entre_Rios,No year,simple,222,C_19_113,C_19_113_C.wav,D:/Sporophila_vocalizations/Entre_Rios/No year/Hypoxantha,C_19_113_C.wav_1645,NANA,C_19_113_C.wav,1,1,1011.420579,1011.545386,1011.371236,1011.652778,0.4023365,0.2815415,0.1248075,1011.472824,1011.472824,1011.478629,3617.55,3919,3703.7,3025.25,301.45,1292,3703.7,-0.21202728,-0.060868626,3186.9,-14.8,4306.65,7.4,1,145.8,1.6395,3.245,1.392,3.346,0.402336449,3.887720475,1.886388959,3.721525173,0.137227286,1.160358193,2.664491419,1.101651771,0.383110754,0.245535621,0.161115916,3.511897227,4.881779634,0.827735711,0.898687416,-0.403354029,0.274961262,0.209835178,-0.649223409,0.399252673,1.911,11.9,3.381,3.087,-0.632731873,3.822,16.233,2.5256,16.233,17.19256075,6.7712,-1.154578853,2.033996204,4.2456,-0.614087298,0.187113389,-0.755796364,0.556037092,Hypoxantha_Entre_Rios,NA,-1.091268384,1056.90355,-2992.333553,-5210.926275,-1556.597559,-3531.216296,281.6513988,-471.2818153,1640.077502,111.5420416,1395.061313,-840.1227801,185.4690468,127.4148901,-931.1580714,237.5829396,97.7972893,-376.5151989,-19.26521559,39.42783531,-485.0590317,-102.9496735,-1.02E-12
C_19_113_C.wav_Hypoxantha_simple_223,H:\Sporophila_vocalizations\M-F consolidated\converted_sound_files\C_19_113_C.wav,Hypoxantha_final_kjochecked_CecilasImageCorrections.txt,Hypoxantha,Entre_Rios,No year,simple,223,C_19_113,C_19_113_C.wav,D:/Sporophila_vocalizations/Entre_Rios/No year/Hypoxantha,C_19_113_C.wav_1647,NANA,C_19_113_C.wav,1,1,1013.896406,1014.021213,1013.823844,1014.114093,0.4443925,0.2902495,0.1248075,1013.971871,1013.971871,1013.951554,1894.95,1981.05,1938,879.65,86.1,215.35,1938,-5.383878076,0.966773041,1722.65,-14.8,2024.1,7.4,2,153.05,1.269,1.6865,1.2285,1.8435,0.444392523,1.926934774,-1.748184804,1.934745811,-6.030932121,-5.41035055,-1.556005946,2.801133943,2.766790001,0.286821108,0.159094134,2.619259312,2.760467892,0.734923536,1.323135812,-2.556389701,0.100942318,-5.520516123,-4.76265647,-3.817040742,0.588,16,1.764,1.764,-0.15600243,2.058,18.645,1.3043,18.645,19.74392523,2.439,-1.154578853,2.771668442,1.1347,-0.261585948,0.086902777,-0.223929416,-2.602954693,Hypoxantha_Entre_Rios,NA,-0.969947178,-12296.9861,-435.5480708,-7119.353874,2234.399447,-868.4965715,1757.025184,241.3846914,-2887.940137,-584.7730558,1724.597271,150.8879317,514.6874805,-504.7158798,-346.1277593,-647.8215335,16.47890245,124.642067,246.7735023,-112.4398948,218.3424408,-195.2388942,-1.49E-11
C_19_113_C.wav_Hypoxantha_simple_225,H:\Sporophila_vocalizations\M-F consolidated\converted_sound_files\C_19_113_C.wav,Hypoxantha_final_kjochecked_CecilasImageCorrections.txt,Hypoxantha,Entre_Rios,No year,simple,225,C_19_113,C_19_113_C.wav,D:/Sporophila_vocalizations/Entre_Rios/No year/Hypoxantha,C_19_113_C.wav_1654,NANA,C_19_113_C.wav,1,1,1027.448152,1027.555544,1027.41042,1027.668742,0.3995325,0.258322,0.1073925,1027.439444,1027.439444,1027.494592,3660.65,3962.1,3746.75,3000,301.45,1162.8,3919,0.418600503,0.418697485,3143.8,-59.35,4651.15,118.7,2,144.2,1.6845,3.189,1.415,3.2945,0.39953271,3.94391971,1.839450919,3.773780137,0.28431891,1.461032073,3.130085319,0.68628566,0.204878737,0.229984247,0.148802704,2.717385515,2.946360508,0.837754611,0.854077131,-0.170955954,0.270102096,0.23429242,-0.649223409,0.633491196,2.058,7.787878788,3.234,2.94,-0.694437086,3.969,32.279,2.2927,32.279,33.22336449,7.1707,-1.154578853,1.984818042,4.878,-0.65252394,0.307207441,-0.848099379,0.240082901,Hypoxantha_Entre_Rios,NA,-0.860504111,1885.612199,-2415.861716,-4420.282887,-739.5388607,-2561.239072,519.3686988,-434.9714508,1469.362347,275.8343422,142.7598537,-1275.024024,463.7967928,105.6006543,-666.1883651,293.9012111,230.1568713,-73.09287383,-230.2677129,-104.0127625,123.450484,2.811243572,-2.10E-11
C_19_113_C.wav_Hypoxantha_simple_39,H:\Sporophila_vocalizations\M-F consolidated\converted_sound_files\C_19_113_C.wav,Hypoxantha_final_kjochecked_CecilasImageCorrections.txt,Hypoxantha,Entre_Rios,No year,simple,39,C_19_113,C_19_113_C.wav,D:/Sporophila_vocalizations/Entre_Rios/No year/Hypoxantha,C_19_113_C.wav_968,NANA,C_19_113_C.wav,1,1,1072.785114,1072.947653,1072.732869,1073.020215,0.3925435,0.287347,0.16254,1072.907018,1072.907018,1072.901213,3445.3,3962.1,3746.75,2857.1,516.8,1076.65,3445.3,-0.968897782,0.121823226,3186.9,-14.8,4220.5,7.4,0.5,137,1.6565,3.2385,1.4105,2.817,0.392543391,3.920538829,1.952889514,3.755785872,0.184172511,1.374994079,3.113887381,1.275111181,0.130888834,0.268871014,0.189033738,0.932733866,0.489540045,0.870602653,0.763563456,0.593101338,0.336967393,-0.084381951,-1.106271527,-0.069224373,1.764,16.05555556,3.381,3.234,-0.285562354,3.822,77.593,2.1429,77.593,78.56426407,6.8067,-1.154578853,1.862223941,4.6638,-0.58448552,0.136275281,-0.45459974,-0.07587129,Hypoxantha_Entre_Rios,NA,-0.650540204,1512.498685,-1654.691214,-3474.002198,1613.837748,-780.2038977,927.8941563,-647.5595265,864.2532393,311.9262524,-75.00538765,-1553.98403,409.3690102,197.1065267,-376.8931917,426.549572,-996.1932282,375.2882676,-625.2642246,401.4225172,-190.55763,-59.32839549,-1.25E-11
C_19_113_C.wav_Hypoxantha_simple_40,H:\Sporophila_vocalizations\M-F consolidated\converted_sound_files\C_19_113_C.wav,Hypoxantha_final_kjochecked_CecilasImageCorrections.txt,Hypoxantha,Entre_Rios,No year,simple,40,C_19_113,C_19_113_C.wav,D:/Sporophila_vocalizations/Entre_Rios/No year/Hypoxantha,C_19_113_C.wav_970,NANA,C_19_113_C.wav,1,1,1076.607698,1076.790556,1076.552552,1076.880533,0.386596,0.3279815,0.1828575,1076.668651,1076.668651,1076.712188,3531.4,3875.95,3703.7,2563,344.55,1248.9,3832.9,0.166407971,0.350188041,3186.9,-59.35,4522,96.45,0.5,129.25,1.643,3.6235,1.3925,2.9385,0.386595764,3.845630453,1.555009682,3.699420888,0.020667655,1.044368818,2.605463269,2.668098028,0.876822287,0.282570166,0.189180588,0.184369537,-0.118121435,0.875475488,0.736454983,0.706070029,0.320927128,0.060126605,-0.649223409,0.399252673,1.911,14.75,3.822,3.822,-0.043036058,3.675,81.413,2.2269,81.413,82.36040373,6.3025,-1.154578853,1.757901333,4.0756,-0.644836633,0.187113389,-0.56977737,-0.07587129,Hypoxantha_Entre_Rios,NA,-1.330252818,1812.667629,-1901.321094,-3344.446478,1459.190329,912.0289875,1412.271068,-379.0947398,453.0824736,618.2961505,212.2979656,-1303.202195,245.2636622,447.4687866,-167.062235,525.402762,-20.16492979,353.021346,446.3662552,714.9973414,66.56257994,249.6602521,1.78E-11
C_19_116_A.wav_Ruficollis_simple_30,H:\Sporophila_vocalizations\M-F consolidated\converted_sound_files\C_19_116_A.wav,Ruficollis_final_kjochecked_CecilasImageCorrections.txt,Ruficollis,Esperanza,No year,simple,30,C_19_116,C_19_116_A.wav,D:/Sporophila_vocalizations/Esperanza/No year/Ruficollis,C_19_116_A.wav_1176,NANA,C_19_116_A.wav,1,1,1199.121984,1199.194547,1199.063934,1199.249694,0.2551405,0.18576,0.0725625,1199.174229,1199.174229,1199.159717,3531.45,3703.7,3574.5,1120,172.25,473.75,3574.5,-0.590462531,0.098986744,3402.2,-14.8,4091.3,7.4,1.5,137.95,1.5255,2.387,1.2245,2.506,0.255140188,3.631038497,-0.897641749,3.617062126,-0.05780991,-0.428858681,-0.970477661,0.066456417,-0.000323815,0.178547566,0.101094194,0.490917472,0.144494456,0.849910661,-0.54342445,0.056055469,0.386828741,-0.076987299,1.63601718,-0.537701419,0.588,4.5,4.116,3.528,-2.25505376,3.822,18.944,2.88,18.944,19.57974766,5.2,-1.154578853,-0.547856671,2.32,-1.433123433,1.707308375,-1.039002918,-0.549527514,Ruficollis_Esperanza,NA,-0.332676389,-659.2576548,2362.170787,-703.4986021,-1835.108955,809.0790807,805.6806599,-434.5726638,823.3160054,830.2800908,825.3005169,148.3212582,-181.8143008,-412.1227065,317.1993611,215.1315874,-192.3390893,217.2402371,-86.2844986,65.05102476,136.669095,139.6506335,-7.98E-12
C_19_116_A.wav_Ruficollis_simple_714,H:\Sporophila_vocalizations\M-F consolidated\converted_sound_files\C_19_116_A.wav,Ruficollis_final_kjochecked_CecilasImageCorrections.txt,Ruficollis,Esperanza,No year,simple,714,C_19_116,C_19_116_A.wav,D:/Sporophila_vocalizations/Esperanza/No year/Ruficollis,C_19_116_A.wav_3029,NAnoicenoice,C_19_116_A.wav,1,1,1194.554426,1194.616345,1194.500246,1194.662785,0.274766333,0.16254,0.06192,1194.569905,1194.569905,1194.57958,3904.666667,4105.666667,4019.533333,1640,200.9666667,631.6666667,4076.966667,0.881295202,0.966773041,3617.533333,-79.1,4622.466667,138.4666667,3,141.1666667,1.609333333,2.728666667,1.251,2.937666667,0.274766355,4.056385284,-0.556348342,4.051512565,1.364931012,0.914046439,-0.434687192,0.21574915,0.636655175,0.180353098,0.091326935,-0.377324231,-0.564183512,0.820728155,-0.43637731,-0.61938502,0.230391666,1.156667194,1.788366553,0.633491196,1.274,13.16666667,3.871,3.675,-0.759855073,4.263,14.161,2.68,14.161,15.25441122,6.28,0.332378761,-0.203609633,3.6,-0.275532821,0.291173652,-0.951512956,0.556037092,Ruficollis_Esperanza,NA,0.750314563,1298.263652,-392.1250957,1586.632227,-2217.396555,1189.718926,1096.951683,182.5473078,628.8581647,540.8955077,-573.7461735,-417.1864924,-141.6522837,0.878192601,466.3322445,149.8002753,136.2658611,-120.2527449,-93.99474116,-57.10979228,8.857298032,-23.51673548,2.17E-12
C_19_116_C.wav_Ruficollis_simple_33,H:\Sporophila_vocalizations\M-F consolidated\converted_sound_files\C_19_116_C.wav,Ruficollis_final_kjochecked_CecilasImageCorrections.txt,Ruficollis,Esperanza,No year,simple,33,C_19_116,C_19_116_C.wav,D:/Sporophila_vocalizations/Esperanza/No year/Ruficollis,C_19_116_C.wav_1191,NANANANA,C_19_116_C.wav,1,1,1439.434002,1439.487698,1439.406428,1439.532687,0.22204475,0.12625875,0.05369625,1439.448515,1439.448515,1439.458673,3509.9,3682.175,3617.575,960,172.275,452.225,3660.65,-0.338123546,0.178914429,3208.425,-14.8,3919.025,3.7,0.25,143.625,1.31625,2.3155,1.18,2.097,0.222044747,3.56061516,-1.234969271,3.565961255,-0.287114051,-0.556462728,-0.831669651,-1.162937592,-0.710728712,0.138365162,0.073818599,-0.485367424,-0.449124991,0.781911936,1.864173003,-1.443236151,0.237151637,-0.611084176,0.493396886,-1.006178465,0.6615,6.083333333,3.6015,3.234,-1.299262362,3.7485,23.844,2.6,23.844,25.12489254,5.64,1.819336374,-1.128357552,3.04,0.198672796,0.748975826,-0.986663357,0.871991283,Ruficollis_Esperanza,NA,1.858255868,-1535.694197,1093.714283,2826.304755,-769.194379,-1832.507403,1804.594547,-537.4176534,-1542.073408,476.2066714,-742.102604,-202.6194412,5.365143606,-398.4024146,-184.2144013,-75.52736347,206.6747349,161.5165458,-106.0092269,42.63943256,-103.2579016,-287.9155982,2.77E-12
C_19_116_C.wav_Ruficollis_simple_34,H:\Sporophila_vocalizations\M-F consolidated\converted_sound_files\C_19_116_C.wav,Ruficollis_final_kjochecked_CecilasImageCorrections.txt,Ruficollis,Esperanza,No year,simple,34,C_19_116,C_19_116_C.wav,D:/Sporophila_vocalizations/Esperanza/No year/Ruficollis,C_19_116_C.wav_1195,NAclose with the next oneNANA,C_19_116_C.wav,1,1,1442.64271,1442.716724,1442.615136,1442.764615,0.2289835,0.14947875,0.07401375,1442.65432,1442.65432,1442.676089,3466.825,3703.7,3574.525,970,236.85,516.8,3703.7,-0.21202728,0.281678596,3186.9,-14.8,3875.975,7.4,1,145.325,1.30175,2.40825,1.23325,1.8875,0.228983645,3.534651283,-1.171842256,3.530667559,-0.385375652,-0.614285458,-0.780150783,-1.046739239,-1.02069546,0.145054489,0.086139479,-0.486375938,-0.521759573,0.779544621,2.978456056,-1.469590075,0.25316202,-0.643082881,0.493396886,-1.006178465,0.6615,3.625,3.4545,3.381,-0.210645503,3.675,27.067,2.6,27.067,28.34792746,5.64,1.819336374,-1.006647841,3.04,0.198761108,0.731645705,-1.075611102,0.871991283,Ruficollis_Esperanza,NA,2.199152739,-1439.426672,930.192863,2841.889479,-661.8007674,-2285.500395,2143.039661,-1157.262332,-2165.090734,872.6594334,-1032.915651,-152.4257938,197.9899451,-488.2935002,-65.35703138,-214.9001508,204.4097823,179.6752991,83.66349175,207.9406641,-41.2676694,-173.1613625,-2.35E-12
C_19_116_C.wav_Ruficollis_simple_35,H:\Sporophila_vocalizations\M-F consolidated\converted_sound_files\C_19_116_C.wav,Ruficollis_final_kjochecked_CecilasImageCorrections.txt,Ruficollis,Esperanza,No year,simple,35,C_19_116,C_19_116_C.wav,D:/Sporophila_vocalizations/Esperanza/No year/Ruficollis,C_19_116_C.wav_1199,NANANANA,C_19_116_C.wav,1,1,1448.118265,1448.179218,1448.081984,1448.250329,0.30233775,0.168345,0.0609525,1448.13568,1448.13568,1448.145839,3983.65,4242.05,4112.85,1410,258.4,753.675,4177.425,1.175544231,-0.449088812,3488.35,-14.8,4672.7,3.7,0.75,147.525,1.33925,3.09325,0.95575,2.183,0.302337713,4.056989893,-0.521562413,4.057230483,1.304197736,1.034620845,-0.006642474,-0.079233713,0.448634221,0.176743551,0.091133398,-1.649819488,-1.044343729,0.886573037,-0.145215402,0.928477003,0.303411573,1.063504484,1.407493122,0.16501415,1.1025,6,3.8955,3.6015,-0.814804582,4.1895,32.032,2.92,32.032,34.28759085,6,1.819336374,0.279997689,3.08,2.664024483,-1.398332761,1.110316497,1.029876691,Ruficollis_Esperanza,NA,1.14100871,1647.454936,-2319.498204,4022.712747,560.7155072,1107.954965,-940.9768135,352.2783914,-375.4199169,700.3506435,331.2021198,-62.63382439,261.9052667,-467.6555482,-708.6317693,-42.51973413,95.24536291,-182.7677522,-327.2268302,-321.7789031,-221.7667808,198.0113902,-3.23E-12
C_19_116_C.wav_Ruficollis_simple_36,H:\Sporophila_vocalizations\M-F consolidated\converted_sound_files\C_19_116_C.wav,Ruficollis_final_kjochecked_CecilasImageCorrections.txt,Ruficollis,Esperanza,No year,simple,36,C_19_116,C_19_116_C.wav,D:/Sporophila_vocalizations/Esperanza/No year/Ruficollis,C_19_116_C.wav_1207,NANANANA,C_19_116_C.wav,1,1,1451.086066,1451.148469,1451.054139,1451.197812,0.21213225,0.14367375,0.06240375,1451.097676,1451.097676,1451.113639,3488.35,3682.175,3617.575,950,193.8,473.75,3682.175,-0.275075413,0.327351559,3294.55,-11.1,3897.5,3.7,0.5,143.4,1.28575,2.3535,1.108,1.64075,0.212132034,3.583482614,-1.295151681,3.582713203,-0.204533199,-0.506795681,-0.872250489,-1.098226941,-0.769420718,0.141119888,0.077639656,-0.272376968,-0.314174084,0.780470906,0.930855663,-1.512505085,0.218601065,-0.501818084,0.950445004,-0.889059204,0.588,1.75,3.528,3.381,-0.552988699,3.7485,35.488,2.68,35.488,36.71062576,5.72,1.819336374,-1.30222858,3.04,0.051295801,0.643049329,-1.046396567,0.871991283,Ruficollis_Esperanza,NA,2.251883795,-1596.112848,1109.198761,3122.3244,-1270.365956,-1660.779592,1639.041139,-248.5444587,-686.8321587,300.2184813,-660.7663129,-363.7590196,16.60881583,-539.4504215,77.85702189,-283.4586316,122.592246,246.892408,-44.67115778,117.7567566,-3.50534796,-302.1827636,-2.23E-13
C_19_116_C.wav_Ruficollis_simple_37,H:\Sporophila_vocalizations\M-F consolidated\converted_sound_files\C_19_116_C.wav,Ruficollis_final_kjochecked_CecilasImageCorrections.txt,Ruficollis,Esperanza,No year,simple,37,C_19_116,C_19_116_C.wav,D:/Sporophila_vocalizations/Esperanza/No year/Ruficollis,C_19_116_C.wav_1211,NANANANA,C_19_116_C.wav,1,1,1461.802075,1461.857222,1461.770148,1461.903662,0.2359225,0.133515,0.0551475,1461.823844,1461.823844,1461.828197,3488.35,3660.65,3596.05,1000,172.25,430.675,3596.05,-0.527341172,0.452952207,3186.9,-11.1,3897.5,7.4,1.75,145.35,1.30825,2.3005,1.22775,1.85075,0.235922543,3.542059707,-1.273167496,3.541076798,-0.333682618,-0.622491429,-0.905155329,-0.860294231,-0.417213349,0.144314799,0.074435578,-0.156732929,-0.258689599,0.772339629,1.431668053,-1.683945204,0.208326577,-0.63768051,0.721920945,-0.889059204,0.6615,5.535714286,3.8955,3.381,-1.433785967,3.7485,46.199,2.6,46.199,47.50284017,5.8,1.819336374,-0.884938131,3.2,0.256715339,0.67633603,-1.091150528,0.871991283,Ruficollis_Esperanza,NA,2.006533486,-1918.932063,687.7396316,2673.319042,-1170.632153,-1658.867167,1893.220431,-298.5524214,-1188.372,440.4401929,-603.959469,-351.3951739,96.89196977,-505.4381842,83.68034784,-26.37025918,168.9773463,150.3387318,-145.1314835,40.93678587,-50.91016213,-290.0374706,-1.86E-11
C_19_116_C.wav_Ruficollis_simple_38,H:\Sporophila_vocalizations\M-F consolidated\converted_sound_files\C_19_116_C.wav,Ruficollis_final_kjochecked_CecilasImageCorrections.txt,Ruficollis,Esperanza,No year,simple,38,C_19_116,C_19_116_C.wav,D:/Sporophila_vocalizations/Esperanza/No year/Ruficollis,C_19_116_C.wav_1215,NANANANA,C_19_116_C.wav,1,1,1467.895862,1467.951009,1467.868288,1468.000351,0.23641825,0.13206375,0.0551475,1467.920533,1467.920533,1467.920533,3488.35,3639.1,3596.05,1060,150.725,430.675,3639.1,-0.401244906,0.441533966,3186.9,-14.8,3897.5,7.4,1.5,144.45,1.305,2.2725,1.11375,2.085,0.236418178,3.550511783,-1.267457491,3.560041649,-0.295334088,-0.581334663,-0.878141377,-0.811432432,-0.289647987,0.147684633,0.075487773,-0.525659525,-0.553472246,0.800376817,0.462437819,-1.062854006,0.188890079,-0.628649105,0.493396886,-1.006178465,0.6615,4.166666667,3.381,3.3075,-0.396509183,3.7485,52.295,2.68,52.295,53.57692746,5.72,1.819336374,-0.876244582,3.04,0.201290454,0.727336393,-1.16782358,0.7139225,Ruficollis_Esperanza,NA,1.614039387,-1774.975597,1001.223105,2619.020503,-677.7872879,-935.5017842,1665.311543,348.3170787,-590.1084355,493.5031505,-579.8408261,-215.5900351,-42.08596031,-368.4584131,-158.6508011,-35.14720352,173.2268982,169.9184227,-164.0195594,14.77924416,-30.79510115,-370.6794406,-2.39E-13
C_19_116_C.wav_Ruficollis_simple_718,H:\Sporophila_vocalizations\M-F consolidated\converted_sound_files\C_19_116_C.wav,Ruficollis_final_kjochecked_CecilasImageCorrections.txt,Ruficollis,Esperanza,No year,simple,718,C_19_116,C_19_116_C.wav,D:/Sporophila_vocalizations/Esperanza/No year/Ruficollis,C_19_116_C.wav_3036,NANA,C_19_116_C.wav,1,1,1436.598265,1436.670828,1436.566338,1436.746293,0.3140185,0.179955,0.0725625,1436.606973,1436.606973,1436.630193,3789.85,4005.15,3919.05,1580,215.3,646,4005.15,0.670939488,-0.312069923,3402.25,-29.65,4565.05,14.8,3,144.4,1.4555,2.702,1.2275,3.0165,0.314018692,3.858447821,-0.586183311,3.87488199,0.633402698,0.433906623,-0.177033421,0.394398297,0.870666454,0.197200716,0.103922978,-0.219487228,-0.237510933,0.819694578,-0.07493217,-0.627362881,0.216712676,0.727835018,0.721920945,-0.069224373,1.176,10,4.116,3.234,-2.419846156,4.116,21.192,2.68,21.192,22.03848598,5.76,-1.154578853,0.484884469,3.08,-0.900092789,0.598182206,-0.143951456,0.240082901,Ruficollis_Esperanza,NA,0.23842573,787.9126699,69.82056138,-263.6292989,-1393.40184,1381.265757,971.3395818,-767.0170496,174.9349459,-450.6751193,116.2424355,86.579663,257.9663619,-264.9116663,-468.5063899,-154.7323158,-37.78598091,208.7907733,2.637138548,-300.9144843,81.26296566,-53.9473705,-2.04E-11
C_19_116_C.wav_Ruficollis_simple_719,H:\Sporophila_vocalizations\M-F consolidated\converted_sound_files\C_19_116_C.wav,Ruficollis_final_kjochecked_CecilasImageCorrections.txt,Ruficollis,Esperanza,No year,simple,719,C_19_116,C_19_116_C.wav,D:/Sporophila_vocalizations/Esperanza/No year/Ruficollis,C_19_116_C.wav_3038,NANANAnoice,C_19_116_C.wav,1,1,1456.323617,1456.380215,1456.296043,1456.426655,0.2200935,0.1306125,0.05659875,1456.348288,1456.348288,1456.349739,3488.35,3703.7,3639.1,1260,215.325,452.225,3617.575,-0.464293039,0.304515078,3186.9,-14.8,3875.975,7.4,0.75,144.1,1.333,2.3125,1.23625,1.77525,0.220093458,3.549311656,-1.005815844,3.557842566,-0.308427387,-0.565257717,-0.810997625,-1.391992677,-1.070239538,0.131851643,0.073836761,1.041332535,0.929960558,0.750380323,2.988829898,-2.144398407,0.232877808,-0.600761135,0.264872827,-0.889059204,0.8085,5.708333333,3.4545,3.381,-0.380901708,3.7485,40.757,2.44,40.757,42.01848598,5.84,1.819336374,-1.162583556,3.4,0.149586835,0.888524833,-1.023888968,0.871991283,Ruficollis_Esperanza,NA,2.027124058,-1825.142752,599.0953657,1904.329404,-1823.43054,-3718.782756,1706.998866,-1038.674224,-1945.941393,465.5535621,-785.3217892,-103.2497236,-173.6712665,-554.8702594,-99.09397287,15.83120971,191.7349726,137.6370534,-82.46174943,87.11241323,12.44172986,-237.4184321,7.21E-12
C_19_118.wav_Ruficollis_simple_728,H:\Sporophila_vocalizations\M-F consolidated\converted_sound_files\C_19_118.wav,Ruficollis_final_kjochecked_CecilasImageCorrections.txt,Ruficollis,Esperanza,No year,simple,728,C_19_118,C_19_118.wav,D:/Sporophila_vocalizations/Esperanza/No year/Ruficollis,C_19_118.wav_3050,NANA,C_19_118.wav,1,1,1673.679807,1673.758175,1673.644977,1673.819127,0.27757,0.17415,0.0783675,1673.700125,1673.700125,1673.711735,3832.9,4091.3,3962.1,1140,258.4,559.9,4005.15,0.670939488,0.053313781,3531.45,-14.8,4306.65,0,0,137.35,1.314,2.77,1.226,1.739,0.277570094,3.884317325,-0.868031041,3.884059575,0.776786037,0.454682933,-0.413411024,-0.697796119,-0.498292352,0.167137642,0.098731484,-1.380178459,-0.956387978,0.879566633,-0.41832926,0.752786064,0.347837918,0.771510403,1.178969063,-0.069224373,1.029,14.58333333,3.969,3.381,-2.053759226,3.969,16.19,3.08,16.19,16.95319626,5.52,-1.154578853,-0.154431471,2.44,-1.110761514,0.731645705,-0.243991387,-0.07587129,Ruficollis_Esperanza,NA,-0.123533722,1386.602609,1902.861553,736.8725588,-656.6781154,1718.250537,136.7008954,-823.9190574,646.8768372,515.7374598,-456.0341403,326.1560818,365.7190594,6.10296754,-403.8310525,-214.0444129,-85.45705467,-350.7351362,-187.7430427,-19.398825,-72.45829388,-14.27279661,2.03E-11
C_19_118.wav_Ruficollis_simple_729,H:\Sporophila_vocalizations\M-F consolidated\converted_sound_files\C_19_118.wav,Ruficollis_final_kjochecked_CecilasImageCorrections.txt,Ruficollis,Esperanza,No year,simple,729,C_19_118,C_19_118.wav,D:/Sporophila_vocalizations/Esperanza/No year/Ruficollis,C_19_118.wav_3052,NANANA,C_19_118.wav,1,1,1684.456769,1684.512884,1684.425809,1684.576738,0.250682,0.15093,0.056115,1684.462574,1684.462574,1684.483859,3646.266667,3818.533333,3703.7,1161.033333,172.2333333,430.7,3818.566667,0.1244247,1.332156745,3301.733333,-19.76666667,3904.666667,74.16666667,3.333333333,121.0666667,1.617,2.367333333,1.262666667,2.923333333,0.250682091,3.635153205,-0.709458888,3.656316765,0.017918297,-0.294428946,-0.782399531,-1.16403892,-0.994699309,0.144185228,0.084797913,0.910323805,0.621689604,0.856672753,-0.530877522,0.214397991,0.461085058,-0.096295549,0.264872827,-0.615780927,0.98,39.70833333,3.577,3.185,-1.447017249,3.871,26.814,2.92,26.814,27.90284067,5.52,0.332378761,-0.626052612,2.6,-0.287093335,0.264017274,-0.62575345,-0.07587129,Ruficollis_Esperanza,NA,0.008252437,-1017.088731,1112.951263,381.6192467,-1208.244318,-942.8609382,-601.6983072,294.2902991,951.2473248,966.4767585,-917.7749785,370.0140427,-234.4183792,314.432847,-147.6103462,139.1671094,153.6208276,-178.7190261,-65.87230913,-45.30724721,311.4850061,-47.03616154,1.42E-11
C_19_118.wav_Ruficollis_simple_735,H:\Sporophila_vocalizations\M-F consolidated\converted_sound_files\C_19_118.wav,Ruficollis_final_kjochecked_CecilasImageCorrections.txt,Ruficollis,Esperanza,No year,simple,735,C_19_118,C_19_118.wav,D:/Sporophila_vocalizations/Esperanza/No year/Ruficollis,C_19_118.wav_3065,NANANA,C_19_118.wav,1,1,1704.315635,1704.385295,1704.284675,1704.458825,0.257943667,0.17415,0.06966,1704.32531,1704.32531,1704.34466,3531.433333,3761.133333,3675,813.3333333,229.6666667,516.8,3703.7,-0.21202728,1.179913535,3387.9,-24.73333333,3904.7,84.1,4.333333333,121.9666667,1.626333333,2.436333333,1.226333333,2.32,0.257943925,3.622891105,-0.865374965,3.628135697,-0.069332633,-0.346991519,-0.73974373,-0.646913153,-0.351204444,0.1639984,0.092919912,-0.466302675,-0.293049419,0.893836441,-0.571316594,1.078704809,0.594819324,-0.048700035,1.178969063,-0.771939942,0.588,37.66666667,3.479,3.577,0.38837037,3.773,46.607,2.92,46.607,47.77333645,5.16,0.332378761,-0.498678535,2.24,-0.091079493,-0.214116224,-0.357615863,-0.233756698,Ruficollis_Esperanza,NA,-0.118574936,-842.8256091,1075.358746,1159.710673,-291.1183737,687.3992381,-572.4209718,-2.960587352,768.9463953,1631.207883,-211.3297799,0.120965954,-157.2231493,437.9806579,90.96147414,-100.5032134,42.61827917,-347.6810715,-96.45357302,-140.6018097,50.33839719,-95.4658763,-1.88E-12
C_19_118.wav_Ruficollis_simple_740,H:\Sporophila_vocalizations\M-F consolidated\converted_sound_files\C_19_118.wav,Ruficollis_final_kjochecked_CecilasImageCorrections.txt,Ruficollis,Esperanza,No year,simple,740,C_19_118,C_19_118.wav,D:/Sporophila_vocalizations/Esperanza/No year/Ruficollis,C_19_118.wav_3072,NANANA,C_19_118.wav,1,1,1718.452717,1718.547532,1718.427562,1718.621062,0.252336667,0.1935,0.094815,1718.452717,1718.452717,1718.481742,3502.733333,3818.533333,3732.4,866.6666667,315.8,574.2333333,3847.233333,0.208391242,0.997221683,3330.466667,-19.76666667,3933.4,84.06666667,4.666666667,121.3,1.558333333,2.394333333,1.199333333,2.243333333,0.252336448,3.634097761,-0.760239493,3.633366471,-0.108281795,-0.251858385,-0.420097537,-0.665682294,-0.933887203,0.170716195,0.11022403,0.150120985,0.218762552,0.864188442,-0.421331872,0.394304119,0.534225677,-0.005924427,1.178969063,-0.615780927,0.686,45.13333333,3.577,3.675,0.308082264,3.577,60.784,2.96,60.784,61.93958878,5.52,0.332378761,-0.597034836,2.56,-0.118264078,-0.036174905,-0.328377573,0.082014118,Ruficollis_Esperanza,NA,0.993628389,-719.891501,759.1011562,1379.151745,-852.1933816,-424.5593489,-302.2125236,-329.5663532,1066.479882,1056.564471,-479.1471024,-85.46105591,109.0223925,-192.4135874,99.13489552,-406.2206,35.53621673,-96.59513678,198.4976504,76.56069554,253.0506752,47.02143182,-1.08E-11
C_19_120.wav_Ruficollis_simple_56,H:\Sporophila_vocalizations\M-F consolidated\converted_sound_files\C_19_120.wav,Ruficollis_final_kjochecked_CecilasImageCorrections.txt,Ruficollis,Esperanza,No year,simple,56,C_19_120,C_19_120.wav,D:/Sporophila_vocalizations/Esperanza/No year/Ruficollis,C_19_120.wav_1241,NANANA,C_19_120.wav,1,1,1816.754395,1816.84534,1816.71376,1816.90339,0.263785333,0.18963,0.090945,1816.785355,1816.785355,1816.793095,3502.733333,3761.1,3646.266667,1066.666667,258.3666667,516.8,3703.7,-0.21202728,0.373024522,3359.166667,-14.8,3904.666667,0,0,134.4666667,1.333333333,2.353,1.241333333,2.110666667,0.263785047,3.609972896,-1.035138141,3.599606278,-0.131567678,-0.410399571,-0.775005744,-0.195938266,-0.379007059,0.179076053,0.10850269,0.315211094,0.186827813,0.793759566,-0.458147273,-1.249090613,0.277675931,0.043766117,1.788366553,-0.771939942,0.392,1.666666667,3.969,3.577,-1.394646713,3.773,11.977,2.8,11.977,13.10407477,5.32,0.332378761,-0.396224047,2.52,-0.190385967,0.03303291,-0.630926381,-0.07587129,Ruficollis_Esperanza,NA,0.273962811,-1216.377495,849.4320713,1064.596921,-2002.98971,46.9841329,91.12258459,43.98156482,156.0705369,447.1565943,324.089527,-751.6251469,499.302073,-21.07264803,135.2521007,27.41921327,-69.04278445,265.991078,321.8216199,-7.419556361,-83.98222352,-2.161073683,9.92E-12
C_19_120.wav_Ruficollis_simple_58,H:\Sporophila_vocalizations\M-F consolidated\converted_sound_files\C_19_120.wav,Ruficollis_final_kjochecked_CecilasImageCorrections.txt,Ruficollis,Esperanza,No year,simple,58,C_19_120,C_19_120.wav,D:/Sporophila_vocalizations/Esperanza/No year/Ruficollis,C_19_120.wav_1247,NANANA,C_19_120.wav,1,1,1825.227744,1825.305144,1825.194849,1825.374804,0.279906333,0.179955,0.0774,1825.233549,1825.233549,1825.258704,3560.133333,3761.133333,3674.966667,1186.666667,200.9666667,430.7,3761.1,-0.043898926,0.281678596,3359.166667,-14.8,3990.833333,0,0,133.5666667,1.363333333,2.310333333,1.250333333,2.112666667,0.279906542,3.641351335,-0.927963767,3.654828518,0.019087735,-0.313869756,-0.834032896,-0.308151337,-0.147920123,0.179059494,0.104287687,1.561900149,1.617891577,0.780780477,-0.383821705,-1.548499939,0.282528855,0.057239052,0.874270317,-0.615780927,0.784,8,3.479,3.577,0.322894534,3.773,20.434,2.76,20.434,21.59950467,5.4,0.332378761,-0.11344969,2.64,-0.093183342,-0.028627881,-0.678742225,-0.391642106,Ruficollis_Esperanza,NA,-0.004963724,-1429.514092,128.5043711,-225.9214803,-2710.395466,-1021.140235,-333.0676848,532.0990087,89.18865485,147.1523201,356.0989811,-322.0805145,146.7270378,-57.00210437,-282.188868,-158.577355,32.87667259,149.8086517,164.3749455,-115.5720688,36.63881377,-26.50683665,6.41E-12
C_19_120.wav_Ruficollis_simple_60,H:\Sporophila_vocalizations\M-F consolidated\converted_sound_files\C_19_120.wav,Ruficollis_final_kjochecked_CecilasImageCorrections.txt,Ruficollis,Esperanza,No year,simple,60,C_19_120,C_19_120.wav,D:/Sporophila_vocalizations/Esperanza/No year/Ruficollis,C_19_120.wav_1253,NANANA,C_19_120.wav,1,1,1847.540185,1847.60791,1847.49955,1847.6737,0.267554333,0.17415,0.067725,1847.57308,1847.57308,1847.571145,3674.966667,3847.266667,3761.1,1080,172.2333333,430.7,3789.8,0.040165252,0.236005633,3387.9,-14.8,3990.833333,4.933333333,0.666666667,135.0666667,1.411,2.265,1.249666667,2.123333333,0.267554521,3.68805393,-1.021743944,3.700403968,0.200295642,-0.157938925,-0.804087411,-0.514982496,-0.423956496,0.166753826,0.096997116,-0.285442321,-0.443208133,0.807143107,-0.492594399,-0.938752518,0.286547684,0.039065318,1.178969063,-0.615780927,0.686,9.055555556,4.067,3.577,-1.774280882,3.871,42.747,2.96,42.747,43.87216822,5.48,0.332378761,-0.330106688,2.52,-0.195208278,0.021294482,-0.694530963,-0.07587129,Ruficollis_Esperanza,NA,0.243352572,-679.4165319,1065.18648,1308.973469,-1405.067001,410.7257211,176.6705019,273.5968227,-41.2738604,282.066478,-221.5601106,-415.0320214,512.9053043,137.9836109,-89.89941273,-87.04042123,-74.41300343,236.9183182,-6.914541814,-4.284028231,-120.5950268,-20.54301507,-2.75E-12
C_19_120.wav_Ruficollis_simple_61,H:\Sporophila_vocalizations\M-F consolidated\converted_sound_files\C_19_120.wav,Ruficollis_final_kjochecked_CecilasImageCorrections.txt,Ruficollis,Esperanza,No year,simple,61,C_19_120,C_19_120.wav,D:/Sporophila_vocalizations/Esperanza/No year/Ruficollis,C_19_120.wav_1257,NANANA,C_19_120.wav,1,1,1855.791009,1855.872279,1855.760049,1855.936134,0.247818,0.176085,0.08127,1855.804554,1855.804554,1855.823904,3560.133333,3789.833333,3703.666667,960,229.6666667,430.7,3789.8,0.040165252,0.418697485,3416.6,-14.8,3933.4,14.8,1.333333333,130.5666667,1.379333333,2.308333333,1.237,1.908333333,0.247817797,3.660864284,-0.955220331,3.676446064,0.100818217,-0.219529221,-0.759667151,-0.707971812,-0.686627944,0.169975773,0.104991342,0.246169119,0.109379272,0.824864235,-0.565978403,-0.528621872,0.383434921,0.127222265,1.178969063,-0.771939942,0.588,11.08333333,3.773,3.577,-0.851638695,3.773,51.01,2.84,51.01,52.1128789,5.32,0.332378761,-0.676292909,2.48,-0.251585749,-0.028627881,-0.51682827,-0.233756698,Ruficollis_Esperanza,NA,0.215287211,-801.3782335,1161.175047,1093.820112,-1521.451806,-129.4534506,-366.3252748,157.3361578,359.5632427,538.9611544,-151.6784666,-309.0041617,134.9823976,140.7337507,-121.861156,-181.2874207,-132.7482827,180.2209899,125.9441993,-25.09087794,58.05579824,-22.04806849,2.47E-11
C_19_120.wav_Ruficollis_simple_62,H:\Sporophila_vocalizations\M-F consolidated\converted_sound_files\C_19_120.wav,Ruficollis_final_kjochecked_CecilasImageCorrections.txt,Ruficollis,Esperanza,No year,simple,62,C_19_120,C_19_120.wav,D:/Sporophila_vocalizations/Esperanza/No year/Ruficollis,C_19_120.wav_1260,NANA,C_19_120.wav,1,1,1859.137585,1859.221758,1859.105658,1859.288515,0.2780515,0.1828575,0.0841725,1859.149195,1859.149195,1859.169513,3789.8,4091.3,3962.1,1440,301.45,646,4048.2,0.797035754,-0.060868626,3488.35,-14.8,4349.7,7.4,2,131.65,1.3655,2.7525,1.258,2.42,0.278051568,3.88522838,-0.55883974,3.871501793,0.741285947,0.508065843,-0.206540499,-0.521913315,-0.612590431,0.170900725,0.104571163,0.853012181,1.151199749,0.81940613,-0.379385377,-0.647549615,0.304858941,0.777520791,1.63601718,-0.069224373,0.882,3.1,4.41,3.675,-2.423111675,3.969,54.563,2.92,54.563,55.32132898,5.64,-1.154578853,-0.145986318,2.72,-1.123072559,0.828846732,-0.300113992,0.082197493,Ruficollis_Esperanza,NA,0.250485398,889.9383891,946.0546704,-291.3440553,-2700.684061,-272.1141048,-87.01747569,-899.1837877,1142.257234,2.624528689,170.1526262,-48.32085935,347.119944,-451.8009084,-359.1906567,-183.5311156,49.68038892,89.91758293,127.6265304,-53.12926236,-0.98618245,68.57423425,-1.32E-11
C_19_120.wav_Ruficollis_simple_65,H:\Sporophila_vocalizations\M-F consolidated\converted_sound_files\C_19_120.wav,Ruficollis_final_kjochecked_CecilasImageCorrections.txt,Ruficollis,Esperanza,No year,simple,65,C_19_120,C_19_120.wav,D:/Sporophila_vocalizations/Esperanza/No year/Ruficollis,C_19_120.wav_1266,NANANA,C_19_120.wav,1,1,1894.380639,1894.463843,1894.324524,1894.521893,0.277102667,0.19737,0.083205,1894.409664,1894.409664,1894.421274,3588.866667,3847.233333,3732.4,1066.666667,258.3666667,574.2333333,3847.233333,0.208391242,0.327351559,3359.166667,-14.8,4019.533333,4.933333333,0.666666667,131.0333333,1.401333333,2.451,1.261333333,2.262333333,0.277102803,3.658972225,-0.845402564,3.663623832,0.028501779,-0.201200593,-0.567431462,0.557476663,0.588132551,0.198195246,0.110050654,-0.512807884,-0.545927729,0.829885593,-0.386400703,-0.403692331,0.354797926,0.127188749,0.874270317,-0.615780927,0.784,11.66666667,3.479,3.577,0.356666667,3.871,89.57,2.92,89.57,90.73200935,5.44,0.332378761,-0.162627846,2.52,-0.102024244,-0.001935249,-0.655081702,0.240082901,Ruficollis_Esperanza,NA,0.306434172,-636.0074976,117.997327,1032.805726,-782.2433472,1104.841565,866.4002951,231.2168284,65.46832293,421.8244078,141.9853913,-254.4822297,26.12616256,173.2244213,-146.3978879,-109.4727009,80.39157211,239.1103954,355.9284363,-46.07683745,23.76361402,13.51210394,5.39E-12
C_19_120.wav_Ruficollis_simple_66,H:\Sporophila_vocalizations\M-F consolidated\converted_sound_files\C_19_120.wav,Ruficollis_final_kjochecked_CecilasImageCorrections.txt,Ruficollis,Esperanza,No year,simple,66,C_19_120,C_19_120.wav,D:/Sporophila_vocalizations/Esperanza/No year/Ruficollis,C_19_120.wav_1269,NANANA,C_19_120.wav,1,1,1898.83887,1898.914335,1898.802105,1898.96658,0.261215,0.164475,0.075465,1898.85822,1898.85822,1898.875635,3617.566667,3789.8,3732.4,933.3333333,172.2333333,401.9333333,3761.1,-0.043898926,0.327351559,3445.3,-14.8,3990.8,9.866666667,2,136.7666667,1.255666667,2.223333333,0.865333333,1.944666667,0.261214954,3.682476459,-1.250778555,3.67650463,0.177010717,-0.230256295,-0.940448979,-0.261560529,0.013037481,0.169978196,0.092282072,0.441426319,0.676831538,0.7720662,-0.548757197,-1.758492781,0.216838436,0.169429749,2.093065298,-0.615780927,0.392,2.333333333,4.067,3.675,-1.479506173,3.871,94.038,2.92,94.038,95.16795327,5.56,0.332378761,-0.441304016,2.64,-0.183105227,-0.03993533,-0.579961802,-0.07587129,Ruficollis_Esperanza,NA,0.513191705,-1183.109696,524.8388821,1194.114117,-2834.793534,49.1181937,96.27842847,50.59531402,145.8318034,169.8805083,460.9354859,-844.2102127,366.6359087,-179.7843023,97.47005596,-204.5394906,99.3531966,177.1874018,181.6691108,-151.8988128,-221.147051,-30.38183207,4.95E-12
C_19_120.wav_Ruficollis_simple_67,H:\Sporophila_vocalizations\M-F consolidated\converted_sound_files\C_19_120.wav,Ruficollis_final_kjochecked_CecilasImageCorrections.txt,Ruficollis,Esperanza,No year,simple,67,C_19_120,C_19_120.wav,D:/Sporophila_vocalizations/Esperanza/No year/Ruficollis,C_19_120.wav_1272,NANAfaint background noice,C_19_120.wav,1,1,1902.706927,1902.795937,1902.675968,1902.863662,0.278505,0.187695,0.08901,1902.712732,1902.712732,1902.741757,3531.433333,3761.133333,3675,1013.333333,229.6666667,545.5,3732.4,-0.127963103,0.95154872,3359.166667,-14.8,3962.133333,69.23333333,0.333333333,134.1,1.348,2.41,1.242666667,1.961333333,0.278504673,3.65106137,-1.08860927,3.643038437,0.010061092,-0.294886901,-0.767721383,-0.574462393,-0.571909094,0.176752222,0.109683551,-0.558764377,-0.527021194,0.811688849,-0.385268569,-0.827953636,0.274480382,0.006211314,1.483667808,-0.615780927,0.588,21.13333333,3.773,3.577,-0.671436337,3.675,97.927,2.96,97.927,99.09380374,5.44,0.332378761,-0.138038762,2.48,-0.089897554,-0.036174905,-0.652247842,-0.07587129,Ruficollis_Esperanza,NA,0.105250003,-950.2529567,1065.648257,1396.892063,-1300.501634,607.9159482,64.72557501,71.23288573,46.66313927,768.0261943,-512.6709682,-665.4776494,715.2823036,201.5225689,125.2385576,158.450223,57.37527035,-136.22725,53.0341397,-16.1959216,-220.7252427,-39.79459562,1.47E-11
C_19_120.wav_Ruficollis_simple_757,H:\Sporophila_vocalizations\M-F consolidated\converted_sound_files\C_19_120.wav,Ruficollis_final_kjochecked_CecilasImageCorrections.txt,Ruficollis,Esperanza,No year,simple,757,C_19_120,C_19_120.wav,D:/Sporophila_vocalizations/Esperanza/No year/Ruficollis,C_19_120.wav_3095,NANANA,C_19_120.wav,1,1,1807.727638,1807.801168,1807.688938,1807.876633,0.281308333,0.187695,0.07353,1807.737313,1807.737313,1807.758598,3588.866667,3761.1,3732.4,1053.333333,172.2333333,459.4,3761.1,-0.043898926,1.195137856,3330.466667,-14.8,3962.133333,84.06666667,2,134.3,1.414666667,2.330333333,1.254333333,2.397333333,0.281308411,3.677756386,-0.982796192,3.674848828,0.115179602,-0.216783331,-0.781657565,0.001425305,0.389548398,0.185728595,0.101191929,-0.303513902,-0.323316857,0.823706116,-0.392637864,-0.549044814,0.339393244,-0.009951375,0.874270317,-0.771939942,0.686,18.16666667,3.675,3.283,-1.37911111,3.871,2.897,2.76,2.897,4.077766355,5.4,0.332378761,-0.088860612,2.64,-0.054581229,-0.186965443,-0.625528545,-0.07587129,Ruficollis_Esperanza,NA,0.018607526,-1167.064439,247.7807021,852.8467049,-1135.389155,949.817803,323.2914499,245.1427892,99.07304848,798.0073825,-472.5032485,-422.2241249,2.834477431,396.834439,-56.90888288,52.74150485,132.5331392,-22.62756339,38.12522077,-181.1503243,-109.8048929,-52.38212334,-1.46E-12
C_19_120.wav_Ruficollis_simple_758,H:\Sporophila_vocalizations\M-F consolidated\converted_sound_files\C_19_120.wav,Ruficollis_final_kjochecked_CecilasImageCorrections.txt,Ruficollis,Esperanza,No year,simple,758,C_19_120,C_19_120.wav,D:/Sporophila_vocalizations/Esperanza/No year/Ruficollis,C_19_120.wav_3098,NANANA,C_19_120.wav,1,1,1852.391221,1852.460881,1852.350586,1852.5228,0.281308333,0.172215,0.06966,1852.420246,1852.420246,1852.424116,3588.866667,3761.1,3674.966667,1173.333333,172.2333333,430.7,3674.966667,-0.296189093,0.34257588,3330.466667,-14.8,3962.1,9.866666667,1,136.3333333,1.39,2.215,1.244,2.349,0.281308411,3.643023001,-0.907246102,3.650540407,0.068249403,-0.326569985,-0.965326041,0.004370681,0.400724417,0.180160015,0.0954203,1.88693107,2.194670077,0.781900247,-0.383193101,-1.522493026,0.300778992,0.081409999,0.874270317,-0.615780927,0.784,9.777777778,3.381,3.283,-0.367929825,3.773,47.563,2.8,47.563,48.75180374,5.52,0.332378761,-0.088860612,2.72,-0.034251884,-0.116943394,-0.586844037,-0.07587129,Ruficollis_Esperanza,NA,0.045467069,-1730.539116,-480.4193604,-441.701725,-2981.727851,-1111.133771,-197.5268505,441.2453662,283.9250645,98.6466406,794.7550351,-152.5542749,-200.2813559,6.236674933,-269.4216876,-104.8620477,41.28212705,22.93690617,94.43974123,-194.1302901,-80.91593752,-73.26246754,-7.79E-12
C_19_121.wav_Ruficollis_simple_766,H:\Sporophila_vocalizations\M-F consolidated\converted_sound_files\C_19_121.wav,Ruficollis_final_kjochecked_CecilasImageCorrections.txt,Ruficollis,Esperanza,No year,simple,766,C_19_121,C_19_121.wav,D:/Sporophila_vocalizations/Esperanza/No year/Ruficollis,C_19_121.wav_3114,NANA,C_19_121.wav,1,1,2162.741395,2162.80525,2162.680442,2162.88652,0.3056075,0.2060775,0.063855,2162.773322,2162.773322,2162.773322,3617.55,3789.85,3746.8,1380,172.25,646,3703.7,-0.21202728,0.144659707,3359.15,-59.35,4220.5,44.5,4,120.25,2.0055,2.736,1.3445,3.48,0.305607476,3.675784275,-0.016138315,3.707574468,0.163340799,-0.114407574,-0.619254738,0.845555013,1.30645064,0.206873329,0.105678158,0.35849292,-0.05571655,0.88219376,-0.050982977,0.830678715,0.50646887,-0.183065686,0.721920945,-0.537701419,0.882,44,3.381,3.381,0,3.822,79.952,2.52,79.952,80.79328972,5.4,-1.154578853,0.337350018,2.88,-0.913235947,0.663787681,-0.032036289,-0.07587129,Ruficollis_Esperanza,NA,-0.110031759,-303.0749633,99.05292583,-1050.518225,-466.1469719,1407.080516,700.8801182,-870.664808,631.1640256,687.0622009,787.4602779,625.1836206,-481.7861423,-149.7723869,205.3285947,-13.07504769,-29.31749779,577.045043,-233.0002702,-306.006991,35.16979153,-81.29125741,-1.43E-11
C_19_121.wav_Ruficollis_simple_767,H:\Sporophila_vocalizations\M-F consolidated\converted_sound_files\C_19_121.wav,Ruficollis_final_kjochecked_CecilasImageCorrections.txt,Ruficollis,Esperanza,No year,simple,767,C_19_121,C_19_121.wav,D:/Sporophila_vocalizations/Esperanza/No year/Ruficollis,C_19_121.wav_3116,NAnoice,C_19_121.wav,1,1,2176.917177,2177.010057,2176.847517,2177.062302,0.2915885,0.2147845,0.09288,2177.010057,2177.010057,2176.969422,3488.35,3746.75,3617.55,1160,258.4,602.95,3617.55,-0.464366265,1.195137856,3359.15,-103.85,3962.1,96.45,9,122.35,1.6835,2.752,1.28,3.0605,0.291588786,3.647937256,-0.453040419,3.643327974,-0.031810606,-0.193511915,-0.426362802,0.791312457,0.183296582,0.202520721,0.121731288,-0.195767811,-0.132556706,0.899044015,-0.100629367,1.221428391,0.526904462,-0.347845919,0.721920945,-0.537701419,0.882,32.3,3.528,3.381,-0.406434109,3.675,94.152,2.68,94.152,94.96168224,5.36,-1.154578853,0.091459278,2.68,-0.993182268,0.893187184,-0.066402528,-0.233756698,Ruficollis_Esperanza,NA,0.0707481,-654.198805,770.353228,-733.8434805,-108.8134507,1334.428114,536.0536565,-1123.740434,1089.345123,1281.980417,-60.52654281,334.0480609,-413.2161132,-293.3021916,268.7336012,69.0692263,-15.72138576,-93.54804507,-78.41547215,446.1501204,21.51297318,108.0242401,2.64E-11
C_19_121.wav_Ruficollis_simple_84,H:\Sporophila_vocalizations\M-F consolidated\converted_sound_files\C_19_121.wav,Ruficollis_final_kjochecked_CecilasImageCorrections.txt,Ruficollis,Esperanza,No year,simple,84,C_19_121,C_19_121.wav,D:/Sporophila_vocalizations/Esperanza/No year/Ruficollis,C_19_121.wav_1296,NANA,C_19_121.wav,1,1,2105.756723,2105.855408,2105.716088,2105.898946,0.282477,0.1828575,0.098685,2105.774138,2105.774138,2105.811871,3660.6,3919.05,3789.85,1480,258.4,473.75,3919.05,0.418746956,0.281678596,3359.15,-44.5,4091.3,37.1,2,135.55,1.4915,2.5455,1.251,2.8735,0.282476636,3.75150667,-0.819290092,3.754837249,0.402876281,0.028199769,-0.740659202,0.419237922,0.136265268,0.191043099,0.111108142,-0.603064675,-0.754576496,0.817218761,-0.343584968,-0.697675872,0.237302975,0.284362691,0.264872827,-0.537701419,1.029,12.16666667,3.234,3.234,0,3.822,23.008,2.6,23.008,23.77580374,5.36,-1.154578853,-0.068369718,2.76,-1.099107602,0.740292131,-0.29410131,-0.07587129,Ruficollis_Esperanza,NA,-0.021132562,-103.4398672,1102.764834,-120.0294642,-1071.215295,1625.63786,836.7936113,-546.4617746,111.7439303,-332.6439594,-616.2047025,205.1709161,78.95047585,-2.870076452,-392.3324322,-0.428783818,-102.2958307,325.1854316,284.8158982,192.9922238,-94.22107601,132.8391683,-6.73E-12
C_19_121.wav_Ruficollis_simple_85,H:\Sporophila_vocalizations\M-F consolidated\converted_sound_files\C_19_121.wav,Ruficollis_final_kjochecked_CecilasImageCorrections.txt,Ruficollis,Esperanza,No year,simple,85,C_19_121,C_19_121.wav,D:/Sporophila_vocalizations/Esperanza/No year/Ruficollis,C_19_121.wav_1298,NANA,C_19_121.wav,1,1,2108.487971,2108.566338,2108.447336,2108.615681,0.3035045,0.168345,0.0783675,2108.502483,2108.502483,2108.525703,3617.55,3789.85,3746.8,1320,172.25,430.65,3746.8,-0.085784561,0.304515078,3359.15,-14.8,4048.25,0,0,138.3,1.3645,2.4045,1.2295,2.388,0.303504673,3.702032081,-1.096244427,3.703378311,0.224737901,-0.160890108,-0.860839481,0.50749419,0.919670926,0.191966713,0.097798651,-0.482280801,-0.634200153,0.813001013,-0.180746208,-0.789312383,0.202247157,0.21953467,1.178969063,-0.303462896,0.882,33.9,3.822,3.675,-0.53774359,3.822,25.708,2.8,25.708,26.52864486,5.4,-1.154578853,0.300466409,2.6,-0.96545399,0.558273331,-0.190282895,-0.391642106,Ruficollis_Esperanza,NA,-0.163349958,-492.9401165,787.1789501,-222.3599959,-1500.582095,2111.437134,778.7290106,-697.6288258,-193.9349477,36.41879785,158.9785519,-172.2049825,240.9504508,-137.3890341,99.81866161,-12.93388831,-6.729225642,66.04545536,-68.85397823,-146.7990398,-2.170180142,-2.340703092,5.34E-12
C_19_121.wav_Ruficollis_simple_86,H:\Sporophila_vocalizations\M-F consolidated\converted_sound_files\C_19_121.wav,Ruficollis_final_kjochecked_CecilasImageCorrections.txt,Ruficollis,Esperanza,No year,simple,86,C_19_121,C_19_121.wav,D:/Sporophila_vocalizations/Esperanza/No year/Ruficollis,C_19_121.wav_1300,NANA,C_19_121.wav,1,1,2110.699672,2110.815771,2110.650329,2110.876723,0.311916,0.226395,0.1161,2110.719989,2110.719989,2110.769332,3488.35,3832.9,3617.55,1240,344.5,646,3875.95,0.292504237,0.304515078,3359.15,-14.8,4048.25,7.4,1,137.4,1.323,2.689,1.239,2.0475,0.311915888,3.700284665,-0.815144584,3.69413483,0.074239451,-0.033294017,-0.234044447,1.525277322,1.169323612,0.228340361,0.129636548,-1.309760135,-0.959231064,0.833457398,-0.071377603,-0.307341364,0.266735438,0.163072382,1.178969063,-0.537701419,0.735,4,3.969,3.381,-1.754979079,3.675,27.912,2.76,27.912,28.74004673,5.32,-1.154578853,0.44800086,2.56,-0.946732083,0.511451235,-0.280966571,-0.07587129,Ruficollis_Esperanza,NA,0.270233836,-112.7848873,225.3137581,-21.11039218,-590.6249355,2691.378974,1545.475694,-945.2242614,84.99580058,285.3431026,232.6807033,-442.2121118,222.3196576,-271.9215787,-97.21052354,-322.5139678,113.9419328,243.5860707,492.1929871,126.6028005,-171.1303886,121.8361429,1.66E-11
C_19_121.wav_Ruficollis_simple_89,H:\Sporophila_vocalizations\M-F consolidated\converted_sound_files\C_19_121.wav,Ruficollis_final_kjochecked_CecilasImageCorrections.txt,Ruficollis,Esperanza,No year,simple,89,C_19_121,C_19_121.wav,D:/Sporophila_vocalizations/Esperanza/No year/Ruficollis,C_19_121.wav_1304,NANA,C_19_121.wav,1,1,2117.601803,2117.677268,2117.561168,2117.744025,0.28528,0.1828575,0.075465,2117.62212,2117.62212,2117.63373,3660.6,3832.9,3703.7,1320,172.25,516.8,3789.85,0.040311705,0.327351559,3359.15,-14.8,4048.25,7.4,0.5,137.65,1.311,2.468,1.2365,1.636,0.285280374,3.722105272,-1.05380066,3.723036957,0.318588714,-0.074942793,-0.832180458,0.338711842,0.826276918,0.194058331,0.101587074,-0.394314851,-0.582034426,0.807895997,-0.269796005,-0.911516371,0.218508975,0.118908174,0.721920945,-0.537701419,0.882,3.583333333,3.969,3.528,-1.344358975,3.822,34.818,2.72,34.818,35.64203738,5.28,-1.154578853,-0.019191565,2.56,-0.956873117,0.488464984,0.19323347,-0.233756698,Ruficollis_Esperanza,NA,0.024003557,-618.5009963,738.4518684,-82.05778768,-1362.430414,1864.104676,564.8030847,-836.0898658,-95.23681474,-395.6257503,-150.5327184,-71.63437755,-79.03405032,-122.3828152,-157.063533,-45.26094552,20.97185601,259.5800828,-76.21742681,-139.5697229,-26.0753702,-6.337391213,-1.43E-12
C_19_121.wav_Ruficollis_simple_90,H:\Sporophila_vocalizations\M-F consolidated\converted_sound_files\C_19_121.wav,Ruficollis_final_kjochecked_CecilasImageCorrections.txt,Ruficollis,Esperanza,No year,simple,90,C_19_121,C_19_121.wav,D:/Sporophila_vocalizations/Esperanza/No year/Ruficollis,C_19_121.wav_1306,NANANA,C_19_121.wav,1,1,2123.207487,2123.271341,2123.172657,2123.346806,0.278504667,0.17415,0.063855,2123.222967,2123.222967,2123.234577,3416.6,3502.733333,3474.033333,1200,86.13333333,344.5333333,3502.733333,-0.800671792,0.6470623,3215.6,-14.8,3703.7,4.933333333,0.333333333,136.9666667,1.333666667,1.958,1.237666667,2.359333333,0.278504673,3.432005702,-1.183153456,3.443951131,-0.673851731,-0.979271081,-1.123744301,-0.27895249,0.101549739,0.175477553,0.096173317,1.950936466,1.62141251,0.722488272,-0.242410965,-2.901482013,0.193620326,-0.636747289,-0.344524664,-0.928098958,0.98,14.61904762,3.577,3.283,-0.773870142,3.577,39.989,2.6,39.989,41.64945794,5.32,0.332378761,-0.138038768,2.72,1.158725967,-1.155008309,1.72374538,0.082197493,Ruficollis_Esperanza,NA,0.785816898,-3679.479282,-1444.418777,342.4249669,-1967.791001,-1352.169762,-1557.085391,-326.0454371,-695.3076457,-1719.542706,-79.52665099,-347.2110854,41.11145884,-420.0385299,-226.6873626,203.423707,36.41332539,180.6397814,91.41995428,-212.9518485,74.8747829,136.0436845,4.28E-12
C_19_121.wav_Ruficollis_simple_93,H:\Sporophila_vocalizations\M-F consolidated\converted_sound_files\C_19_121.wav,Ruficollis_final_kjochecked_CecilasImageCorrections.txt,Ruficollis,Esperanza,No year,simple,93,C_19_121,C_19_121.wav,D:/Sporophila_vocalizations/Esperanza/No year/Ruficollis,C_19_121.wav_1312,faintfaint,C_19_121.wav,1,1,2151.563889,2151.662574,2151.500034,2151.717722,0.276168,0.2176875,0.098685,2151.587109,2151.587109,2151.607427,3531.4,3789.85,3703.7,1160,258.4,689.05,3789.85,0.040311705,0.464370448,3229.95,-96.45,4048.25,111.3,3.5,117.25,2.021,2.839,1.4145,3.181,0.276168224,3.709329233,-0.207988467,3.734378505,0.205594715,-0.045969506,-0.530964449,0.543801644,0.610020336,0.203617407,0.115075152,0.073902968,-0.205288347,0.893366142,-0.336093937,1.078463476,0.574618616,0.105924208,0.721920945,-0.537701419,0.882,53.4,3.528,3.528,0,3.822,68.786,2.72,68.786,69.58221495,5.2,-1.154578853,-0.179020561,2.48,-1.027245738,0.574138137,0.100840489,0.082197493,Ruficollis_Esperanza,NA,0.206750423,-75.95780825,527.3721206,-396.0518971,-384.5915231,1298.762477,403.6437712,-1043.035664,1118.266477,648.9016589,264.8680375,632.562867,-578.4180657,-80.33717742,128.0449442,-133.3422101,-123.3182037,338.6634845,27.51091145,-85.77644785,167.5130486,4.89708653,-1.32E-11
C_19_121.wav_Ruficollis_simple_94,H:\Sporophila_vocalizations\M-F consolidated\converted_sound_files\C_19_121.wav,Ruficollis_final_kjochecked_CecilasImageCorrections.txt,Ruficollis,Esperanza,No year,simple,94,C_19_121,C_19_121.wav,D:/Sporophila_vocalizations/Esperanza/No year/Ruficollis,C_19_121.wav_1316,faintfaint,C_19_121.wav,1,1,2155.540306,2155.638991,2155.485159,2155.697041,0.2649535,0.2118825,0.098685,2155.598356,2155.598356,2155.595454,3574.5,3875.95,3660.65,1000,301.45,559.9,3660.65,-0.338123546,0.19033267,3402.2,-14.8,4091.3,14.8,2,117.65,1.827,2.7195,1.401,2.916,0.264953271,3.727166731,-0.460468285,3.706204906,0.178539982,0.004792146,-0.347762467,0.244933915,-0.250417622,0.186835012,0.113925405,-0.39599439,-0.354885449,0.905928955,-0.37772091,1.369563578,0.641459552,0.16541996,1.178969063,-0.537701419,0.735,34.8,3.381,4.116,2.416129036,3.822,72.798,2.88,72.798,73.55120561,5.16,-1.154578853,-0.375733156,2.28,-1.136031362,0.883872865,-0.097260162,-0.233756698,Ruficollis_Esperanza,NA,0.083001944,208.5863259,1544.897708,-102.1351325,-219.843652,1213.963424,223.8212859,-1077.426149,1148.783585,1001.871544,429.7658378,326.1152279,-289.2592748,-267.2140883,86.52632297,-144.861101,-429.4428733,48.81836943,-66.04177033,304.5121664,58.13267738,61.48433249,-8.67E-12
C_19_122.wav_Ruficollis_simple_100,H:\Sporophila_vocalizations\M-F consolidated\converted_sound_files\C_19_122.wav,Ruficollis_final_kjochecked_CecilasImageCorrections.txt,Ruficollis,Esperanza,No year,simple,100,C_19_122,C_19_122.wav,D:/Sporophila_vocalizations/Esperanza/No year/Ruficollis,C_19_122.wav_1330,NANA,C_19_122.wav,1,1,2263.301214,2263.399898,2263.251871,2263.46085,0.3056075,0.20898,0.098685,2263.356361,2263.356361,2263.347654,3617.6,3875.95,3746.8,1124.55,258.4,516.8,3746.8,-0.085784561,0.213169152,3359.15,-14.8,4134.35,7.4,1,138.35,1.362,2.583,1.236,2.5175,0.305607477,3.740247584,-0.969098592,3.741806854,0.333415136,-0.006225522,-0.687892903,1.027928516,1.268217311,0.215454353,0.114953814,-0.455083171,-0.447368015,0.824615578,-0.097932733,-0.513673482,0.291321089,0.467369515,1.178969063,-0.303462896,0.882,31.9,3.381,3.528,0.416111111,3.969,52.289,2.8112,52.289,53.13527103,5.2209,-1.154578853,0.337350026,2.4097,-0.90063648,0.511451235,0.015914498,-0.391642106,Ruficollis_Esperanza,NA,-0.012538346,-270.3757405,237.3480046,-353.2798512,-1398.257341,2289.581472,856.9409131,-836.8935853,-112.8073578,110.7674373,450.1347806,-170.778441,-93.10638767,-298.9284212,39.6013878,-115.6579341,-163.4817363,64.48641417,64.36133095,-63.88181851,16.72269025,-22.28999445,1.57E-11
C_19_122.wav_Ruficollis_simple_106,H:\Sporophila_vocalizations\M-F consolidated\converted_sound_files\C_19_122.wav,Ruficollis_final_kjochecked_CecilasImageCorrections.txt,Ruficollis,Esperanza,No year,simple,106,C_19_122,C_19_122.wav,D:/Sporophila_vocalizations/Esperanza/No year/Ruficollis,C_19_122.wav_1353,NAfaint background sound,C_19_122.wav,1,1,2334.624206,2334.705476,2334.569059,2334.760624,0.301402,0.191565,0.08127,2334.664841,2334.664841,2334.664841,3574.5,3746.8,3660.65,1184.7,172.25,387.6,3660.65,-0.338123546,1.217974337,3402.2,-14.8,4048.25,103.85,0.5,138.65,1.3785,2.4315,1.24,2.535,0.301401869,3.687254403,-1.072699582,3.690135743,0.156644839,-0.176473068,-0.76307201,1.345505397,1.890814538,0.217276424,0.105464386,-0.346667383,-0.417748841,0.807832856,-0.165010003,-0.908605572,0.220320229,0.108805926,0.721920945,-0.537701419,0.882,11.7,3.528,3.381,-0.436916667,3.675,123.576,2.6908,123.576,124.4464486,5.2209,-1.154578853,0.263582792,2.5301,-0.83948298,0.219660726,0.329618843,-0.549527514,Ruficollis_Esperanza,NA,-0.037651539,-1307.335723,-321.8415172,-669.1496877,-1363.822933,2647.944905,835.6207737,-873.996042,-150.8174896,-3.113918946,-92.35039932,-472.1194739,-614.3424422,-112.491477,205.1012479,-26.93520454,65.69827171,10.68557977,50.16073521,-141.0175724,8.716463075,-31.49322015,7.60E-12
C_19_122.wav_Ruficollis_simple_107,H:\Sporophila_vocalizations\M-F consolidated\converted_sound_files\C_19_122.wav,Ruficollis_final_kjochecked_CecilasImageCorrections.txt,Ruficollis,Esperanza,No year,simple,107,C_19_122,C_19_122.wav,D:/Sporophila_vocalizations/Esperanza/No year/Ruficollis,C_19_122.wav_1355,NANA,C_19_122.wav,1,1,2337.90983,2338.00271,2337.866293,2338.078175,0.30686,0.2118825,0.09288,2337.924343,2337.924343,2337.950465,3617.55,3832.9,3746.8,1285.15,215.3,559.9,3789.85,0.040311705,0.395861004,3402.2,-14.8,4091.3,7.4,0.5,138.7,1.323,2.651,1.2535,2.0615,0.306859905,3.717240234,-0.947575062,3.721542044,0.245347964,-0.062945514,-0.654129353,0.555030048,0.73521701,0.205902832,0.115085974,-0.781977526,-0.753000494,0.815450222,-0.098173743,-0.727871306,0.237337319,0.357735489,0.721920945,-0.303462896,1.029,5.4,3.969,3.381,-1.699649674,3.822,126.923,2.6506,126.923,127.7379536,5.3012,-1.154578853,0.359317864,2.6506,-0.979849056,0.705927659,-0.309663232,-0.233756698,Ruficollis_Esperanza,NA,0.132999999,-264.609132,726.4195481,-166.9035091,-1137.57924,2006.54476,1114.750707,-700.4041607,-120.1462574,-69.94947279,-281.1341938,-88.70612982,246.8736099,-243.1663471,-66.01033021,-62.3987995,-132.1667936,-38.45494601,65.79328839,-57.21090965,-68.20187942,-0.28136585,6.31E-12
C_19_122.wav_Ruficollis_simple_108,H:\Sporophila_vocalizations\M-F consolidated\converted_sound_files\C_19_122.wav,Ruficollis_final_kjochecked_CecilasImageCorrections.txt,Ruficollis,Esperanza,No year,simple,108,C_19_122,C_19_122.wav,D:/Sporophila_vocalizations/Esperanza/No year/Ruficollis,C_19_122.wav_1357,NANA,C_19_122.wav,1,1,2354.436633,2354.520805,2354.398901,2354.60788,0.31472,0.20898,0.0841725,2354.477268,2354.477268,2354.480171,3746.8,3919.05,3832.9,1224.9,172.25,559.9,3832.9,0.166407971,0.487206929,3402.2,-14.8,4048.25,7.4,0.5,140.5,1.3525,2.4675,1.2515,2.382,0.314719626,3.771759209,-0.94650077,3.793028351,0.463236353,0.089963371,-0.705785664,0.477611787,0.651077324,0.201270254,0.111982066,0.299243169,0.146318775,0.78616172,-0.032465656,-1.407731521,0.230135843,0.153766164,0.721920945,-0.537701419,0.882,8.6,3.969,3.675,-0.819218752,4.116,143.428,2.6104,143.428,144.3088785,5.261,-1.154578853,0.497179005,2.6506,-0.813102113,0.300318265,0.173621328,-0.075687915,Ruficollis_Esperanza,NA,0.289681067,-715.8729186,-58.64262444,-460.3835158,-2000.315766,1168.691947,517.5745496,-960.0046905,-12.40671267,-429.5423127,-265.6702361,-147.1501144,261.9115634,-261.8364386,-289.5528279,-64.48313117,-0.300731161,335.9945519,-57.32193662,-27.68319041,-95.65883633,12.5064403,-2.62E-11
C_19_122.wav_Ruficollis_simple_565,H:\Sporophila_vocalizations\M-F consolidated\converted_sound_files\C_19_122.wav,Ruficollis_final_kjochecked_CecilasImageCorrections.txt,Ruficollis,Esperanza,No year,simple,565,C_19_122,C_19_122.wav,D:/Sporophila_vocalizations/Esperanza/No year/Ruficollis,C_19_122.wav_2523,NANA,C_19_122.wav,1,1,2246.548016,2246.640896,2246.498673,2246.707653,0.310268,0.20898,0.09288,2246.577041,2246.577041,2246.588651,3617.6,3832.9,3746.8,1103.9,215.35,559.9,3789.85,0.040311705,0.213169152,3316.1,-14.8,4091.3,7.4,1,138.65,1.335,2.6165,1.234,2.0385,0.310267883,3.708835125,-0.957872021,3.714127487,0.175083746,-0.061753487,-0.509466179,0.855310754,1.038439212,0.213103056,0.116777182,-1.284586927,-0.949821302,0.848613327,-0.05830867,0.047289868,0.308284055,0.044974896,1.178969063,-0.537701419,0.735,3.7,4.116,3.528,-1.647715934,3.969,35.525,2.9004,35.525,36.40685763,5.2381,-1.154578853,0.419094503,2.3377,-0.810625567,0.279808205,0.268752764,-0.233756698,Ruficollis_Esperanza,NA,0.057152088,-231.4026598,461.2425341,153.012513,-420.1240351,2637.201663,738.4549685,-1123.406239,-58.35750629,323.403994,293.7968694,-170.0503449,190.299217,-202.2597262,-113.3022198,-301.9641474,94.0077511,87.41801715,4.215274721,-28.83275365,-175.7620244,-28.96439542,-3.08E-12
C_19_122.wav_Ruficollis_simple_568,H:\Sporophila_vocalizations\M-F consolidated\converted_sound_files\C_19_122.wav,Ruficollis_final_kjochecked_CecilasImageCorrections.txt,Ruficollis,Esperanza,No year,simple,568,C_19_122,C_19_122.wav,D:/Sporophila_vocalizations/Esperanza/No year/Ruficollis,C_19_122.wav_2530,NANA,C_19_122.wav,1,1,2349.798447,2349.888425,2349.749105,2349.946474,0.301402,0.19737,0.0899775,2349.839082,2349.839082,2349.839082,3617.55,3876,3746.8,1115.7,258.4,516.8,3832.9,0.166407971,0.875427115,3445.3,-14.8,4263.55,44.5,2.5,136.7,1.275,2.5295,0.943,2.0555,0.301401869,3.732891036,-0.966138917,3.721663251,0.251175978,-0.027205389,-0.575288449,0.857321727,1.012144486,0.208877625,0.113029481,-0.974170805,-0.737735629,0.839831667,-0.160928114,-0.162066538,0.264824668,0.286243693,1.178969063,-0.303462896,0.882,17.5,3.381,3.528,0.436916667,3.822,138.782,2.9339,138.782,139.6204486,5.2066,-1.154578853,0.263582792,2.2727,-0.920422132,0.443316691,0.021582237,-0.233756698,Ruficollis_Esperanza,NA,0.025351692,-249.7132426,405.1471985,-18.61906199,-966.8839058,2503.255877,826.9358281,-979.0496121,207.3267462,431.4379364,-141.6513259,-223.2551126,-34.41013016,-135.3118849,106.2870141,-99.02151786,181.5106065,-146.3873256,156.9372619,-21.84382022,-55.70022694,23.29664488,-3.83E-12
C_19_122.wav_Ruficollis_simple_569,H:\Sporophila_vocalizations\M-F consolidated\converted_sound_files\C_19_122.wav,Ruficollis_final_kjochecked_CecilasImageCorrections.txt,Ruficollis,Esperanza,No year,simple,569,C_19_122,C_19_122.wav,D:/Sporophila_vocalizations/Esperanza/No year/Ruficollis,C_19_122.wav_2532,NANA,C_19_122.wav,1,1,2369.578946,2369.668923,2369.523798,2369.732778,0.3280375,0.20898,0.0899775,2369.602166,2369.602166,2369.625386,3617.55,3789.85,3703.7,1404.95,172.25,473.75,3746.8,-0.085784561,1.537685078,3143.8,-14.8,4134.35,163.2,1.5,135.55,1.37,2.58,1.2295,2.9215,0.328037384,3.728862011,-0.962508588,3.727531379,0.301955959,-0.079522621,-0.810259733,1.923367613,2.40882141,0.238310873,0.11708756,-0.479138946,-0.651529862,0.837389556,0.073483167,-0.210201851,0.26622358,0.351008367,0.721920945,-0.069224373,1.176,56.07142857,4.263,3.528,-2.032170543,3.822,158.552,2.8926,158.552,159.3876822,5.5372,-1.154578853,0.730775226,2.6446,-0.927419208,0.663787681,-0.517841686,-0.391642106,Ruficollis_Esperanza,NA,-0.260819907,-713.0190752,-628.5508464,-1077.141152,-1272.401831,3168.307119,1770.993595,-538.9129788,-50.26673328,793.7474961,-90.51996317,-54.96550978,-643.6811512,-4.585958279,396.3394144,178.4126245,215.1295976,-253.9932442,78.18880981,-114.658254,193.6169584,43.92818371,1.51E-11
C_19_122.wav_Ruficollis_simple_772,H:\Sporophila_vocalizations\M-F consolidated\converted_sound_files\C_19_122.wav,Ruficollis_final_kjochecked_CecilasImageCorrections.txt,Ruficollis,Esperanza,No year,simple,772,C_19_122,C_19_122.wav,D:/Sporophila_vocalizations/Esperanza/No year/Ruficollis,C_19_122.wav_3140,noicenoice,C_19_122.wav,1,1,2389.208515,2389.3072,2389.159173,2389.37686,0.3182245,0.217687,0.098685,2389.275273,2389.275273,2389.252053,3574.5,3876,3746.8,1060,301.45,602.95,3746.75,-0.085931014,0.487206929,3402.2,-111.25,4134.35,111.25,2,142.4,1.378,2.782,1.017,2.516,0.318224299,3.724819713,-0.826666679,3.738729459,0.233053788,0.010894235,-0.442187102,1.18444335,1.448501797,0.223509032,0.119733041,-1.13774326,-0.78209029,0.8934972,0.022226883,1.097381013,0.447410639,0.065393662,1.178969063,-0.537701419,0.735,4.4,3.381,3.528,0.391268656,3.822,178.138,2.84,178.138,179.1077009,5.28,-1.154578853,0.558651694,2.44,-0.588439231,-0.134743612,0.961165859,-0.07587129,Ruficollis_Esperanza,NA,0.102984706,-230.0325485,-363.2551123,107.0663536,148.4743583,2898.222817,253.8880858,-1557.549261,305.6605012,773.1336949,604.002711,156.5838726,-242.214004,-141.7963934,-47.60477165,-325.5262796,91.17440088,-44.75767036,-147.5080306,-15.75987491,-16.51222316,-120.6476062,-9.52E-12
C_19_122.wav_Ruficollis_simple_97,H:\Sporophila_vocalizations\M-F consolidated\converted_sound_files\C_19_122.wav,Ruficollis_final_kjochecked_CecilasImageCorrections.txt,Ruficollis,Esperanza,No year,simple,97,C_19_122,C_19_122.wav,D:/Sporophila_vocalizations/Esperanza/No year/Ruficollis,C_19_122.wav_1324,NANA,C_19_122.wav,1,1,2241.216134,2241.303209,2241.163889,2241.367064,0.328037,0.203175,0.087075,2241.250964,2241.250964,2241.256769,3574.5,3875.95,3746.8,1200,301.5,473.75,3789.85,0.040311705,1.080955448,3229.95,-29.65,4134.35,126.1,3,150.4,1.364,2.6675,1.249,2.707,0.328037384,3.738777511,-1.042575984,3.742206442,0.27424787,0.011195504,-0.524464374,1.407265271,1.915686716,0.222823152,0.110559231,-1.044962036,-0.812309778,0.833722538,0.066066063,-0.295050229,0.173673396,0.119976329,0.721920945,-0.537701419,0.882,12.6,3.381,3.381,-0.116822637,3.969,30.201,2.72,30.201,31.04809346,5.2,-1.154578853,0.730775226,2.48,-0.898556268,0.638927745,-0.407995688,-0.391642106,Ruficollis_Esperanza,NA,-0.020786389,-600.6131871,-118.1235448,-605.0396114,-862.8407474,2983.466601,1644.453477,-718.2750745,-120.6212015,613.8711201,-217.6360905,-288.1649206,-245.1923664,-165.2472003,-120.7079065,-131.7394469,199.5969648,-68.98806867,-16.20610505,-170.046773,-84.76431618,-4.099748402,-2.39E-11
C_19_122.wav_Ruficollis_simple_98,H:\Sporophila_vocalizations\M-F consolidated\converted_sound_files\C_19_122.wav,Ruficollis_final_kjochecked_CecilasImageCorrections.txt,Ruficollis,Esperanza,No year,simple,98,C_19_122,C_19_122.wav,D:/Sporophila_vocalizations/Esperanza/No year/Ruficollis,C_19_122.wav_1326,NANA,C_19_122.wav,1,1,2254.854955,2254.944932,2254.808515,2255.01169,0.319626,0.203175,0.0899775,2254.901395,2254.901395,2254.898492,3617.55,3832.9,3746.8,1180,215.3,516.8,3746.8,-0.085784561,1.058118967,3273.05,-14.8,4091.3,126.1,1.5,142.95,1.3655,2.574,1.2415,2.8095,0.319626168,3.735228194,-1.054532062,3.739478918,0.291300151,-0.006030362,-0.60250095,0.804218283,1.03910236,0.209719538,0.113381616,-0.92988456,-0.767205266,0.822770797,0.007693809,-0.552774446,0.209875228,0.375748395,1.178969063,-0.303462896,0.882,17.5,4.263,3.822,-1.209923078,3.969,43.851,2.84,43.851,44.70848598,5.28,-1.154578853,0.583240766,2.44,-0.872269956,0.511451235,-0.146020624,-0.233756698,Ruficollis_Esperanza,NA,0.021868598,-421.0153222,296.1974203,-124.5454588,-1215.630205,2480.645374,1039.610853,-967.4427357,-11.85249247,446.4219414,-323.3507845,-381.5003472,203.7643251,-159.2927477,121.6682194,95.03553765,13.23749566,-276.2479443,6.488213334,-65.32866342,-129.4304099,-35.55199567,1.72E-11
C_19_124.wav_Ruficollis_simple_115,H:\Sporophila_vocalizations\M-F consolidated\converted_sound_files\C_19_124.wav,Ruficollis_final_kjochecked_CecilasImageCorrections.txt,Ruficollis,Esperanza,No year,simple,115,C_19_124,C_19_124.wav,D:/Sporophila_vocalizations/Esperanza/No year/Ruficollis,C_19_124.wav_1390,NANANAextra note,C_19_124.wav,1,1,2562.575952,2562.652869,2562.532415,2562.715272,0.29649575,0.1828575,0.07691625,2562.591916,2562.591916,2562.612234,3574.5,3854.45,3746.775,1696.775,279.925,775.2,3789.825,0.040238478,0.167496189,3316.1,-33.35,4478.9,66.775,0.5,142.8,1.423,2.8995,1.236,2.8535,0.296495327,3.759460272,-0.306723707,3.724481768,0.235219426,0.038082276,-0.377640091,0.594834156,1.098963349,0.195635248,0.098209757,-0.826542792,-0.752143259,0.834875883,-0.208204685,-0.279772844,0.221389462,0.329721828,0.950445004,0.282133412,1.323,5.675,3.822,3.528,-0.982524427,3.822,12.929,2.6908,12.929,14.76539252,6.3454,1.819336374,0.177521035,3.6546,1.603725829,-0.858859245,-0.159785115,0.240082901,Ruficollis_Esperanza,NA,0.632361086,-192.7359585,-1630.707459,2215.982303,-15.22313523,894.8857083,291.2423008,1160.161679,-723.7973544,548.6600645,434.3966513,-539.0978234,13.00137464,-157.606426,451.1508557,57.91708131,101.4314785,-124.4592069,2.632909744,-249.3817843,-108.860482,-79.04531191,2.42E-11
C_19_124.wav_Ruficollis_simple_116,H:\Sporophila_vocalizations\M-F consolidated\converted_sound_files\C_19_124.wav,Ruficollis_final_kjochecked_CecilasImageCorrections.txt,Ruficollis,Esperanza,No year,simple,116,C_19_124,C_19_124.wav,D:/Sporophila_vocalizations/Esperanza/No year/Ruficollis,C_19_124.wav_1394,NANANAextra note,C_19_124.wav,1,1,2570.785658,2570.856769,2570.73051,2570.894501,0.29088775,0.16399125,0.07111125,2570.836451,2570.836451,2570.824841,3596.025,3811.375,3703.7,1706.8,215.325,753.675,3682.175,-0.275075413,0.178914429,3316.1,-33.35,4629.65,96.45,0.25,137.675,1.49975,2.8735,1.24275,3.184,0.29088785,3.749553653,-0.196108146,3.716136832,0.206369569,0.005881079,-0.401102523,0.717312243,1.090947643,0.19260765,0.095327791,-0.539233841,-0.509745112,0.85720758,-0.271673076,0.238020028,0.293591804,0.361365777,0.721920945,0.399252673,1.47,10.58939394,3.6015,3.528,-0.132225447,3.822,21.154,2.6506,21.154,22.93137383,6.6265,1.819336374,0.079164733,3.9759,1.454446992,-0.785810659,-0.277188082,0.397968309,Ruficollis_Esperanza,NA,0.507394502,-212.5499054,-1635.73052,1907.140349,164.9145414,665.8248082,336.5503664,1216.27455,-399.9427214,703.4301226,673.3626611,-220.664148,-266.4141166,23.13326953,544.7896612,156.3438735,-72.06324609,-287.2373633,-79.62198576,-93.65378651,-11.84307116,-121.4069841,7.81E-12
C_19_124.wav_Ruficollis_simple_776,H:\Sporophila_vocalizations\M-F consolidated\converted_sound_files\C_19_124.wav,Ruficollis_final_kjochecked_CecilasImageCorrections.txt,Ruficollis,Esperanza,No year,simple,776,C_19_124,C_19_124.wav,D:/Sporophila_vocalizations/Esperanza/No year/Ruficollis,C_19_124.wav_3149,NANAnoice,C_19_124.wav,1,1,2554.872249,2554.941908,2554.837419,2554.996088,0.257009333,0.15867,0.06966,2554.891599,2554.891599,2554.901274,3330.433333,3502.733333,3387.866667,1120,172.2333333,401.9666667,3416.6,-1.05296196,0.707959584,3158.166667,-14.8,3646.266667,19.8,1,139.6,1.347666667,2.187,1.243,2.029666667,0.257009346,3.379191496,-1.264540699,3.387237272,-0.91961573,-1.103319399,-0.94274318,-0.372793902,0.028165878,0.170504424,0.092533444,-0.350638835,-0.573419298,0.770318783,-0.406081959,-1.792551555,0.176293238,-1.016143155,-0.039825918,-1.240416988,0.686,16,3.577,3.185,-1.194985756,3.479,5.548,2.36,5.548,6.776037383,5.4,0.332378761,-0.51507125,3.04,0.064983674,-0.166285598,-0.04715023,0.555853717,Ruficollis_Esperanza,NA,0.699514618,-3076.744319,782.9412586,1320.484696,-397.930682,136.5402053,630.9955517,-118.9634242,-351.4341674,-796.3391785,-460.8936968,-473.7000765,334.4066191,223.3386431,-32.08705953,223.0280754,35.51460004,164.1632915,-1.682301861,-136.1451743,-211.1100209,-27.70361817,-4.41E-12
C_19_127_B.wav_Hypoxantha_simple_54,H:\Sporophila_vocalizations\M-F consolidated\converted_sound_files\C_19_127_B.wav,Hypoxantha_final_kjochecked_CecilasImageCorrections.txt,Hypoxantha,Mar_Chiquita,No year,simple,54,C_19_127,C_19_127_B.wav,D:/Sporophila_vocalizations/Mar_Chiquita/No year/Hypoxantha,C_19_127_B.wav_1021,NANA,C_19_127_B.wav,1,1,1572.109921,1572.185386,1572.075091,1572.26085,0.2359225,0.18576,0.075465,1572.112824,1572.112824,1572.138946,3273.05,3488.35,3402.25,1197.45,215.35,602.95,3488.35,-0.842801516,0.098986744,3014.6,-14.8,3660.65,7.4,0.5,131.1,1.8035,2.936,1.2595,2.8205,0.235922543,3.304379817,-0.180728492,3.357832707,-1.233107722,-1.103140105,-0.310337421,-1.284263564,-1.487338823,0.150957295,0.100520376,-0.566807398,-0.588659413,0.916535055,-0.627157,1.60513147,0.589800128,-0.906955323,-0.192175291,-1.240416988,0.735,19,3.675,3.087,-2.492519448,3.528,72.171,2.521,72.171,72.81794,3.8655,-1.154578853,-0.88493814,1.3445,-1.404814115,1.24760493,-0.561280248,-2.287000502,Hypoxantha_Mar_Chiquita,NA,-2.068884613,-963.8426425,4409.112783,-1765.988318,1292.575913,532.2662861,-1188.054529,206.8439195,222.9403334,1345.309756,-130.7864974,42.64416917,-171.8540625,248.484433,-96.91919905,-96.19077908,-202.3325837,-5.940840227,127.6175189,-93.07061437,70.21058451,-9.066001153,-6.23E-12
C_19_127_B.wav_Hypoxantha_simple_56,H:\Sporophila_vocalizations\M-F consolidated\converted_sound_files\C_19_127_B.wav,Hypoxantha_final_kjochecked_CecilasImageCorrections.txt,Hypoxantha,Mar_Chiquita,No year,simple,56,C_19_127,C_19_127_B.wav,D:/Sporophila_vocalizations/Mar_Chiquita/No year/Hypoxantha,C_19_127_B.wav_1024,faintfaintfaint,C_19_127_B.wav,1,1,1581.59237,1581.675574,1581.567215,1581.741364,0.220723,0.17415,0.083205,1581.60398,1581.60398,1581.621395,2641.4,2871.066667,2756.266667,1036.433333,229.6666667,430.7,2756.233333,-2.987219121,0.921100078,2555.3,-14.8,2899.766667,14.8,2.333333333,130.8,1.870333333,2.667666667,1.419333333,2.651333333,0.220723051,2.710338679,-0.422474644,2.737577123,-3.52267349,-2.908843483,-0.271782205,-1.206079137,-1.649189332,0.149155379,0.101658999,-0.109802455,-0.365841071,0.899128561,-0.599262268,1.200668189,0.567046281,-2.858877298,-2.47741588,-2.333530096,0.784,24.11111111,2.695,2.401,-1.301615798,2.891,81.455,1.8908,81.455,82.49418441,3.6555,0.332378761,-1.151540365,1.7647,-0.412691316,0.084876459,-0.432167552,-1.497390087,Hypoxantha_Mar_Chiquita,NA,-1.061589323,-5326.029127,3635.585941,-1321.163946,3688.830018,-1378.012109,-822.8269332,770.479806,-19.1862858,729.1510915,-371.0886206,-73.12413493,-235.3157401,801.7986436,151.683139,-123.4899958,-422.5503019,-269.6151445,209.0069352,116.1574893,305.2548485,-149.004581,-9.09E-13
C_19_127_B.wav_Hypoxantha_simple_57,H:\Sporophila_vocalizations\M-F consolidated\converted_sound_files\C_19_127_B.wav,Hypoxantha_final_kjochecked_CecilasImageCorrections.txt,Hypoxantha,Mar_Chiquita,No year,simple,57,C_19_127,C_19_127_B.wav,D:/Sporophila_vocalizations/Mar_Chiquita/No year/Hypoxantha,C_19_127_B.wav_1028,NANA,C_19_127_B.wav,1,1,1601.834365,1601.93305,1601.799535,1602.005612,0.2874685,0.2060775,0.098685,1601.901123,1601.901123,1601.89822,3488.35,3746.75,3574.5,1470.55,258.4,559.85,3574.5,-0.590462531,0.304515078,3014.6,-51.95,3832.9,44.5,6,134.3,1.8955,2.8585,1.357,3.56,0.287468646,3.490227997,0.066896829,3.520430867,-0.546407288,-0.493432308,-0.149213579,-0.021260247,-0.938176728,0.180769113,0.120354881,-0.469896227,-0.603250174,0.895560098,-0.289322699,1.130630098,0.493761762,-0.344768607,-0.649223409,-0.771939942,1.176,22.73333333,3.822,3.234,-2.073948003,3.675,101.954,2.563,101.954,102.5491719,4.3277,-1.154578853,0.01919117,1.7647,-1.535753767,3.548991987,-2.051988169,-1.655275495,Hypoxantha_Mar_Chiquita,NA,-1.7138216,25.24754105,3919.044601,-2646.632685,559.0909796,675.5703512,1448.146157,826.6352986,353.5196419,1586.258408,-533.5917817,414.6719517,-262.7932491,-826.4491495,-437.3240983,967.4124921,-318.9622034,-22.05443594,167.5039689,343.9736253,-69.61841568,68.42192822,2.18E-12
C_19_129.wav_Ruficollis_simple_130,H:\Sporophila_vocalizations\M-F consolidated\converted_sound_files\C_19_129.wav,Ruficollis_final_kjochecked_CecilasImageCorrections.txt,Ruficollis,Mar_Chiquita,No year,simple,130,C_19_129,C_19_129.wav,D:/Sporophila_vocalizations/Mar_Chiquita/No year/Ruficollis,C_19_129.wav_1460,NANANA,C_19_129.wav,1,1,2905.036905,2905.118175,2904.9924,2905.156874,0.249533,0.164475,0.08127,2905.06206,2905.06206,2905.07754,3387.866667,3531.433333,3445.3,910.3333333,143.5333333,373.2666667,3474,-0.884833605,0.6470623,3273.033333,-14.8,3703.7,9.866666667,1.666666667,133.4333333,1.520666667,2.143,1.27,2.716,0.24953271,3.441653485,-1.042706911,3.446044975,-0.652486467,-0.94990965,-1.092391946,-0.127752198,-0.004024102,0.171939893,0.094553748,0.958100926,0.710928711,0.827185912,-0.452601037,-0.469552592,0.425912317,-0.822871425,0.569571572,-1.240416988,0.49,9,3.675,3.675,0,3.577,75.568,2.49,75.568,76.62480374,5.4217,0.332378761,-0.646212986,2.9317,-0.368125888,0.438366745,-0.76335333,0.556037092,Ruficollis_Mar_Chiquita,NA,0.819349966,-2622.914375,777.8716808,578.9803342,-1218.847506,-746.6664873,755.675899,-78.43720005,790.532116,433.3170187,392.3010544,259.5376912,-237.6592121,1.539453201,15.85825694,0.531380634,-27.16242498,297.8786409,-8.976441722,0.445735343,110.0450582,-42.15056966,1.27E-11
C_19_130_A.wav_Hypoxantha_simple_66,H:\Sporophila_vocalizations\M-F consolidated\converted_sound_files\C_19_130_A.wav,Hypoxantha_final_kjochecked_CecilasImageCorrections.txt,Hypoxantha,Mar_Chiquita,No year,simple,66,C_19_130,C_19_130_A.wav,D:/Sporophila_vocalizations/Mar_Chiquita/No year/Hypoxantha,C_19_130_A.wav_1043,NANANA,C_19_130_A.wav,1,1,1823.888726,1823.966126,1823.850027,1824.033851,0.306633,0.183825,0.0774,1823.923556,1823.923556,1823.927426,3531.4,3703.733333,3617.566667,1484.633333,172.2333333,459.3666667,3588.866667,-0.548381625,0.479594769,3129.466667,-19.76666667,4019.533333,59.33333333,2.333333333,142.2333333,1.597,2.640666667,1.243333333,2.713,0.306633221,3.568049623,-0.307884877,3.573448257,-0.214354822,-0.53842851,-0.932630273,-0.485818311,-0.751342874,0.173284172,0.109475498,0.429703449,-0.043665134,0.859449043,0.051606335,0.303428563,0.40753342,-0.114115656,0.569571572,-0.459621911,0.98,16.94444444,3.871,3.479,-1.440323409,3.675,16.887,2.605,16.887,18.11164814,5.2101,0.332378761,0.355341794,2.6051,0.05641109,0.040904889,-0.779992769,-0.707596297,Hypoxantha_Mar_Chiquita,NA,-0.559807906,-887.0084657,911.286798,-102.8282609,-511.1971418,-191.5467101,-464.8710974,513.1811116,-240.7864306,1380.823972,-71.37558976,257.4898939,568.8865517,217.3340351,296.9664069,227.8070332,-387.9617188,-24.03438568,-111.9163289,26.81156297,6.68885369,-95.37088375,1.85E-12
C_19_130_A.wav_Hypoxantha_simple_68,H:\Sporophila_vocalizations\M-F consolidated\converted_sound_files\C_19_130_A.wav,Hypoxantha_final_kjochecked_CecilasImageCorrections.txt,Hypoxantha,Mar_Chiquita,No year,simple,68,C_19_130,C_19_130_A.wav,D:/Sporophila_vocalizations/Mar_Chiquita/No year/Hypoxantha,C_19_130_A.wav_1047,NANANA,C_19_130_A.wav,1,1,1838.314123,1838.391523,1838.281228,1838.457313,0.321171667,0.176085,0.0774,1838.337343,1838.337343,1838.350888,3588.866667,3789.833333,3675,1246.5,200.9666667,459.3666667,3703.7,-0.21202728,0.373024522,3215.633333,-34.63333333,4076.933333,64.3,3,142.4666667,1.477666667,2.587333333,1.184333333,2.663666667,0.321171865,3.644578413,-0.786102952,3.620305852,0.025329321,-0.367368086,-0.982215359,-0.394072021,-0.457227247,0.176802592,0.107650353,0.378168105,0.012657813,0.847386419,0.054484415,0.021583186,0.351729505,-0.009552823,0.874270317,-0.303462896,0.98,25.83333333,3.871,3.381,-1.584682005,3.773,31.258,2.7311,31.258,32.58164814,5.1681,0.332378761,0.610352612,2.437,0.306816588,-0.30867609,-0.513425264,-0.865481705,Hypoxantha_Mar_Chiquita,NA,-0.784274312,-747.2476078,499.2474261,30.6230206,-969.2740184,269.611458,-809.7058761,546.6790408,-586.1489384,1304.991255,96.22644287,89.21666138,747.6287812,245.1740411,51.89350967,120.7406631,-123.5229288,-120.3815449,-224.7721443,20.57156226,117.9967859,-9.86839455,1.13E-11
C_19_130_A.wav_Hypoxantha_simple_70,H:\Sporophila_vocalizations\M-F consolidated\converted_sound_files\C_19_130_A.wav,Hypoxantha_final_kjochecked_CecilasImageCorrections.txt,Hypoxantha,Mar_Chiquita,No year,simple,70,C_19_130,C_19_130_A.wav,D:/Sporophila_vocalizations/Mar_Chiquita/No year/Hypoxantha,C_19_130_A.wav_1054,NANANA,C_19_130_A.wav,1,1,1874.529513,1874.595302,1874.500488,1874.668832,0.309276667,0.168345,0.06579,1874.529513,1874.529513,1874.560472,3617.566667,3789.833333,3675,2100.833333,172.2666667,488.0666667,3789.833333,0.040262887,0.022865139,3158.166667,-19.76666667,4076.933333,4.933333333,1.333333333,138.1,1.569,2.556666667,1.250333333,3.142333333,0.309276611,3.66256866,-0.152036176,3.646871436,0.072737933,-0.317172004,-0.950553482,-0.368988425,-0.143936718,0.177576076,0.102731898,2.035888186,1.94242256,0.799604201,-0.07200047,-1.098020996,0.245263775,0.009089306,-0.344524664,0.321173166,1.764,13.82407407,4.557,3.479,-3.500039757,3.871,67.476,2.479,67.476,68.74496237,5.8403,0.332378761,0.40170739,3.3613,0.168497236,-0.247393562,-0.604873632,-0.549710889,Hypoxantha_Mar_Chiquita,NA,-0.782294698,-881.4421555,-459.6925854,-1394.362769,-2057.090636,-1550.085024,-810.9988372,1135.069287,-378.890896,-74.74620503,258.8083114,549.7240942,154.2198233,261.1459266,-7.174613133,50.92498905,161.9549117,-133.7057806,-36.33879583,-81.57643985,71.30946572,-23.50714534,-9.73E-12
C_19_130_A.wav_Hypoxantha_simple_71,H:\Sporophila_vocalizations\M-F consolidated\converted_sound_files\C_19_130_A.wav,Hypoxantha_final_kjochecked_CecilasImageCorrections.txt,Hypoxantha,Mar_Chiquita,No year,simple,71,C_19_130,C_19_130_A.wav,D:/Sporophila_vocalizations/Mar_Chiquita/No year/Hypoxantha,C_19_130_A.wav_1057,NANANA,C_19_130_A.wav,1,1,1884.603103,1884.670828,1884.574078,1884.738553,0.315885333,0.164475,0.067725,1884.608908,1884.608908,1884.634063,3560.133333,3703.733333,3646.266667,1960.766667,143.5666667,516.8,3703.7,-0.21202728,0.692735263,3186.9,-44.5,4249.2,143.4,3,142.0333333,1.537333333,2.674666667,1.243,3.475,0.315885086,3.625617776,-0.076684636,3.612357539,-0.086674505,-0.399217932,-0.83716171,-0.292673532,0.036428154,0.180169009,0.102047917,0.815556248,0.373064604,0.828174204,-0.072585088,-0.431592803,0.279162515,-0.119042618,-0.953922154,-0.147303881,1.666,16.12777778,2.695,3.185,1.70223486,3.675,77.54,2.1429,77.54,78.80010204,5.7563,0.332378761,0.517621408,3.6134,0.146086353,-0.270262349,-0.742940273,-0.391825481,Hypoxantha_Mar_Chiquita,NA,-0.885603659,-1041.03626,-127.7211374,-939.0708506,-528.8966715,-386.8766069,-242.6244238,1102.664615,-462.6414862,312.9758546,-631.9324831,522.964743,121.4886614,711.7837604,-49.06948145,334.6191934,-66.45322908,-131.5458128,-115.9473879,-189.6751405,13.93128224,-108.1424436,9.42E-12
C_19_130_A.wav_Hypoxantha_simple_75,H:\Sporophila_vocalizations\M-F consolidated\converted_sound_files\C_19_130_A.wav,Hypoxantha_final_kjochecked_CecilasImageCorrections.txt,Hypoxantha,Mar_Chiquita,No year,simple,75,C_19_130,C_19_130_A.wav,D:/Sporophila_vocalizations/Mar_Chiquita/No year/Hypoxantha,C_19_130_A.wav_1080,NANA,C_19_130_A.wav,1,1,1930.091961,1930.181939,1930.060035,1930.257404,0.289451,0.19737,0.0899775,1930.091962,1930.091962,1930.132596,3789.8,4048.25,3876,1953.8,258.4,646,4005.15,0.670939488,-0.175051034,3531.45,-14.8,4435.85,7.4,1,144.6,1.384,2.8645,1.237,2.0425,0.289451187,3.87887889,-0.314008385,3.856994976,0.855940638,0.359213618,-0.814957264,-0.60945358,-0.889670164,0.173038721,0.111743211,0.782518143,0.199912038,0.80775054,-0.310939012,-0.917415898,0.235745778,0.918606858,1.178969063,0.399252673,1.323,5.05,4.116,3.675,-1.523572954,3.969,123.253,2.7311,123.253,124.0344512,5.2941,-1.154578853,0.053965358,2.563,-1.064588447,0.519175612,-0.297005074,-1.813344277,Hypoxantha_Mar_Chiquita,NA,-1.801688396,1181.866001,1823.325797,-1470.17473,-2544.672344,698.5748657,-1392.6932,249.3181086,-496.1063761,225.4441932,-196.1971721,-176.4603806,460.6855238,120.8496451,147.0088956,205.368557,-174.3760761,205.1241008,121.1762213,96.45580062,64.81862181,87.4980459,1.13E-11
C_19_130_A.wav_Hypoxantha_simple_78,H:\Sporophila_vocalizations\M-F consolidated\converted_sound_files\C_19_130_A.wav,Hypoxantha_final_kjochecked_CecilasImageCorrections.txt,Hypoxantha,Mar_Chiquita,No year,simple,78,C_19_130,C_19_130_A.wav,D:/Sporophila_vocalizations/Mar_Chiquita/No year/Hypoxantha,C_19_130_A.wav_1089,NANANA,C_19_130_A.wav,1,1,1953.492838,1953.576043,1953.458008,1953.630223,0.281521333,0.172215,0.083205,1953.516058,1953.516058,1953.533473,3531.433333,3732.433333,3617.566667,1624.666667,200.9666667,488.1,3732.4,-0.127963103,0.068538102,3330.466667,-19.76666667,4076.933333,9.866666667,1.333333333,144.6666667,1.337,2.611333333,1.225,2.002333333,0.281521017,3.624251181,-0.973235872,3.609351773,-0.055399186,-0.452470728,-1.035185959,-0.269158764,-0.355814531,0.173750735,0.102756004,0.870209251,0.561424065,0.784786481,-0.326122707,-1.453907495,0.164379407,0.048816409,0.874270317,-0.303462896,0.98,5,4.263,3.577,-2.327344126,3.675,146.464,2.563,146.464,147.6493115,5.5042,0.332378761,-0.085131459,2.9412,-0.043084908,-0.095316129,-0.606722174,-0.391825481,Hypoxantha_Mar_Chiquita,NA,-0.691425978,-1137.705346,649.8234623,61.85903278,-2093.456365,-256.6524142,-411.1908253,677.4150032,-496.9416221,81.52359302,335.3466763,-257.3000983,500.7748523,334.7675625,-38.99267617,275.9163296,59.10906278,91.91615475,193.8537972,68.12294708,43.67001313,29.77017218,-2.26E-12
C_19_130_B.wav_Hypoxantha_simple_241,H:\Sporophila_vocalizations\M-F consolidated\converted_sound_files\C_19_130_B.wav,Hypoxantha_final_kjochecked_CecilasImageCorrections.txt,Hypoxantha,Mar_Chiquita,No year,simple,241,C_19_130,C_19_130_B.wav,D:/Sporophila_vocalizations/Mar_Chiquita/No year/Hypoxantha,C_19_130_B.wav_1720,NANANANA,C_19_130_B.wav,1,1,2042.24144,2042.3111,2042.196451,2042.372052,0.2929905,0.17560125,0.06966,2042.26466,2042.26466,2042.274819,3919.05,4134.375,4005.175,2085.375,215.325,710.6,4005.175,0.671012715,-0.437670571,3617.575,-48.2,4651.175,29.675,2,133.95,2.0835,2.9695,1.3915,3.824,0.292990654,4.020388459,1.123163524,4.0202942,1.165333479,1.003697988,0.194907254,-0.18400245,-0.331598939,0.18028049,0.108845805,-0.007427004,-0.28320709,0.893671581,-0.079643334,1.095774546,0.499207992,1.190133644,0.036348768,0.633491196,1.8375,20.52529762,4.116,3.528,-2.242616252,4.116,47.264,2.0488,47.264,49.5183271,5.8537,1.819336374,0.11604835,3.8049,2.660828029,-1.273241333,1.22622967,-0.391642106,Hypoxantha_Mar_Chiquita,NA,-0.574233355,1984.500137,-2095.785458,1500.304455,955.1587963,-295.148491,-2454.069558,1389.820339,-767.1305267,700.3141644,109.4984846,61.24109825,-424.8960576,-185.4506358,-87.24357324,645.1943732,-447.4224189,67.14488598,-103.6535184,-150.3269967,-195.5702327,153.3935221,-4.90E-12
C_19_130_B.wav_Hypoxantha_simple_85,H:\Sporophila_vocalizations\M-F consolidated\converted_sound_files\C_19_130_B.wav,Hypoxantha_final_kjochecked_CecilasImageCorrections.txt,Hypoxantha,Mar_Chiquita,No year,simple,85,C_19_130,C_19_130_B.wav,D:/Sporophila_vocalizations/Mar_Chiquita/No year/Hypoxantha,C_19_130_B.wav_1119,NANANA,C_19_130_B.wav,1,1,2072.042317,2072.113912,2072.003617,2072.162287,0.275328667,0.15867,0.071595,2072.067472,2072.067472,2072.077147,3531.433333,3732.433333,3588.833333,1724.133333,200.9666667,459.3666667,3617.533333,-0.464415083,-0.342518565,3244.333333,-34.6,4220.5,4.933333333,2.666666667,138,1.488333333,2.542333333,1.256666667,3.005,0.275328339,3.625486696,-0.299770514,3.590162078,-0.11050996,-0.490425501,-1.020293842,-0.578147401,-0.545308581,0.161370203,0.093818247,1.707762661,1.373666084,0.798912967,-0.293161772,-1.122961912,0.264915767,0.005273207,0.874270317,0.008855135,1.176,7.166666667,3.773,3.577,-0.653466593,3.675,77.62,2.266,77.62,78.84301869,5.665,0.332378761,-0.193752312,3.399,0.052289653,-0.19720299,-0.335817461,-0.549710889,Hypoxantha_Mar_Chiquita,NA,-0.673179817,-1001.440759,473.1943949,-461.2290666,-2113.038167,-1265.762929,-1071.260775,672.4236903,-264.9828209,19.96273676,890.2587629,23.60575117,316.3236293,151.8751428,384.6197333,193.0157106,-136.7167745,132.5478347,16.64917676,-60.72706096,-16.04177459,-43.92815617,-1.07E-11
C_19_130_B.wav_Hypoxantha_simple_89,H:\Sporophila_vocalizations\M-F consolidated\converted_sound_files\C_19_130_B.wav,Hypoxantha_final_kjochecked_CecilasImageCorrections.txt,Hypoxantha,Mar_Chiquita,No year,simple,89,C_19_130,C_19_130_B.wav,D:/Sporophila_vocalizations/Mar_Chiquita/No year/Hypoxantha,C_19_130_B.wav_1145,NANA,C_19_130_B.wav,1,1,2114.525159,2114.583209,2114.484524,2114.644161,0.2481305,0.1596375,0.05805,2114.539671,2114.539671,2114.551281,3402.25,3617.6,3488.35,1970.45,215.35,602.95,3574.5,-0.590462531,-0.312069923,3186.9,-22.25,4048.25,0,0,137.35,1.5655,3.0095,1.278,3.286,0.248130842,3.486839481,-0.027901502,3.484214634,-0.579041872,-0.718028111,-0.652702642,-0.683792762,-0.548160863,0.158436882,0.090936747,0.126324268,-0.322042002,0.83753569,-0.465527548,-0.229256217,0.302590635,-0.332092293,-1.106271527,-0.303462896,1.617,4.857142857,4.263,3.381,-3.454211759,3.528,120.327,2.0197,120.327,121.0139813,5.3695,-1.154578853,-0.67080205,3.3498,-1.303535691,1.383361952,-0.410874531,-0.549710889,Hypoxantha_Mar_Chiquita,NA,-0.76123625,-710.4953716,2561.604356,-1384.612185,126.7020618,4.652108986,301.3016438,83.916525,57.45625113,-816.1692623,-377.6908655,736.3498859,-271.2452467,40.00799158,7.664959185,320.8532358,-315.6389319,98.35713785,50.08286711,-83.73467644,60.9535213,-24.79533899,2.31E-14
C_19_130_C.wav_Hypoxantha_simple_224,H:\Sporophila_vocalizations\M-F consolidated\converted_sound_files\C_19_130_C.wav,Hypoxantha_final_kjochecked_CecilasImageCorrections.txt,Hypoxantha,Mar_Chiquita,No year,simple,224,C_19_130,C_19_130_C.wav,D:/Sporophila_vocalizations/Mar_Chiquita/No year/Hypoxantha,C_19_130_C.wav_1518,NANANANA,C_19_130_C.wav,1,1,2144.166882,2144.235091,2144.124796,2144.275726,0.24742975,0.15093,0.06820875,2144.207517,2144.207517,2144.203163,3596.025,3811.375,3682.175,1954.325,215.35,473.75,3682.175,-0.275075413,-0.917236683,3445.3,-40.775,4629.625,14.825,1.5,146.45,1.523,2.6045,1.247,2.79375,0.247429907,3.794155166,-0.433356343,3.761143179,0.425881732,0.120304922,-0.553578836,-0.171032873,-0.132874734,0.16531893,0.090273775,0.164804279,-0.240304351,0.805157789,-0.612499343,-0.990012472,0.220423197,0.507647711,0.721920945,0.399252673,1.47,10.9375,3.8955,3.4545,-1.516005804,3.7485,0.815,2.6396,0.815,2.687887851,6.5482,1.819336374,-0.68309659,3.9086,1.696035232,-1.027513163,0.587065711,-0.549710889,Hypoxantha_Mar_Chiquita,NA,-0.418796721,-60.19060287,-575.2276898,1840.926777,-663.8613227,-125.4204775,-1572.803329,1587.901293,-1257.258162,-442.6640587,892.958557,-674.0991663,-159.1107823,-24.33958115,213.0448514,346.7082815,-342.9466984,105.4421008,-85.31450804,163.2505828,26.96406158,71.92838679,1.86E-11
C_19_130_C.wav_Hypoxantha_simple_91,H:\Sporophila_vocalizations\M-F consolidated\converted_sound_files\C_19_130_C.wav,Hypoxantha_final_kjochecked_CecilasImageCorrections.txt,Hypoxantha,Mar_Chiquita,No year,simple,91,C_19_130,C_19_130_C.wav,D:/Sporophila_vocalizations/Mar_Chiquita/No year/Hypoxantha,C_19_130_C.wav_1160,NANANA,C_19_130_C.wav,1,1,2148.877147,2148.956482,2148.842317,2149.014531,0.274766667,0.172215,0.079335,2148.886822,2148.886822,2148.908107,3560.133333,3732.433333,3646.3,1707.733333,172.2666667,459.3666667,3703.733333,-0.211929645,0.449146127,3359.166667,-34.63333333,4335.366667,98.9,1.666666667,146.8,1.537,2.535,1.243333333,3.256333333,0.274766355,3.682417604,-0.437284003,3.653926759,0.03522292,-0.278446691,-0.776773293,0.080245942,0.440534188,0.184705853,0.099242864,0.653666344,0.150077696,0.799262299,-0.457811978,-1.121046878,0.255149,0.163417954,0.569571572,0.16501415,1.372,12.36111111,3.871,3.479,-1.438364272,3.675,5.808,2.4138,5.808,7.057962617,5.6158,0.332378761,-0.203609627,3.202,0.120440231,-0.415331831,-0.198019797,-0.707596297,Hypoxantha_Mar_Chiquita,NA,-0.560049343,-849.8887024,-59.15806072,-78.62460174,-1458.464729,383.3883301,-504.1894018,783.4653858,-476.4348655,-59.99985622,116.9384261,-433.4821693,-136.3531694,298.3363746,566.2244284,162.699939,21.4128333,19.30154538,80.81186401,-144.8537252,134.8794547,0.365632172,3.40E-12
C_19_130_C.wav_Hypoxantha_simple_93,H:\Sporophila_vocalizations\M-F consolidated\converted_sound_files\C_19_130_C.wav,Hypoxantha_final_kjochecked_CecilasImageCorrections.txt,Hypoxantha,Mar_Chiquita,No year,simple,93,C_19_130,C_19_130_C.wav,D:/Sporophila_vocalizations/Mar_Chiquita/No year/Hypoxantha,C_19_130_C.wav_1168,NANANA,C_19_130_C.wav,1,1,2158.985567,2159.061032,2158.950737,2159.113277,0.270093667,0.16254,0.075465,2158.995242,2158.995242,2159.016527,3531.433333,3761.133333,3675,1264.4,229.6666667,430.6666667,3732.433333,-0.127865467,-0.022807824,3330.466667,-24.7,4134.366667,14.8,3.333333333,146.6666667,1.476666667,2.591,1.228333333,2.773333333,0.270093458,3.646262819,-1.148427069,3.633082835,0.017043498,-0.357033448,-0.93931757,-0.703111514,-0.569539895,0.16177994,0.094668225,-0.455341804,-0.473020936,0.827436765,-0.461764424,-0.464859886,0.251571337,0.111456508,1.178969063,-0.147303881,0.98,15.22222222,3.675,3.871,0.732355556,3.773,15.958,2.7586,15.958,17.18639252,5.5665,0.332378761,-0.285573213,2.8079,0.065881949,-0.279958323,-0.234365234,-0.549710889,Hypoxantha_Mar_Chiquita,NA,-0.714150138,-515.1266688,1319.707876,1045.662503,-998.8999529,703.5969569,-793.739672,471.539734,-530.8747538,417.4402118,208.4607824,-269.2332282,588.0241559,374.5058404,47.38873407,85.30961866,44.81963576,-261.8515145,-65.82685936,52.71855402,6.866176972,-2.807652444,3.43E-12
C_19_133_B.wav_Hypoxantha_simple_125,H:\Sporophila_vocalizations\M-F consolidated\converted_sound_files\C_19_133_B.wav,Hypoxantha_final_kjochecked_CecilasImageCorrections.txt,Hypoxantha,Mar_Chiquita,No year,simple,125,C_19_133,C_19_133_B.wav,D:/Sporophila_vocalizations/Mar_Chiquita/No year/Hypoxantha,C_19_133_B.wav_1203,NANANA,C_19_133_B.wav,1,1,2364.244161,2364.325431,2364.180306,2364.398961,0.304672667,0.218655,0.08127,2364.277056,2364.277056,2364.286731,3531.433333,3732.4,3617.566667,1477.833333,201,459.4,3674.966667,-0.296189093,0.49481909,3273.033333,-14.8,3847.233333,14.83333333,5.333333333,131.2333333,1.88,2.775,1.381666667,3.22,0.304672898,3.606768759,-0.200782874,3.61591056,-0.124341331,-0.360418086,-0.662886575,0.584536912,0.447871642,0.200693749,0.115097452,0.823046224,0.667318101,0.868896826,-0.165419923,0.514476216,0.432909277,-0.046734846,0.264872827,-0.459621911,1.078,36.22222222,3.969,3.185,-2.630599865,3.773,26.734,2.266,26.734,28.83762617,4.532,0.332378761,0.320957312,2.266,2.279652849,-1.713610963,3.478897288,-1.655275495,Hypoxantha_Mar_Chiquita,NA,-1.303826893,-1424.925928,-2054.661986,-236.9291966,439.3958499,967.4269705,-4158.868151,-224.2003736,-1091.921795,392.5474737,811.895132,-153.8786662,-756.495215,-577.5958273,-67.8728489,516.4431238,122.3085571,14.17588966,119.3365685,-66.9194789,125.2003625,219.2359552,4.62E-12
C_19_135_A.wav_Hypoxantha_simple_137,H:\Sporophila_vocalizations\M-F consolidated\converted_sound_files\C_19_135_A.wav,Hypoxantha_final_kjochecked_CecilasImageCorrections.txt,Hypoxantha,Mar_Chiquita,No year,simple,137,C_19_135,C_19_135_A.wav,D:/Sporophila_vocalizations/Mar_Chiquita/No year/Hypoxantha,C_19_135_A.wav_1234,NANA,C_19_135_A.wav,1,1,2604.152733,2604.2311,2604.117903,2604.309467,0.396729,0.191565,0.0783675,2604.167245,2604.167245,2604.18466,4005.15,4220.5,4134.35,1970.4,215.35,516.8,4177.4,1.175471005,-0.129378071,3316.1,-118.7,4522,111.3,2,122.15,1.915,2.669,1.302,3.53,0.396728972,4.009139458,0.446941372,4.031321844,1.323786429,0.815853384,-0.600632675,-0.460808731,-0.787661117,0.186877106,0.12372827,1.009635233,0.47687765,0.870425808,0.797257524,0.590970932,0.411263219,1.157013959,0.721920945,0.867729719,1.764,37.125,4.851,3.822,-2.601068645,4.263,36.299,2.9557,36.299,37.38673832,5.468,-1.154578853,1.935639898,2.5123,-0.289881554,-0.549769744,0.586016134,-2.129115094,Hypoxantha_Mar_Chiquita,NA,-1.690195872,2230.530136,-290.7944034,-2165.421746,-1500.100644,651.5308678,-2439.567076,-253.3219062,-964.5648707,1265.747199,-434.0817725,684.8532992,1140.320752,-80.49883739,67.56611926,-227.8291041,-296.0289996,35.08839681,-349.3482745,28.33788754,140.7695538,-171.6476082,1.78E-12
C_19_135_A.wav_Hypoxantha_simple_138,H:\Sporophila_vocalizations\M-F consolidated\converted_sound_files\C_19_135_A.wav,Hypoxantha_final_kjochecked_CecilasImageCorrections.txt,Hypoxantha,Mar_Chiquita,No year,simple,138,C_19_135,C_19_135_A.wav,D:/Sporophila_vocalizations/Mar_Chiquita/No year/Hypoxantha,C_19_135_A.wav_1236,NANANA,C_19_135_A.wav,1,1,2635.966005,2636.06082,2635.925371,2636.147895,0.322899667,0.222524667,0.094815,2636.012445,2636.012445,2636.00664,4019.533333,4335.333333,4220.5,1897.833333,315.8333333,775.2,4134.366667,1.049423557,-0.464313133,3531.433333,-19.76666667,4679.9,4.933333333,0.666666667,120.1,1.982666667,3.278333333,1.088,3.718333333,0.32289986,4.091882452,1.126073315,4.110462087,1.296986673,1.277746497,0.624136218,-0.03566164,-0.41168021,0.207578192,0.137598443,-0.295027555,-0.281135204,0.919889268,0.206540938,1.720240969,0.571375231,1.42759326,1.178969063,0.789650212,1.568,23.29166667,4.165,3.577,-1.785126494,4.165,67.686,2.878,67.686,69.59588785,5.7143,0.332378761,0.640661995,2.8363,1.789621124,-1.629915678,2.283237778,-1.181435896,Hypoxantha_Mar_Chiquita,NA,-0.531647277,2873.035942,-1937.903695,767.7118865,793.9245554,813.1357912,-3327.753043,-274.5589479,-435.2333854,992.6756287,320.6145404,-264.2341306,38.47962745,-543.4412796,168.0334051,-124.6445999,-430.4019987,45.16726159,-79.1985847,-119.0104178,-75.99451284,99.48305668,-3.02E-12
C_19_135_A.wav_Hypoxantha_simple_141,H:\Sporophila_vocalizations\M-F consolidated\converted_sound_files\C_19_135_A.wav,Hypoxantha_final_kjochecked_CecilasImageCorrections.txt,Hypoxantha,Mar_Chiquita,No year,simple,141,C_19_135,C_19_135_A.wav,D:/Sporophila_vocalizations/Mar_Chiquita/No year/Hypoxantha,C_19_135_A.wav_1241,NANA,C_19_135_A.wav,1,1,2657.683435,2657.779218,2657.663118,2657.869195,0.386916,0.2060775,0.0957825,2657.68924,2657.68924,2657.726973,4005.15,4306.6,4134.35,2118.25,301.45,646,4306.6,1.553906256,0.555716374,3316.1,-29.65,4780.4,148.4,0.5,124.5,1.736,2.9195,1.3,3.2705,0.386915888,4.042255239,0.749402533,4.020235502,1.373182543,0.799157594,-0.742525841,-0.283530412,-0.93766904,0.196032913,0.135609458,1.904674523,1.467588503,0.848969582,0.690146782,0.085143619,0.384853209,1.190897167,0.721920945,0.867729719,1.764,27.38888889,4.41,3.381,-2.659492753,4.263,89.895,2.9557,89.895,90.85891589,5.8128,-1.154578853,1.763516375,2.8571,-0.603071631,-0.041812284,-0.41699208,-1.655275495,Hypoxantha_Mar_Chiquita,NA,-1.428817448,2039.404283,-452.3937252,-2678.601846,-2657.523802,-350.3963919,-1677.940704,37.56019961,-187.6465431,1451.805504,-794.3349244,849.7013056,969.0155249,-23.97121711,182.8712685,-74.08176037,-34.98937117,123.4405796,90.99392463,40.17590217,4.650353254,-0.821303079,-4.84E-12
C_19_135_A.wav_Hypoxantha_simple_142,H:\Sporophila_vocalizations\M-F consolidated\converted_sound_files\C_19_135_A.wav,Hypoxantha_final_kjochecked_CecilasImageCorrections.txt,Hypoxantha,Mar_Chiquita,No year,simple,142,C_19_135,C_19_135_A.wav,D:/Sporophila_vocalizations/Mar_Chiquita/No year/Hypoxantha,C_19_135_A.wav_1243,NANA,C_19_135_A.wav,1,1,2660.829739,2660.905204,2660.806519,2660.989377,0.3462615,0.1828575,0.075465,2660.823934,2660.823934,2660.861667,4048.25,4263.55,4134.35,1773.45,215.3,516.8,4306.6,1.553906256,0.6470623,3402.25,-51.95,4737.3,148.4,2,126.1,1.6575,2.8405,1.2565,2.896,0.346261682,4.021281662,0.345203848,4.021668507,1.305418421,0.829789116,-0.528283191,-1.022059501,-1.255561686,0.173390109,0.118742206,0.862006576,0.269167981,0.878419233,0.233001532,0.753716154,0.471599247,1.063109905,1.63601718,0.399252673,1.176,15.71428571,4.704,4.41,-0.850756142,4.263,92.996,3.1034,92.996,93.99684112,5.7143,-1.154578853,1.0504332,2.6109,-0.509674846,-0.492533304,0.721142003,-1.971229685,Hypoxantha_Mar_Chiquita,NA,-1.641896545,2159.693271,536.7535394,-1308.32632,-1812.454246,726.3854723,-2908.986034,-587.1566415,-58.47285631,1654.071258,-826.5197436,204.107935,872.4267064,94.55730379,179.694793,-99.14369664,100.2237705,242.4808017,-96.40409819,-155.9094053,127.5703378,-104.8860196,1.56E-11
C_19_135_A.wav_Hypoxantha_simple_143,H:\Sporophila_vocalizations\M-F consolidated\converted_sound_files\C_19_135_A.wav,Hypoxantha_final_kjochecked_CecilasImageCorrections.txt,Hypoxantha,Mar_Chiquita,No year,simple,143,C_19_135,C_19_135_A.wav,D:/Sporophila_vocalizations/Mar_Chiquita/No year/Hypoxantha,C_19_135_A.wav_1245,NANA,C_19_135_A.wav,1,1,2663.395544,2663.485522,2663.363617,2663.578402,0.386916,0.214785,0.0899775,2663.398447,2663.398447,2663.433277,4005.15,4220.5,4048.25,2069,215.3,516.8,4177.4,1.175471005,0.053313781,3359.2,-29.65,4651.2,51.95,0.5,126.5,1.6235,2.8305,1.2605,2.9315,0.386915887,3.986127947,0.714013162,3.96937804,1.183763515,0.702065918,-0.606781375,-0.088207264,-0.616631262,0.200840206,0.134584058,1.256015168,0.654268173,0.861245156,0.698710092,0.372132462,0.396000871,0.970357379,0.721920945,0.633491196,1.617,14.46428571,4.851,3.822,-2.823153849,4.116,95.567,2.9557,95.567,96.61034579,5.7143,-1.154578853,1.763516366,2.7586,-0.402165718,-0.333746678,0.347611636,-1.971046311,Hypoxantha_Mar_Chiquita,NA,-1.662881642,1918.190869,-368.8259909,-2415.531134,-1641.379402,512.8399006,-2055.92517,-179.6152797,-719.8144008,1261.37146,-370.2204435,598.1864055,919.4196636,-71.43687743,170.4696758,-90.61349683,-189.3210705,342.6910847,-65.2559201,23.76622884,7.048536611,-109.2365058,-5.95E-12
C_19_135_A.wav_Hypoxantha_simple_236,H:\Sporophila_vocalizations\M-F consolidated\converted_sound_files\C_19_135_A.wav,Hypoxantha_final_kjochecked_CecilasImageCorrections.txt,Hypoxantha,Mar_Chiquita,No year,simple,236,C_19_135,C_19_135_A.wav,D:/Sporophila_vocalizations/Mar_Chiquita/No year/Hypoxantha,C_19_135_A.wav_1546,NANA,C_19_135_A.wav,1,1,2578.764615,2578.886519,2578.726883,2578.973594,0.3827105,0.246712,0.121905,2578.75881,2578.75881,2578.819762,3962.1,4263.55,4091.3,1522.8,301.45,689.05,4306.6,1.553906256,-0.083705108,3316.1,-29.65,4478.9,14.85,0.5,121.5,1.552,3.0165,1.279,2.3675,0.38271028,3.997318018,-0.117134708,4.008235736,1.21381507,0.827888655,-0.348442052,0.428523776,-0.218554169,0.220493263,0.147004754,-0.302556543,-0.430703374,0.882159649,0.670261935,0.858962596,0.429873946,1.150216111,1.178969063,0.16501415,1.176,16.23333333,4.557,3.528,-2.830367481,4.263,10.963,3.1472,10.963,11.95256075,5.0761,-1.154578853,1.68974914,1.9289,-0.538206846,0.003841564,-0.089163401,-1.655275495,Hypoxantha_Mar_Chiquita,NA,-1.697135327,2333.494163,166.9243846,-1458.984667,-1078.056063,2036.294061,-1023.635982,-321.9140806,-796.6414196,1736.495173,-236.3313221,298.4569565,990.7573709,46.00170429,-538.976862,-182.7061473,-13.74079975,211.7588502,169.1257005,131.5930437,44.44711794,-1.851925025,2.69E-11
C_19_135_A.wav_Hypoxantha_simple_247,H:\Sporophila_vocalizations\M-F consolidated\converted_sound_files\C_19_135_A.wav,Hypoxantha_final_kjochecked_CecilasImageCorrections.txt,Hypoxantha,Mar_Chiquita,No year,simple,247,C_19_135,C_19_135_A.wav,D:/Sporophila_vocalizations/Mar_Chiquita/No year/Hypoxantha,C_19_135_A.wav_1744,NANANANA,C_19_135_A.wav,1,1,2613.204161,2613.301395,2613.172234,2613.397177,0.36588825,0.22494325,0.09723375,2613.22593,2613.22593,2613.250601,3940.55,4198.95,4048.225,2073.2,258.4,796.725,4112.825,0.986326606,0.19033267,3359.15,-33.375,4608.125,100.175,3,123.875,1.804,3.07325,1.311,3.49975,0.365887851,3.954083334,0.934143646,3.971384499,0.878181557,0.8326636,0.340246027,0.332462978,-0.227910173,0.211005421,0.137686893,-0.313766617,-0.253151957,0.894777775,0.646601533,1.153195484,0.459704822,0.934626645,0.493396886,0.516371935,1.617,19.23809524,3.6015,3.8955,0.344974138,4.1895,44.582,2.3902,44.582,47.13820561,5.9024,1.819336374,1.394680247,3.5122,3.42438397,-1.506264794,1.259246449,-0.707596297,Hypoxantha_Mar_Chiquita,NA,-0.140833374,1599.354772,-3156.80758,1451.789955,1139.87396,67.50862651,-2328.00563,1053.607342,-1217.149842,1690.959784,-165.227912,-197.6584056,497.136356,-827.6584966,-116.5754621,442.6332842,-124.1574497,-115.6311555,42.69347598,-180.4002228,-235.8488561,378.0094203,5.78E-13
C_19_135_A.wav_Hypoxantha_simple_248,H:\Sporophila_vocalizations\M-F consolidated\converted_sound_files\C_19_135_A.wav,Hypoxantha_final_kjochecked_CecilasImageCorrections.txt,Hypoxantha,Mar_Chiquita,No year,simple,248,C_19_135,C_19_135_A.wav,D:/Sporophila_vocalizations/Mar_Chiquita/No year/Hypoxantha,C_19_135_A.wav_2838,NANA,C_19_135_A.wav,1,1,2623.645885,2623.738765,2623.611055,2623.846157,0.4023365,0.2351025,0.09288,2623.642982,2623.642982,2623.689422,4005.15,4220.5,4048.25,2651.9,215.3,646,4306.6,1.553906256,-0.220723997,3273,-22.25,4608.1,7.4,1.5,126.85,1.6875,2.8795,1.2615,3.4585,0.402336448,3.992756985,1.391019124,3.99038717,1.067754719,0.724938187,-0.314952045,0.009135244,-0.35228701,0.209572209,0.13851339,2.020476058,1.612295656,0.852595774,0.869767876,0.177292944,0.381097981,0.818283863,-0.192175291,1.101968242,2.205,7.388888889,4.998,3.381,-4.027984659,4.116,55.83,2.7072,55.83,56.83973832,6.0221,-1.154578853,2.033996187,3.3149,-0.487170739,-0.19720299,-0.272779844,-1.655275495,Hypoxantha_Mar_Chiquita,NA,-1.616052892,2189.303893,-1030.004212,-3481.631924,-1717.089556,-619.7106861,-1490.201542,319.9458776,-552.8547113,838.5368595,-339.8811153,1032.600871,874.6998035,5.559195707,131.9162219,-274.3902649,121.6171801,354.9671069,51.94739353,-152.4909689,0.80086417,-62.63090681,6.10E-12
C_19_135_A.wav_Hypoxantha_simple_249,H:\Sporophila_vocalizations\M-F consolidated\converted_sound_files\C_19_135_A.wav,Hypoxantha_final_kjochecked_CecilasImageCorrections.txt,Hypoxantha,Mar_Chiquita,No year,simple,249,C_19_135,C_19_135_A.wav,D:/Sporophila_vocalizations/Mar_Chiquita/No year/Hypoxantha,C_19_135_A.wav_2840,NANANA,C_19_135_A.wav,1,1,2626.976013,2627.063087,2626.946988,2627.146292,0.346729,0.199304667,0.087075,2627.010843,2627.010843,2627.020518,3962.1,4306.6,4076.933333,2719.033333,344.5333333,803.9,4163.066667,1.133487734,0.510043411,2813.666667,-93.96666667,4766,173.1,3.333333333,122.8,2.074666667,3.367333333,1.342,4.214,0.346728972,3.927267005,2.309391612,4.000431066,0.773245801,0.99566791,0.964941732,0.104414466,-0.556396682,0.206500797,0.139150292,-0.411601776,-0.495039223,0.905538091,0.448821773,1.396541482,0.482544858,0.884395917,-1.258620899,0.945809227,2.45,19.03030303,2.989,2.989,0.406071102,4.165,58.539,2.1463,58.539,60.54736449,5.9116,0.332378761,1.058629561,3.7653,2.038702855,-1.515824894,2.413139212,-1.339321304,Hypoxantha_Mar_Chiquita,NA,-0.519768008,2328.764215,-2574.165796,-453.140617,2396.762834,240.5243639,-3067.55946,242.6198536,-750.8048454,311.1303045,-1468.188645,46.10342084,-162.0847274,-589.0624001,334.7042493,159.8680449,-256.8531328,14.87746738,262.2954426,-131.4884493,-321.412424,89.37285159,-1.21E-12
C_19_135_A.wav_Hypoxantha_simple_250,H:\Sporophila_vocalizations\M-F consolidated\converted_sound_files\C_19_135_A.wav,Hypoxantha_final_kjochecked_CecilasImageCorrections.txt,Hypoxantha,Mar_Chiquita,No year,simple,250,C_19_135,C_19_135_A.wav,D:/Sporophila_vocalizations/Mar_Chiquita/No year/Hypoxantha,C_19_135_A.wav_1750,NANA,C_19_135_A.wav,1,1,2631.233005,2631.349105,2631.206882,2631.471009,0.434579,0.264127,0.1161,2631.235907,2631.235907,2631.288152,3832.9,4177.45,4005.2,3585.4,344.55,990.55,4263.55,1.42780999,-0.471925293,2411.7,-289.35,5167.95,259.7,4,123.55,2.3765,3.6585,1.3715,4.663,0.43457944,3.753815801,3.356547401,3.851293961,0.18486088,0.519540142,0.944209787,1.519013484,0.859407534,0.269651,0.176577818,0.596747148,0.089550105,0.895057954,1.241734141,1.186198785,0.452464417,0.389778786,-2.47741588,1.336206766,3.087,31.85454545,3.087,3.381,0.434257942,4.116,63.372,1.6585,63.372,64.51885047,6,-1.154578853,2.599544927,4.3415,-0.140366327,-0.445855766,0.426330102,-0.549710889,Hypoxantha_Mar_Chiquita,NA,-0.89823027,2592.131058,-2796.602831,-3853.679474,2185.379362,121.3152009,21.97703332,92.90179691,-604.0655995,-203.4055132,-710.1459039,1390.109134,526.7327423,11.79463025,518.206791,-147.7168979,32.88569989,711.15028,646.2732521,-338.3039937,-219.248836,-262.2069915,-1.68E-12
C_19_135_B.wav_Hypoxantha_simple_147,H:\Sporophila_vocalizations\M-F consolidated\converted_sound_files\C_19_135_B.wav,Hypoxantha_final_kjochecked_CecilasImageCorrections.txt,Hypoxantha,Mar_Chiquita,No year,simple,147,C_19_135,C_19_135_B.wav,D:/Sporophila_vocalizations/Mar_Chiquita/No year/Hypoxantha,C_19_135_B.wav_1252,NANA,C_19_135_B.wav,1,1,2736.915726,2737.026021,2736.883799,2737.124705,0.396729,0.2409075,0.110295,2736.895409,2736.895409,2736.962166,4005.15,4220.5,4048.25,2709.4,215.3,559.85,4306.6,1.553906256,0.19033267,3359.2,-74.2,4651.2,59.35,1.5,122.6,1.8295,2.962,1.278,3.6915,0.396728972,4.179503641,2.309895281,4.007387715,1.303430929,1.826089045,2.001010771,0.46375676,-0.268242844,0.222730974,0.15014522,2.519698149,2.203447696,0.874642208,0.822299792,0.690675979,0.435826758,1.107951776,0.721920945,1.101968242,1.911,18.57142857,4.116,3.381,-1.872874201,4.263,27.337,3.0049,27.337,28.34571963,5.9606,-1.154578853,1.935639898,2.9557,-0.489747364,-0.262134508,-0.174629168,-1.971046311,Hypoxantha_Mar_Chiquita,NA,-1.948250604,3606.835372,-1824.294259,-4308.14207,-1452.781709,-1110.803335,-1798.713471,-10.73706618,528.7834602,1551.700081,48.31797704,-944.1587038,386.0378101,-93.50735414,100.3541075,-140.8607621,97.25871044,498.0725972,31.41204364,-126.3994926,98.27856193,-24.16061986,-7.46E-12
C_19_135_B.wav_Hypoxantha_simple_149,H:\Sporophila_vocalizations\M-F consolidated\converted_sound_files\C_19_135_B.wav,Hypoxantha_final_kjochecked_CecilasImageCorrections.txt,Hypoxantha,Mar_Chiquita,No year,simple,149,C_19_135,C_19_135_B.wav,D:/Sporophila_vocalizations/Mar_Chiquita/No year/Hypoxantha,C_19_135_B.wav_1263,NANA,C_19_135_B.wav,1,1,2750.679354,2750.751916,2750.641622,2750.879626,0.3911215,0.238005,0.0725625,2750.714184,2750.714184,2750.711282,4048.25,4263.55,4091.3,2758.6,215.3,689.1,4177.45,1.175617458,-0.334906404,3402.25,-29.7,4737.3,14.85,2,118,1.9985,3.034,1.349,3.6645,0.391121495,4.01931525,1.901001387,4.026585634,1.248273944,0.858579148,-0.340115661,0.848224926,0.779952797,0.240085443,0.148455814,2.493589325,2.068716008,0.86851176,0.758962923,0.544366155,0.446445729,1.154610093,-0.192175291,1.336206766,2.352,15.68333333,3.822,3.381,-1.055076171,4.116,41.088,2.7586,41.088,42.07454206,5.7635,-1.154578853,1.837283591,3.0049,-0.545842167,-0.058607783,-0.280156887,-1.655275495,Hypoxantha_Mar_Chiquita,NA,-1.803562235,2370.730735,-1799.671547,-4162.034923,-1861.564199,-340.4745631,-1164.479474,513.1538562,-322.3181799,883.7470645,491.9700975,1174.702089,-103.3525719,9.351657594,500.464088,-133.2459008,-110.3454831,390.8843787,78.30554105,-300.1782515,-36.60167485,-151.1008832,-6.04E-12
C_19_135_B.wav_Hypoxantha_simple_151,H:\Sporophila_vocalizations\M-F consolidated\converted_sound_files\C_19_135_B.wav,Hypoxantha_final_kjochecked_CecilasImageCorrections.txt,Hypoxantha,Mar_Chiquita,No year,simple,151,C_19_135,C_19_135_B.wav,D:/Sporophila_vocalizations/Mar_Chiquita/No year/Hypoxantha,C_19_135_B.wav_1266,NANA,C_19_135_B.wav,1,1,2757.482801,2757.57568,2757.459581,2757.677268,0.377103,0.2176875,0.09288,2757.482801,2757.482801,2757.514728,4048.25,4263.55,4134.35,2266.05,215.3,516.8,4306.6,1.553906256,-0.152214552,3445.3,-22.25,4608.1,0,0,121.55,1.62,2.9085,1.2675,2.732,0.377102804,3.998155008,0.978921981,4.031290375,1.288810837,0.831399027,-0.490724286,-0.386184837,-1.116026646,0.197648823,0.140465813,1.797874736,1.391128036,0.857039526,0.586310792,0.269222597,0.386885711,1.180230047,0.721920945,0.867729719,1.764,15.16666667,4.851,3.234,-4.358044264,4.263,47.941,2.8079,47.941,48.89671963,5.8621,-1.154578853,1.59139286,3.0542,-0.623802831,0.021294482,-0.30696616,-1.971229685,Hypoxantha_Mar_Chiquita,NA,-1.664058111,2442.294517,-41.4879738,-2797.420254,-2272.457897,-435.4233917,-1962.664774,192.411314,-324.6342984,1283.59345,-377.0738449,739.2607073,972.6104076,-137.9890654,99.69296138,-215.4064772,-145.5383884,317.2327528,133.2456407,33.70061725,-3.59128882,-18.85117184,9.89E-12
C_19_135_B.wav_Hypoxantha_simple_152,H:\Sporophila_vocalizations\M-F consolidated\converted_sound_files\C_19_135_B.wav,Hypoxantha_final_kjochecked_CecilasImageCorrections.txt,Hypoxantha,Mar_Chiquita,No year,simple,152,C_19_135,C_19_135_B.wav,D:/Sporophila_vocalizations/Mar_Chiquita/No year/Hypoxantha,C_19_135_B.wav_1268,NANANA,C_19_135_B.wav,1,1,2780.777253,2780.850782,2780.726943,2780.930117,0.321495333,0.203175,0.07353,2780.808212,2780.808212,2780.810147,3962.1,4134.366667,4019.5,1592.8,172.2666667,574.2333333,4019.5,0.712971577,-0.26639696,3531.466667,-14.8,4593.766667,9.866666667,0.666666667,116.2333333,1.737,2.796666667,1.304,3.271333333,0.321495327,4.065764859,-0.109381505,4.066589873,1.442652083,0.975865111,-0.434671154,0.244930757,0.176880767,0.202572173,0.121899304,0.244018345,0.259220099,0.880236627,0.177626868,0.792781152,0.435665316,1.335779107,1.788366553,0.477332181,1.176,35.73333333,3.969,3.577,-1.81575758,4.263,70.734,3.1034,70.734,72.63988785,5.1724,0.332378761,0.616026202,2.069,1.77950373,-1.625988988,2.284265841,-1.971229685,Hypoxantha_Mar_Chiquita,NA,-1.115345892,1604.89164,-1775.480089,467.3029801,-904.241283,1448.104232,-3668.737255,-47.36834732,-1195.622163,1190.594763,822.4607402,-378.9445686,-206.8177748,-567.2514059,20.6562515,-107.0128274,-302.7677293,-39.45791412,-254.8823182,-4.779437576,11.14656346,159.8112596,2.33E-12
C_19_135_B.wav_Hypoxantha_simple_251,H:\Sporophila_vocalizations\M-F consolidated\converted_sound_files\C_19_135_B.wav,Hypoxantha_final_kjochecked_CecilasImageCorrections.txt,Hypoxantha,Mar_Chiquita,No year,simple,251,C_19_135,C_19_135_B.wav,D:/Sporophila_vocalizations/Mar_Chiquita/No year/Hypoxantha,C_19_135_B.wav_1753,NANA,C_19_135_B.wav,1,1,2730.388016,2730.483798,2730.361893,2730.608606,0.354673,0.246712,0.0957825,2730.399626,2730.399626,2730.422846,4005.15,4220.5,4134.35,2195.1,215.3,602.95,4220.5,1.301713724,1.537685078,3014.65,-103.9,4866.5,296.75,3.5,122.35,2.0115,2.954,1.3645,4.06,0.354672897,3.998388131,1.08635902,4.02489562,1.284057057,0.849797978,-0.434506207,-0.063670499,-0.461473582,0.211524326,0.142449235,0.810250402,0.223977855,0.863293766,0.350317825,0.405322023,0.411409522,1.217920152,0.264872827,0.867729719,1.911,19.96666667,3.675,3.822,0.518329367,4.263,20.838,2.439,20.838,21.76528972,5.7073,-1.154578853,1.197967643,3.2683,-0.695711976,0.056761304,-0.148809511,-1.813160903,Hypoxantha_Mar_Chiquita,NA,-2.031450531,2094.591971,-107.8220823,-2544.702443,-1482.840774,932.6318018,-1555.92011,179.9875091,-152.9771888,1458.058087,-1590.737725,325.8565728,169.9199596,418.3335961,555.1648494,486.1549644,52.70200557,-78.26368705,209.9844371,-63.83930998,-125.294836,-66.21115064,-7.56E-12
C_19_135_B.wav_Hypoxantha_simple_251b,H:\Sporophila_vocalizations\M-F consolidated\converted_sound_files\C_19_135_B.wav,Hypoxantha_final_kjochecked_CecilasImageCorrections.txt,Hypoxantha,Mar_Chiquita,No year,simple,251b,C_19_135,C_19_135_B.wav,D:/Sporophila_vocalizations/Mar_Chiquita/No year/Hypoxantha,C_19_135_B.wav_1755,NANA,C_19_135_B.wav,1,1,2732.054048,2732.120805,2732.02212,2732.193368,0.3266355,0.1712475,0.0667575,2732.097585,2732.097585,2732.088878,3919.05,4134.35,4005.15,2073.2,215.3,602.9,3962.1,0.544843222,0.715571744,3402.25,-81.6,4651.15,200.3,5.5,120.35,2.031,2.9005,1.295,3.8155,0.326635514,3.896498508,0.961980432,3.959088354,0.657906085,0.847777659,0.822596357,-0.199627823,-0.229759576,0.19577315,0.122488223,-1.094738923,-0.885328274,0.910172934,0.402733054,1.503539179,0.497706633,0.98174428,-0.649223409,0.16501415,1.764,27.5,3.822,3.528,0.125688358,4.116,22.554,2.439,22.554,23.42859813,5.0732,-1.154578853,0.706186145,2.6342,-0.828987365,1.109165698,-0.116242552,-1.655275495,Hypoxantha_Mar_Chiquita,NA,-1.049311198,2256.535737,1004.360992,-1820.7106,1091.403985,1381.451303,-195.5886574,-223.0523022,-19.07076546,1172.502316,-1500.374529,-57.92143354,-344.3825345,-406.6898194,-235.662212,79.9416712,-481.4604791,-374.3762627,-60.68380308,-194.5173379,-128.300151,-260.377783,1.21E-11
C_19_136.wav_Ruficollis_simple_131,H:\Sporophila_vocalizations\M-F consolidated\converted_sound_files\C_19_136.wav,Ruficollis_final_kjochecked_CecilasImageCorrections.txt,Ruficollis,Mar_Chiquita,No year,simple,131,C_19_136,C_19_136.wav,D:/Sporophila_vocalizations/Mar_Chiquita/No year/Ruficollis,C_19_136.wav_1463,NANA,C_19_136.wav,1,1,3058.091236,3058.181213,3058.050601,3058.227653,0.256542,0.1770525,0.0899775,3058.152188,3058.152188,3058.149286,3574.5,3919.05,3703.7,1124.55,344.5,559.9,3660.65,-0.338123546,0.098986744,3445.3,-14.8,4134.4,0,0,137.05,1.397,2.436,1.264,2.6405,0.256542056,3.757484605,-0.896744639,3.727550978,0.328472416,0.039258683,-0.562641878,-0.002419157,-0.552984334,0.173432876,0.106020375,-0.129157559,-0.291138998,0.784584187,-0.514324952,-1.464620271,0.265707364,0.307325702,1.178969063,-0.537701419,0.735,17.25,3.381,3.675,1.048599999,3.675,19.711,2.7309,19.711,20.45437383,5.4217,-1.154578853,-0.523267607,2.6908,-1.160899348,0.757697031,-0.029967111,0.082197493,Ruficollis_Mar_Chiquita,NA,0.376648987,-430.3378992,1518.936761,332.5817201,-1852.603874,776.6326349,470.1772445,-994.5159739,432.3639358,-736.3493693,-169.6220981,-507.0883941,307.8632746,-274.7851513,-9.162185183,180.0830935,-487.0675784,292.3625075,135.4953329,361.8252496,-265.7648165,118.313462,3.49E-12
C_19_136.wav_Ruficollis_simple_132,H:\Sporophila_vocalizations\M-F consolidated\converted_sound_files\C_19_136.wav,Ruficollis_final_kjochecked_CecilasImageCorrections.txt,Ruficollis,Mar_Chiquita,No year,simple,132,C_19_136,C_19_136.wav,D:/Sporophila_vocalizations/Mar_Chiquita/No year/Ruficollis,C_19_136.wav_1465,NANANA,C_19_136.wav,1,1,3044.540457,3044.604312,3044.482407,3044.641077,0.255140333,0.15867,0.063855,3044.567547,3044.567547,3044.571417,3301.733333,3416.6,3330.466667,887.4333333,114.8333333,401.9666667,3330.466667,-1.305252127,0.449146127,3244.3,-14.8,3789.833333,14.8,2,99.53333333,1.325,1.884,1.228666667,2.055666667,0.255140187,3.429597248,-1.273868501,3.408591821,-0.744216114,-1.052127539,-1.166567384,0.416236405,1.040266053,0.181187801,0.084828737,0.888912719,0.468226333,0.73898573,-0.429816507,-2.523671274,0.23277147,-0.750194663,0.874270317,-1.084257973,0.49,5.066666667,3.381,3.381,0,3.479,5.834,2.6446,5.834,7.153233645,5.5823,0.332378761,-0.547856674,2.9377,0.295650802,-0.461587129,0.418773122,0.398151684,Ruficollis_Mar_Chiquita,NA,0.709323199,-3444.669313,-419.4215599,858.0002069,-1858.205663,70.73579508,311.4069519,-252.4298628,-430.8443013,-1030.311934,779.3659268,-809.5098092,-139.3138758,-57.48951595,355.6729715,266.7704792,-14.44039784,437.9402717,66.76045987,-283.8944334,-124.0830953,6.785501429,-3.41E-12
C_19_136.wav_Ruficollis_simple_133,H:\Sporophila_vocalizations\M-F consolidated\converted_sound_files\C_19_136.wav,Ruficollis_final_kjochecked_CecilasImageCorrections.txt,Ruficollis,Mar_Chiquita,No year,simple,133,C_19_136,C_19_136.wav,D:/Sporophila_vocalizations/Mar_Chiquita/No year/Ruficollis,C_19_136.wav_1467,NANA,C_19_136.wav,1,1,3050.811781,3050.887245,3050.768243,3050.92788,0.2719625,0.1596375,0.075465,3050.835,3050.835,3050.84661,3703.7,3919.05,3832.9,1164.65,215.3,516.8,3876,0.29265069,0.076150263,3488.35,-14.8,4306.65,7.4,0.5,121.25,1.3845,2.413,1.2345,2.206,0.271962617,3.809346452,-0.995476428,3.803284336,0.534886321,0.176438741,-0.631034731,0.284868887,0.735644475,0.183915538,0.093090913,1.268825307,1.574342269,0.767971364,-0.398654102,-1.846987904,0.249825036,0.476078294,1.63601718,-0.303462896,0.735,3.3,4.263,3.675,-1.906545454,3.822,12.41,2.8112,12.41,13.17241122,5.5823,-1.154578853,-0.252787778,2.7711,-1.112747172,0.837916752,-0.143591602,0.082197493,Ruficollis_Mar_Chiquita,NA,0.578899944,-498.2103766,180.3305699,-571.3946634,-3557.402613,132.2148672,581.7870965,-923.0861133,738.4933153,-662.2681849,673.6124533,-342.2426212,-212.7842225,-670.125334,-192.090586,-221.4716632,175.4908277,257.0058601,138.929768,-217.2407829,-48.90049357,52.24409728,5.89E-12
C_19_136.wav_Ruficollis_simple_580,H:\Sporophila_vocalizations\M-F consolidated\converted_sound_files\C_19_136.wav,Ruficollis_final_kjochecked_CecilasImageCorrections.txt,Ruficollis,Mar_Chiquita,No year,simple,580,C_19_136,C_19_136.wav,D:/Sporophila_vocalizations/Mar_Chiquita/No year/Ruficollis,C_19_136.wav_2553,NANA,C_19_136.wav,1,1,3047.981848,3048.051508,3047.929603,3048.100851,0.2551405,0.1712475,0.06966,3047.999263,3047.999263,3048.010873,3574.5,3832.9,3703.7,1446.25,258.4,602.95,3746.75,-0.085931014,0.121823226,3488.35,-14.8,4177.45,0,0,93.4,1.371,2.5235,1.2505,2.3405,0.255140187,3.726934783,-0.806592317,3.732442645,0.283059433,-0.086216178,-0.789133193,-0.097716658,0.274451028,0.175248928,0.092803379,0.583628427,0.236208549,0.772117149,-0.511854046,-1.755181795,0.239330919,0.323680473,1.178969063,-0.537701419,0.735,8.625,4.116,3.969,-0.5243,3.822,9.575,2.7273,9.575,10.33137383,5.4132,-1.154578853,-0.54785668,2.6859,-1.128017817,0.647179572,0.122161945,0.240082901,Ruficollis_Mar_Chiquita,NA,0.447215021,-727.7267271,921.53475,57.52349883,-2449.512461,553.3445274,450.1142867,-999.9961399,469.0932017,-991.1648961,97.94755206,-278.068317,-33.59496941,-249.1230883,49.82853658,130.8293388,-172.1813189,463.7357554,124.2851239,-237.3388912,-91.00962352,1.471877494,1.84E-11
C_19_136.wav_Ruficollis_simple_778,H:\Sporophila_vocalizations\M-F consolidated\converted_sound_files\C_19_136.wav,Ruficollis_final_kjochecked_CecilasImageCorrections.txt,Ruficollis,Mar_Chiquita,No year,simple,778,C_19_136,C_19_136.wav,D:/Sporophila_vocalizations/Mar_Chiquita/No year/Ruficollis,C_19_136.wav_3157,NANA,C_19_136.wav,1,1,3055.589286,3055.670556,3055.560261,3055.734411,0.2803735,0.17415,0.08127,3055.600896,3055.600896,3055.621213,3703.7,4005.2,3832.9,1400,301.45,559.85,3919,0.418600503,0.098986744,3488.35,-14.8,4306.65,14.8,2.5,138.75,1.369,2.58,1.2375,2.53,0.280373831,3.820600497,-0.481891945,3.804292563,0.536723023,0.276869963,-0.38017764,-0.261637653,-0.158564428,0.177911174,0.103332755,2.869065592,4.869139004,0.786765024,-0.3517942,-1.406426305,0.343249806,0.460259239,1.178969063,-0.069224373,1.029,16.4,3.675,3.969,0.927964601,3.969,17.175,2.52,17.175,18.02382243,5.64,-1.154578853,-0.105253335,3.12,-0.894183095,0.232850963,0.526280068,0.398151684,Ruficollis_Mar_Chiquita,NA,0.840688283,-652.6088253,-994.2381409,-1676.596271,-4308.367965,-2545.785421,-979.7759579,-1249.632407,1879.435526,-727.3672058,1154.468341,320.8814296,-422.2631318,-870.8848377,-653.3166883,-813.0017434,428.3549296,-489.5983868,248.0884353,-18.88141544,-456.3282476,-61.27372137,-3.12E-12
C_19_140_B.wav_Ruficollis_simple_593,H:\Sporophila_vocalizations\M-F consolidated\converted_sound_files\C_19_140_B.wav,Ruficollis_final_kjochecked_CecilasImageCorrections.txt,Ruficollis,Mar_Chiquita,No year,simple,593,C_19_140,C_19_140_B.wav,D:/Sporophila_vocalizations/Mar_Chiquita/No year/Ruficollis,C_19_140_B.wav_2570,NANANA,C_19_140_B.wav,1,1,3426.595786,3426.669316,3426.555151,3426.713821,0.229906333,0.15867,0.07353,3426.619006,3426.619006,3426.628681,4335.333333,4708.6,4622.466667,1802.233333,373.2333333,832.6333333,4651.166667,2.563164561,0.662286621,3962.066667,-34.6,4909.566667,93.96666667,2,129.9666667,2.039,3.177666667,1.401666667,3.492666667,0.229906542,4.517846196,0.507943807,4.577676796,2.77709295,2.56629992,0.906523621,-0.566878533,-0.473780747,0.161968325,0.093116834,0.156657803,0.023819334,0.899190719,-0.173077632,1.220681097,0.503785693,2.603079593,2.702462789,1.258127258,1.372,41.38333333,4.361,4.165,-1.226432749,4.753,20.479,2.6316,20.479,21.69881308,7.6555,0.332378761,-0.990460033,5.0239,0.044181556,-0.637629993,0.30460886,3.556960093,Ruficollis_Mar_Chiquita,NA,2.813164273,4637.436793,-2266.781786,4059.954296,-2059.118082,-688.3785412,467.760071,-1904.046768,3097.116352,318.1684241,-685.6453609,363.3743351,-387.7025922,234.4793694,81.64627334,15.64873156,42.88244222,-2.06818118,-33.14311905,-110.7833036,273.1802462,123.4950642,1.26E-11
C_19_140_B.wav_Ruficollis_simple_871,H:\Sporophila_vocalizations\M-F consolidated\converted_sound_files\C_19_140_B.wav,Ruficollis_final_kjochecked_CecilasImageCorrections.txt,Ruficollis,Mar_Chiquita,No year,simple,871,C_19_140,C_19_140_B.wav,D:/Sporophila_vocalizations/Mar_Chiquita/No year/Ruficollis,C_19_140_B.wav_3564,NANA,C_19_140_B.wav,1,1,3414.233096,3414.296951,3414.160533,3414.340488,0.3019805,0.179955,0.063855,3414.282438,3414.282438,3414.270828,3488.35,3617.6,3531.4,1356.9,129.2,516.8,3488.35,-0.842801516,0.921100078,3359.15,-14.8,4048.2,89,3.5,129.25,1.62,2.4555,1.2475,3.0115,0.301980576,3.604462917,-0.583951881,3.59036767,-0.192788696,-0.445093571,-0.739531352,1.130628673,1.541190015,0.200438978,0.094979004,0.134222235,-0.081566796,0.843898801,-0.192688341,-0.068853941,0.359631455,-0.024133682,0.721920945,-0.303462896,1.029,36.05,3.381,3.381,0.109526911,3.675,8.359,2.6022,8.359,9.126533973,5.2788,-1.154578853,0.273733433,2.6766,-1.099789931,1.048080866,-0.672193583,-0.549710889,Ruficollis_Mar_Chiquita,NA,-0.25689317,-1147.301164,487.3764985,-1372.597209,-1085.673548,1831.76652,1354.891735,-427.534281,348.3750765,659.8157803,439.8388753,-10.36065594,-547.8934745,-219.6972535,577.5665043,195.7343562,-166.3105943,-127.6586475,-76.35215768,-181.2655796,85.10917259,-30.81282107,5.33E-12
C_19_141_newrecording.wav_Ruficollis_simple_16,G:\Grabaciones_SantaFe_CÓRDOBA_2019\Audio Files\C_19_141_newrecording.wav,C_19_141_newrecording.wav.Table.1.selections.txt,Ruficollis,Mar_Chiquita,2019,simple,16,C_19_141,C_19_141_newrecording.wav,NA,C_19_141_newrecording.wav_1,NANANA,C_19_141_newrecording.wav,1,1,3.858371,3.955121,3.808061,3.999626,0.248598,0.191565,0.09675,3.939641,3.939641,3.910616,3273,3474.033333,3330.433333,747.9333333,200.9666667,401.9666667,3301.733333,-1.38941394,0.616613658,3186.866667,-14.8,3588.866667,9.866666667,3.333333333,122.0666667,1.623,2.342666667,1.211,2.342666667,0.248598131,3.350152228,-1.032321025,3.35143419,-1.019349778,-1.162738887,-0.892303337,-0.071283627,-0.503779313,0.176988287,0.108681818,-0.230452062,-0.160571442,0.907935174,-0.508150126,1.410135303,0.608898591,-1.054989934,0.264872827,-1.396576004,0.49,10.41666667,3.381,3.283,-0.336089744,3.479,3.253,2.6039,3.253,4.601588785,5.0139,0.332378761,-0.662605695,2.41,0.369900181,-0.630104982,0.654523687,0.082197493,Ruficollis_Mar_Chiquita,NA,0.167668427,-2662.886615,812.571618,1081.787081,1158.644443,259.580366,-945.4376458,-458.6236392,582.450025,1028.495286,612.7116554,411.3442168,-295.2228879,328.9146997,-18.59239864,-94.14174495,-275.0401196,-150.4202764,-93.98094608,349.5681988,107.1078987,76.08224556,-8.07E-14
C_19_141_newrecording.wav_Ruficollis_simple_17,G:\Grabaciones_SantaFe_CÓRDOBA_2019\Audio Files\C_19_141_newrecording.wav,C_19_141_newrecording.wav.Table.1.selections.txt,Ruficollis,Mar_Chiquita,2019,simple,17,C_19_141,C_19_141_newrecording.wav,NA,C_19_141_newrecording.wav_4,NANANA,C_19_141_newrecording.wav,1,1,24.08101667,24.15454667,24.036512,24.206791,0.246729333,0.17028,0.07353,24.10036667,24.10036667,24.11584667,3301.733333,3445.333333,3359.133333,757.1333333,143.5333333,373.2666667,3359.166667,-1.22118795,0.555716374,3215.6,-14.8,3588.866667,4.933333333,1.333333333,123.9,1.572333333,2.186333333,1.231333333,2.462333333,0.246728972,3.367113739,-1.198507117,3.373971924,-0.901793442,-1.180853636,-1.175193543,-0.486665448,-0.449551223,0.165374769,0.09608307,0.574105702,0.362141111,0.85353425,-0.564816527,0.139648817,0.482879737,-0.997489807,0.264872827,-1.396576004,0.49,17.44444444,3.479,3.185,-1.278780488,3.479,23.432,2.4931,23.432,24.82490654,4.9584,0.332378761,-0.695391131,2.4653,0.481995232,-0.872440964,0.894817431,0.082197493,Ruficollis_Mar_Chiquita,NA,0.454747425,-3112.260791,468.8244069,1093.685842,2.229253796,-361.1807404,-1274.529036,-436.0756683,328.7487691,229.1089539,430.9623368,288.8000726,-158.2758858,210.2811093,-46.07867073,-144.5604667,-221.2464337,77.5416718,-153.4056588,61.9233243,157.5168375,67.20212573,9.07E-13
C_19_141_newrecording.wav_Ruficollis_simple_18,G:\Grabaciones_SantaFe_CÓRDOBA_2019\Audio Files\C_19_141_newrecording.wav,C_19_141_newrecording.wav.Table.1.selections.txt,Ruficollis,Mar_Chiquita,2019,simple,18,C_19_141,C_19_141_newrecording.wav,NA,C_19_141_newrecording.wav_7,NANANA,C_19_141_newrecording.wav,1,1,30.553579,30.636784,30.516814,30.689029,0.229906667,0.172215,0.083205,30.590344,30.590344,30.592279,3301.733333,3445.3,3359.133333,716.7666667,143.5333333,373.2666667,3387.866667,-1.137123772,0.525267732,3129.5,-19.76666667,3560.166667,14.8,2,123.7,1.653666667,2.199,1.263333333,2.540666667,0.229906542,3.364605488,-1.159361053,3.371333128,-0.944890231,-1.178044597,-1.081197116,-0.933520907,-1.061747949,0.156303202,0.098134044,0.46386404,0.475663043,0.868956798,-0.60700202,0.497270113,0.540579051,-1.014642711,0.569571572,-1.396576004,0.392,14.55555556,3.283,3.479,0.868307737,3.479,29.958,2.4931,29.958,31.2811028,5.0185,0.332378761,-0.990460033,2.5254,0.305437253,-0.724716891,0.801749715,0.082197493,Ruficollis_Mar_Chiquita,NA,0.426030921,-2827.928734,1124.916792,1313.658776,53.62431116,-733.2257081,-1524.967816,-566.0548905,642.236661,502.5041388,417.7716174,289.5438236,-72.30152154,215.517092,-29.05841408,-210.028093,-151.9325509,-32.04509371,-106.1781763,134.1242599,110.1788216,61.1030779,2.16E-12
C_19_142_newrecording.wav_Ruficollis_simple_20,G:\Grabaciones_SantaFe_CÓRDOBA_2019\Audio Files\C_19_142_newrecording.wav,C_19_142_newrecording.wav.Table.1.selections.txt,Ruficollis,Mar_Chiquita,2019,simple,20,C_19_142,C_19_142_newrecording.wav,NA,C_19_142_newrecording.wav_2,NANANA,C_19_142_newrecording.wav,1,1,35.025355,35.10856,34.951825,35.160805,0.309276333,0.20898,0.083205,35.064055,35.064055,35.067925,3244.3,3387.9,3273,933.8,143.5333333,430.6666667,3301.733333,-1.38941394,0.784081189,3158.2,-29.66666667,3703.7,29.7,3.333333333,137.6666667,1.499666667,2.08,1.230333333,2.359666667,0.309276611,3.369244458,-0.92949011,3.359688853,-0.980459001,-1.181716502,-1.018803034,1.589796404,1.857448139,0.223950368,0.112744539,0.702446594,0.354590123,0.838120045,-0.025807665,-0.196038447,0.443229155,-1.167347368,0.264872827,-1.240416988,0.588,20.8,3.087,3.185,0.40517605,3.381,34.394,2.4514,34.394,35.77350848,5.3696,0.332378761,0.40170739,2.9182,0.448106852,-0.429948364,-0.072807288,0.240082901,Ruficollis_Mar_Chiquita,NA,0.523969602,-3434.043964,-1316.787203,-146.0061624,-185.3838721,812.0977659,947.0049851,-99.9973827,-86.4840238,658.9707489,1175.40201,70.5893682,-438.6950539,17.69237487,275.420073,-19.26880307,24.64110127,354.9300689,-55.30365714,-101.518184,137.8750616,49.06671988,-7.01E-12
C_19_142_newrecording.wav_Ruficollis_simple_21,G:\Grabaciones_SantaFe_CÓRDOBA_2019\Audio Files\C_19_142_newrecording.wav,C_19_142_newrecording.wav.Table.1.selections.txt,Ruficollis,Mar_Chiquita,2019,simple,21,C_19_142,C_19_142_newrecording.wav,NA,C_19_142_newrecording.wav_5,NANAnoice,C_19_142_newrecording.wav,1,1,40.346595,40.447215,40.296285,40.49365467,0.288129333,0.19737,0.10062,40.39497,40.39497,40.404645,3273,3416.6,3330.433333,985.7,143.5333333,344.5666667,3359.166667,-1.22118795,0.966773041,3129.5,-54.4,3646.266667,44.53333333,3.666666667,138.9333333,1.574666667,2.115666667,1.238333333,2.606666667,0.288129492,3.374878539,-1.029057997,3.362857137,-0.940047663,-1.165639356,-1.05951584,0.569665826,0.198321374,0.195730077,0.11466767,0.766911174,0.486370526,0.803222679,-0.266402905,-1.020161089,0.341432274,-1.011772099,-0.039825918,-1.084257973,0.784,32.46666667,3.283,3.283,0,3.381,39.757,2.4903,39.757,41.1130322,5.3696,0.332378761,0.030782554,2.8793,0.388727181,-0.530953054,0.119547542,0.082197493,Ruficollis_Mar_Chiquita,NA,0.478598853,-3368.394583,-394.3012927,192.6326981,-597.7617054,-155.0403953,16.71998579,-2.608298338,-99.08283174,26.76877655,154.0311878,-102.5329838,85.33198797,71.08617849,182.7219125,98.14965073,-111.5881726,115.0786091,131.2842373,258.7870299,17.02836404,122.2901387,-8.56E-12
C_19_142_newrecording.wav_Ruficollis_simple_22,G:\Grabaciones_SantaFe_CÓRDOBA_2019\Audio Files\C_19_142_newrecording.wav,C_19_142_newrecording.wav.Table.1.selections.txt,Ruficollis,Mar_Chiquita,2019,simple,22,C_19_142,C_19_142_newrecording.wav,NA,C_19_142_newrecording.wav_8,NANAnoice,C_19_142_newrecording.wav,1,1,53.711614,53.792884,53.669044,53.85480333,0.288129333,0.18576,0.08127,53.740639,53.740639,53.752249,3273.033333,3445.3,3359.133333,881.9666667,172.2333333,401.9666667,3416.566667,-1.053059595,1.225586498,3186.9,-74.16666667,3703.733333,79.13333333,4,135.7666667,1.620333333,2.195,1.287,2.648,0.288129493,3.373906711,-1.068065013,3.375473283,-0.944937033,-1.147675776,-1.004127953,0.13830978,0.172533273,0.186431222,0.10583734,0.561404325,0.262390616,0.811669124,-0.289363809,-0.824307305,0.37332641,-0.94751012,0.264872827,-1.240416988,0.588,19.08333333,3.675,3.381,-1.033367457,3.381,53.146,2.4514,53.146,54.43810204,5.1751,0.332378761,0.030782566,2.7237,0.227025505,-0.370571545,-0.188152971,0.397968309,Ruficollis_Mar_Chiquita,NA,0.675800539,-3223.753037,-92.45354371,587.6627904,-628.5659,-145.5572327,325.5526193,-159.297695,241.0836458,331.8976587,-89.23477793,-105.1238265,248.9796777,164.6392865,147.8048465,128.9603228,-10.65813987,75.78917835,60.70187439,-59.28049635,36.49680874,14.12102559,-1.53E-11
C_19_142_newrecording.wav_Ruficollis_simple_23,G:\Grabaciones_SantaFe_CÓRDOBA_2019\Audio Files\C_19_142_newrecording.wav,C_19_142_newrecording.wav.Table.1.selections.txt,Ruficollis,Mar_Chiquita,2019,simple,23,C_19_142,C_19_142_newrecording.wav,NA,C_19_142_newrecording.wav_13,NANANA,C_19_142_newrecording.wav,1,1,27.45178,27.53305,27.42082,27.612385,0.281308333,0.191565,0.08127,27.45565,27.45565,27.480805,3273,3502.733333,3416.6,784.9,229.6666667,401.9666667,3474,-0.884833605,0.586165016,3186.9,-14.8,3703.7,14.8,3.666666667,131.7666667,1.464666667,2.170666667,1.202333333,2.298333333,0.281308411,3.396139097,-1.095346025,3.404325964,-0.937581228,-1.054555063,-0.782926218,-0.814535629,-0.679948809,0.175025162,0.109919383,-0.014605884,-0.169488897,0.876241849,-0.276063108,0.681795007,0.51230703,-0.988734766,0.874270317,-1.240416988,0.392,18.16666667,3.283,3.283,0,3.479,26.85488997,2.63,26.855,28.29320773,5.2905,0.332378761,-0.088860612,2.6605,0.596856021,-0.725328982,0.614084887,0.240082901,Ruficollis_Mar_Chiquita,NA,0.670093027,-2398.792322,585.7392517,1526.174031,463.6523445,-154.9318919,-981.9494507,-680.4105388,428.4593072,912.4850345,287.8343047,159.9257844,627.9685158,-0.620767797,6.86652851,-170.3590858,-26.11634779,-37.1662373,-301.855941,-148.5677669,187.0572773,17.85240163,2.36E-11
C_19_146_newrecording.wav_Ruficollis_simple_24,G:\Grabaciones_SantaFe_CÓRDOBA_2019\Audio Files\C_19_146_newrecording.wav,C_19_146_newrecording.wav.Table.1.selections.txt,Ruficollis,Mar_Chiquita,2019,simple,24,C_19_146,C_19_146_newrecording.wav,NA,C_19_146_newrecording.wav_1,NANANA,C_19_146_newrecording.wav,1,1,2.621909,2.699308,2.583209,2.749618,0.243925333,0.16641,0.0774,2.662543333,2.662543333,2.654803333,3330.466667,3502.733333,3445.3,727.1,172.2333333,344.5333333,3474,-0.884833605,0.616613658,3158.2,-14.8,3646.266667,14.8,2.333333333,123.8333333,1.458333333,2.137333333,1.198333333,2.054666667,0.243925234,3.412763982,-1.199722518,3.41463106,-0.782811848,-0.995124228,-0.944280009,-0.638398142,-0.643227364,0.163305699,0.097532756,0.181424258,0.094668591,0.825106563,-0.24471046,-0.509579867,0.449109385,-0.878985006,0.569571572,-1.240416988,0.49,10.58333333,3.283,3.185,-0.323641976,3.577,2.076,2.4832,2.076,3.328803738,5.2013,0.332378761,-0.744569281,2.7181,0.127626417,-0.330635946,0.260976336,0.7139225,Ruficollis_Mar_Chiquita,NA,0.972155663,-2618.098745,776.420267,1590.96868,-411.8220153,-601.1263303,-155.0663795,-687.3448519,373.2420556,36.18477294,8.66285673,38.92947506,209.8043803,110.3263828,-27.5879793,-30.27816284,-25.1853895,78.63370912,-23.23965687,54.80201623,1.217576227,51.12398982,2.11E-11
C_19_146_newrecording.wav_Ruficollis_simple_27,G:\Grabaciones_SantaFe_CÓRDOBA_2019\Audio Files\C_19_146_newrecording.wav,C_19_146_newrecording.wav.Table.1.selections.txt,Ruficollis,Mar_Chiquita,2019,simple,27,C_19_146,C_19_146_newrecording.wav,NA,C_19_146_newrecording.wav_6,NANANA,C_19_146_newrecording.wav,1,1,18.349558,18.426958,18.312793,18.48307267,0.217757,0.17028,0.0774,18.374713,18.374713,18.382453,3445.266667,3617.566667,3502.7,736.8666667,172.2666667,488.1,3531.4,-0.71670525,0.433921806,3244.3,-14.8,3761.133333,4.933333333,0.333333333,126.7333333,1.612666667,2.296666667,1.117,2.379333333,0.217757009,3.520359481,-0.914518668,3.514446842,-0.394551443,-0.656815454,-0.86945314,-0.943303855,-1.027986308,0.153453818,0.094671269,0.875327736,0.695230156,0.889867263,-0.029752051,1.009065754,0.626521824,-0.561472171,0.874270317,-1.084257973,0.49,31.66666667,3.381,3.381,0,3.675,17.913,2.7719,17.913,19.01517757,5.1579,0.332378761,-1.203565355,2.386,-0.253359654,0.142548574,-0.086149604,0.240082901,Ruficollis_Mar_Chiquita,NA,0.628653773,-1588.324087,1381.718001,1044.424814,-543.1020605,-1256.728371,-601.2314799,-695.6586806,911.9035325,1170.751197,422.6183988,560.9596567,-495.52705,78.04040701,-5.993351637,-211.6094959,-176.6605701,47.77249404,-211.2409462,171.1645688,336.0150506,28.61541897,-6.65E-12
C_19_146_newrecording.wav_Ruficollis_simple_28,G:\Grabaciones_SantaFe_CÓRDOBA_2019\Audio Files\C_19_146_newrecording.wav,C_19_146_newrecording.wav.Table.1.selections.txt,Ruficollis,Mar_Chiquita,2019,simple,28,C_19_146,C_19_146_newrecording.wav,NA,C_19_146_newrecording.wav_9,NANA,C_19_146_newrecording.wav,1,1,55.65822,55.730782,55.597268,55.7801245,0.2621495,0.1828575,0.0725625,55.687245,55.687245,55.695952,3617.55,3832.9,3746.8,912.25,215.3,559.9,3703.7,-0.21202728,-0.152214552,3445.3,-59.35,4263.55,51.9,8,132.9,1.724,2.4765,1.2935,2.517,0.262149532,3.823409511,-0.715598304,3.794151149,0.541038059,0.196162068,-0.593443638,0.542866377,0.814695891,0.187987149,0.095726299,0.284635416,0.363813693,0.868980745,-0.508225693,0.502194932,0.535654745,0.392490629,1.63601718,-0.537701419,0.588,18.875,3.528,3.675,0.535,3.822,55.273,2.8421,55.273,56.09776636,5.2982,-1.154578853,-0.42491131,2.4561,-0.955029292,0.117592277,0.645572278,0.240082901,Ruficollis_Mar_Chiquita,NA,0.209851187,-51.60192497,257.6886556,92.89411842,-1381.929651,1335.407509,-125.3264194,-1388.233967,1058.190894,176.3106121,1226.435229,212.2139075,-604.6616023,-56.23301132,-37.92109518,-255.2011572,-255.8094596,280.7124348,-164.2457769,-33.15577521,25.45977258,-39.83709168,1.86E-11
C_19_147_B_newrecording.wav_Ruficollis_simple_11,D:\Sporophila_vocalizations\additionalsporophilasongs\C_19_147_B_newrecording.wav,C_19_147_B_newrecording.wav.Table.1.selections.txt,Ruficollis,Mar_Chiquita,2019,simple,11,C_19_147,C_19_147_B.wav,NA,C_19_147_B_newrecording.wav_19,NANANA,C_19_147_B_newrecording.wav,1,1,17.852264,17.941274,17.809694,17.98577867,0.270093333,0.176085,0.08901,17.937404,17.937404,17.898704,3359.133333,3588.866667,3445.266667,806.4333333,229.6666667,459.4,3387.866667,-1.137123772,1.088567609,3215.6,-89.03333333,3789.833333,84.06666667,3,132.8666667,1.422,2.161666667,1.027333333,2.202666667,0.270093458,3.483391558,-1.038366788,3.467344065,-0.645667351,-0.798031489,-0.721177829,0.228996883,0.194222735,0.18542689,0.104438948,0.128324909,0.351588002,0.839926868,-0.29805137,-0.165509573,0.448186635,-0.698829599,0.874270317,-1.240416988,0.392,13.66666667,3.675,3.675,0,3.479,17.25550998,2.6882,17.256,18.61251932,5.3226,0.332378761,-0.285573219,2.6344,0.391198711,-0.52758471,0.384676786,0.871991283,Ruficollis_Mar_Chiquita,NA,0.984988501,-2663.57132,-370.4252177,1332.011981,-360.2017166,33.40990945,86.32296097,-787.5143841,708.2588806,488.3661394,383.0251878,-201.2271697,-58.75913052,62.31416839,76.86138005,107.5194638,-87.07767904,-109.1724827,-32.27563107,41.33528381,-174.8208258,17.95779888,-7.64E-12
C_19_147_B_newrecording.wav_Ruficollis_simple_12,D:\Sporophila_vocalizations\additionalsporophilasongs\C_19_147_B_newrecording.wav,C_19_147_B_newrecording.wav.Table.1.selections.txt,Ruficollis,Mar_Chiquita,2019,simple,12,C_19_147,C_19_147_B.wav,NA,C_19_147_B_newrecording.wav_22,NANANA,C_19_147_B_newrecording.wav,1,1,21.743541,21.820941,21.702906,21.871251,0.259601,0.168345,0.0774,21.772566,21.772566,21.780306,3387.866667,3588.866667,3445.3,734.7333333,200.9666667,373.2666667,3502.7,-0.800769428,0.570940695,3186.9,-79.1,3675,74.16666667,2.333333333,139.4,1.390666667,2.070666667,1.179,2.084,0.25960105,3.443344731,-1.34635413,3.435688263,-0.666628303,-0.954855757,-1.076420925,-0.322933638,-0.214998441,0.169855511,0.0963024,0.602596615,0.446475989,0.769338571,-0.435941061,-1.817064391,0.320524865,-0.657491048,0.874270317,-1.240416988,0.392,9.166666667,3.577,3.381,-0.654721566,3.577,21.19642546,2.5269,21.196,22.44411146,5.2419,0.332378761,-0.469612214,2.715,0.114681866,-0.325401707,0.00999778,1.029693316,Ruficollis_Mar_Chiquita,NA,1.191982438,-2911.54972,209.6758259,1546.148414,-1594.319594,-632.9228475,353.9013027,-516.1686222,307.3918549,-575.0842219,144.3383641,-298.6933015,500.3160073,29.64834115,-58.09590721,114.6284945,-26.68550908,265.3185613,145.4924933,-89.37900614,-128.5439687,20.39153864,-8.51E-12
C_19_147_B_newrecording.wav_Ruficollis_simple_13,D:\Sporophila_vocalizations\additionalsporophilasongs\C_19_147_B_newrecording.wav,C_19_147_B_newrecording.wav.Table.1.selections.txt,Ruficollis,Mar_Chiquita,2019,simple,13,C_19_147,C_19_147_B.wav,NA,C_19_147_B_newrecording.wav_25,NANANA,C_19_147_B_newrecording.wav,1,1,39.603556,39.696436,39.55905133,39.766096,0.266982333,0.207044667,0.09288,39.624841,39.624841,39.651931,3416.566667,3675,3531.4,878.1666667,258.3666667,516.8,3646.266667,-0.38025327,1.286483782,3215.6,-69.23333333,3732.433333,79.13333333,6.333333333,128.6,1.775666667,2.481333333,1.226,2.526,0.266982374,3.487213639,-0.647699617,3.457351923,-0.694120369,-0.648832651,-0.245334836,-0.030580661,-0.360122359,0.183077335,0.11216087,-0.15479792,-0.119615748,0.884882005,-0.293494625,0.882646978,0.554796841,-0.548332027,0.569571572,-1.084257973,0.588,52.58333333,3.675,3.479,-0.661246737,3.675,38.95977753,2.5806,38.96,40.39117313,5.2151,0.332378761,-0.340142276,2.6345,0.579347463,-0.739357373,0.787624778,1.029876691,Ruficollis_Mar_Chiquita,NA,1.469778132,-1851.571321,-519.2471379,1815.029275,690.9795213,-92.46197874,-327.6818957,-1074.08932,1213.25172,733.2864102,-265.3682723,116.4989517,0.384697871,-70.72223188,42.06715065,-144.5171467,30.0652697,-81.77808606,211.2370399,24.87818947,203.1081768,109.0717437,-1.80E-11
C_19_147_B_newrecording.wav_Ruficollis_simple_14,D:\Sporophila_vocalizations\additionalsporophilasongs\C_19_147_B_newrecording.wav,C_19_147_B_newrecording.wav.Table.1.selections.txt,Ruficollis,Mar_Chiquita,2019,simple,14,C_19_147,C_19_147_B.wav,NA,C_19_147_B_newrecording.wav_28,other individualother individualother individualNA,C_19_147_B_newrecording.wav,1,1,58.3575395,58.447517,58.3169045,58.50992075,0.28846025,0.19301625,0.0899775,58.3749545,58.3749545,58.3981745,3617.55,3875.975,3768.3,900.575,258.4,624.475,3789.85,0.040311705,0.772662948,3294.575,-63.05,4091.3,126.125,2.75,131.225,1.61675,2.7325,1.004,2.368,0.288459916,3.698254924,-0.754205959,3.678717846,0.076446542,-0.095059332,-0.39504804,0.033550353,-0.15583408,0.189285439,0.114657415,-1.095685365,-0.538063116,0.893621718,-0.285013079,1.086829879,0.536157797,0.054841889,1.178969063,-0.771939942,0.588,26.41666667,3.822,3.8955,0.237651337,3.969,57.49259497,2.5806,57.493,59.3839404,5.2957,1.819336374,0.036578255,2.7151,1.742720877,-0.902462129,0.119676446,1.029876691,Ruficollis_Mar_Chiquita,NA,1.085770334,-694.6371542,-1109.716512,3183.009871,660.1970039,349.5176966,-230.0686908,307.6601387,414.4797152,1574.72373,109.9129522,-51.51361194,242.2883954,-66.76516299,-313.8215478,94.4440412,59.15712187,-289.9215511,47.0421975,37.48199932,-206.5844632,-1.756210602,3.42E-12
C_19_147_B_newrecording.wav_Ruficollis_simple_6,D:\Sporophila_vocalizations\additionalsporophilasongs\C_19_147_B_newrecording.wav,C_19_147_B_newrecording.wav.Table.1.selections.txt,Ruficollis,Mar_Chiquita,2019,simple,6,C_19_147,C_19_147_B.wav,NA,C_19_147_B_newrecording.wav_1,NANANA,C_19_147_B_newrecording.wav,1,1,1.476390667,1.569270667,1.422211,1.621515667,0.251401667,0.199304667,0.09288,1.470586,1.470586,1.524765667,3387.866667,3588.866667,3502.7,698.9,200.9666667,459.4,3588.866667,-0.548381625,1.225586498,3244.333333,-49.43333333,3675,59.33333333,10,123.8333333,1.780333333,2.332,1.28,2.284,0.251401869,3.435499573,-0.923911413,3.417516424,-0.810685318,-0.791420241,-0.371769857,-0.001231685,-0.186418727,0.180542758,0.106470404,-0.759481203,-0.57778241,0.912289327,-0.462146543,1.513932386,0.644102463,-1.026896593,0.569571572,-1.396576004,0.392,71.11111111,3.381,3.479,0.411215686,3.675,0.838317757,2.6075,0.838,2.357943925,5.0269,0.332378761,-0.613427551,2.4194,0.802513327,-0.973993546,1.437255141,0.7139225,Ruficollis_Mar_Chiquita,NA,0.975902341,-2197.842085,-185.0931597,2072.047136,1531.352826,699.1707497,-974.0894848,-1169.90366,1004.675741,922.0858025,1.962227242,113.146246,-314.4924928,62.2137236,-112.1779405,-161.1168358,283.1483071,-33.7226092,24.15708975,97.33353967,143.1299723,174.8493405,-1.16E-11
C_19_147_B_newrecording.wav_Ruficollis_simple_7,D:\Sporophila_vocalizations\additionalsporophilasongs\C_19_147_B_newrecording.wav,C_19_147_B_newrecording.wav.Table.1.selections.txt,Ruficollis,Mar_Chiquita,2019,simple,7,C_19_147,C_19_147_B.wav,NA,C_19_147_B_newrecording.wav_4,NANANA,C_19_147_B_newrecording.wav,1,1,3.705506333,3.788711,3.666806333,3.842891,0.269159,0.176085,0.083205,3.736466333,3.736466333,3.746141,3359.166667,3560.166667,3445.3,824.4,200.9666667,430.7,3531.433333,-0.716607615,0.540492053,3186.9,-74.16666667,3674.966667,69.23333333,0.666666667,136.3333333,1.464333333,2.175333333,1.225333333,2.322333333,0.269158879,3.412829118,-1.007915277,3.401606172,-0.829715679,-0.997939992,-0.856866171,0.096336409,0.020194059,0.184805151,0.106979005,1.162721048,1.389646092,0.815468582,-0.393877235,-0.739516825,0.436098792,-0.779701912,0.569571572,-1.240416988,0.49,16,3.577,3.577,0,3.577,3.12502543,2.4731,3.125,4.423156271,5.1613,0.332378761,-0.301965928,2.6882,0.242274456,-0.416813923,0.114784897,0.871807908,Ruficollis_Mar_Chiquita,NA,1.198713003,-2901.462124,-453.5268498,756.7849906,-1179.675451,-1086.358372,58.33380205,-480.8229608,817.5610312,-20.49633071,665.0153424,151.0685046,57.4191723,-137.5828415,-176.7638764,-243.3301553,73.082162,167.1195714,250.2536979,-37.59404963,20.1839418,49.54290995,-9.42E-13
C_19_147_newrecording.wav_Ruficollis_simple_1,D:\Sporophila_vocalizations\additionalsporophilasongs\C_19_147_newrecording.wav,C_19_147_newrecording.wav.Table.1.selections.txt,Ruficollis,Mar_Chiquita,2019,simple,1,C_19_147,C_19_147.wav,NA,C_19_147_newrecording.wav_1,NANANANANA,C_19_147_newrecording.wav,1,1,9.2891316,9.368079,9.246175,9.424968,0.2433644,0.178794,0.078948,9.3158342,9.3158342,9.3228002,3514.18,3772.64,3617.56,844.58,258.38,551.28,3634.78,-0.413898468,0.473505041,3273.04,-56.36,3927.66,50.44,3.2,130.44,1.5762,2.442,1.1706,2.4066,0.243364486,3.586701797,-0.749878347,3.580150888,-0.305254422,-0.441918476,-0.504770058,-0.70331255,-0.76181513,0.1651346,0.101516188,-0.299995958,-0.231349496,0.903930872,-0.489466468,1.317679324,0.627081709,-0.469622836,1.178969063,-0.959330761,0.4704,7.6,3.7338,3.381,-1.560809225,3.675,8.183742693,2.6014,8.184,10.51059298,5.3378,3.306293988,-0.754404915,2.7364,2.844264435,-1.08469444,0.42455288,1.187762099,Ruficollis_Mar_Chiquita,252.8323347,1.597522725,-1553.223821,-1149.768149,4438.637833,1075.289666,-1293.259559,-1055.667721,1002.445025,411.3925029,1713.718635,552.405284,-22.41102175,-105.1643632,-398.5790014,-151.4076935,294.8617485,68.84929263,-55.16750109,-196.7593994,37.93856426,109.6306094,-31.24751698,-3.61E-12
C_19_147_newrecording.wav_Ruficollis_simple_3,D:\Sporophila_vocalizations\additionalsporophilasongs\C_19_147_newrecording.wav,C_19_147_newrecording.wav.Table.1.selections.txt,Ruficollis,Mar_Chiquita,2019,simple,3,C_19_147,C_19_147.wav,NA,C_19_147_newrecording.wav_7,NANANA,C_19_147_newrecording.wav,1,1,22.449815,22.54656467,22.40918,22.63944467,0.289719667,0.230264667,0.09675,22.4324,22.4324,22.49045,3301.733333,3531.4,3416.566667,754.5333333,229.6666667,401.9666667,3560.133333,-0.632543438,0.555716374,3186.9,-59.33333333,3588.866667,54.4,4,132.1333333,1.671,2.363333333,1.238333333,2.404666667,0.289719626,3.371681295,-0.90347276,3.370986796,-0.975647049,-1.024783333,-0.630730028,-0.273005255,-0.546033145,0.196031585,0.128492793,0.021274362,0.164283903,0.885794772,-0.20690385,0.906459593,0.540771726,-1.136890664,0.264872827,-1.396576004,0.49,70.44444444,3.381,3.577,0.655189708,3.675,21.94375042,2.3782,21.944,23.09047939,5.0143,0.332378761,0.058673839,2.6361,-0.140673633,-0.146707812,-0.910804268,0.7139225,Ruficollis_Mar_Chiquita,NA,1.573507347,-2315.342235,598.8297861,1118.097623,449.5989501,-666.0950285,862.7328542,-362.631152,1086.974061,1141.614629,37.96823478,609.363413,592.5015304,-20.21384743,-191.3467752,-812.1851797,-134.4940877,142.2109862,-74.50592762,78.43089375,163.2200278,8.512565921,9.29E-12
C_19_147_newrecording.wav_Ruficollis_simple_4,D:\Sporophila_vocalizations\additionalsporophilasongs\C_19_147_newrecording.wav,C_19_147_newrecording.wav.Table.1.selections.txt,Ruficollis,Mar_Chiquita,2019,simple,4,C_19_147,C_19_147.wav,NA,C_19_147_newrecording.wav_10,NANANA,C_19_147_newrecording.wav,1,1,31.925491,32.000956,31.886791,32.051266,0.245794333,0.164475,0.075465,31.969996,31.969996,31.962256,3359.133333,3474,3387.866667,773.6333333,114.8333333,401.9666667,3359.133333,-1.221285585,1.058118967,3186.9,-74.16666667,3703.7,74.16666667,4.333333333,130.8,1.610333333,2.253333333,1.308333333,2.657666667,0.245794393,3.407794393,-1.128290295,3.394908629,-0.80007047,-1.076674811,-1.116192787,-0.738363754,-0.787836231,0.15665545,0.093509796,-0.367714275,-0.527235367,0.853212497,-0.572622285,0.131888742,0.450967285,-0.971495664,0.569571572,-1.396576004,0.392,46.44444444,3.283,3.577,1.139782605,3.479,31.31309522,2.5215,31.313,32.68131952,5.1003,0.332378761,-0.711783846,2.5788,0.419565241,-0.757697837,0.789514617,0.556037092,Ruficollis_Mar_Chiquita,NA,0.621649609,-2835.375274,868.3399566,1935.075355,398.0589831,130.5298446,-888.8086624,-713.3102365,478.2353106,363.1932262,-222.7905485,61.81683917,193.6325789,367.6855431,153.6309322,195.6916942,-178.1192324,-47.33464388,-176.889404,80.4127276,-159.3491814,26.11390847,-1.68E-11
C_19_147_newrecording.wav_Ruficollis_simple_5,D:\Sporophila_vocalizations\additionalsporophilasongs\C_19_147_newrecording.wav,C_19_147_newrecording.wav.Table.1.selections.txt,Ruficollis,Mar_Chiquita,2019,simple,5,C_19_147,C_19_147.wav,NA,C_19_147_newrecording.wav_13,NANANA,C_19_147_newrecording.wav,1,1,37.47699533,37.56407,37.43636067,37.612445,0.247663667,0.176085,0.087075,37.52150033,37.52150033,37.51569533,3560.133333,3732.433333,3646.266667,668.5666667,172.2333333,401.9666667,3674.966667,-0.296189093,1.179913535,3359.166667,-59.33333333,3818.566667,64.3,3.333333333,130.6,1.509,2.134,1.112666667,2.169,0.247663552,3.600163956,-1.169080554,3.597858269,-0.106085124,-0.462906797,-0.959462904,-0.701314941,-0.932014571,0.162609477,0.10208329,-0.332801129,-0.032711021,0.862754953,-0.513879288,0.356835313,0.540846704,-0.345619651,1.178969063,-1.084257973,0.392,57.88888889,3.675,3.479,-0.933143287,3.773,36.95027622,2.7356,36.95,38.08579024,5.2149,0.332378761,-0.67899841,2.4793,-0.169040157,-0.22358205,-0.357525902,0.556037092,Ruficollis_Mar_Chiquita,NA,0.978714292,-1510.550086,1027.595963,1914.550088,-731.9714165,-53.10034125,-97.68409156,-516.6414988,1065.300732,1068.929518,-476.0245685,125.2749283,179.5960229,229.1491792,-37.71180393,-273.1689299,-44.66479922,-152.5158956,-15.85032231,205.6879995,-139.0094069,22.50037703,-3.62E-12
C_19_148.wav_Ruficollis_simple_143,H:\Sporophila_vocalizations\M-F consolidated\converted_sound_files\C_19_148.wav,Ruficollis_final_kjochecked_CecilasImageCorrections.txt,Ruficollis,Salta,No year,simple,143,C_19_148,C_19_148.wav,D:/Sporophila_vocalizations/Salta/No year/Ruficollis,C_19_148.wav_1487,NANA,C_19_148.wav,1,1,3519.57042,3519.65169,3519.532687,3519.730057,0.353972,0.19737,0.08127,3519.587835,3519.587835,3519.602347,3962.1,4177.45,4091.3,2028.1,215.35,775.2,4134.4,1.049521192,-0.586107701,3057.7,-14.8,4435.85,7.4,0.5,139.75,1.7685,3.2185,1.358,3.234,0.353971963,3.915674381,0.5894958,3.94665685,0.712308644,0.843252034,0.701458276,0.084773087,0.12095329,0.20288537,0.123228606,-1.312349672,-1.003166275,0.910200317,0.509866804,1.507460246,0.454655494,0.711610063,-0.649223409,0.16501415,1.764,14.55714286,3.528,3.087,-2.169810167,4.116,65.692,2.6506,65.692,66.69991589,5.0602,-1.154578853,1.185673107,2.4096,-0.4917803,-0.858859245,0.640804179,-0.549710889,Ruficollis_Salta,NA,-1.172840272,2358.484249,-282.9392542,-1007.661231,1531.435209,1721.990687,-778.5998246,-644.9527518,-457.0489112,291.3290547,-460.8663401,401.0412496,532.4806295,766.5442152,-779.4408743,-551.9425398,-179.8291048,-22.68880187,-98.37008293,-142.4207627,-118.2718992,-173.1330012,1.90E-11
C_19_149_B.wav_Ruficollis_simple_226,H:\Sporophila_vocalizations\M-F consolidated\converted_sound_files\C_19_149_B.wav,Ruficollis_final_kjochecked_CecilasImageCorrections.txt,Ruficollis,Salta,No year,simple,226,C_19_149,C_19_149_B.wav,D:/Sporophila_vocalizations/Salta/No year/Ruficollis,C_19_149_B.wav_1592,NANA,C_19_149_B.wav,1,1,3826.776225,3826.825567,3826.738492,3826.866202,0.24187,0.12771,0.0493425,3826.790737,3826.790737,3826.799445,3143.8,3316.1,3230,1688,172.3,732.15,3273.05,-1.473429299,-1.431057516,2842.35,-37.1,4392.75,7.4,0.5,138.45,1.422,3.0505,1.0875,3.1395,0.24187017,3.256590849,-0.427743561,3.221499137,-1.583298882,-1.448663632,-0.48019298,-1.344423791,-0.832679623,0.125874949,0.063544021,-0.791588961,-0.781922931,0.851762863,-0.591859036,0.097222121,0.242562467,-1.142922433,-0.192175291,-0.069224373,1.47,7.714285714,3.381,3.381,-0.679682835,3.381,24.366,2.6496,24.366,24.9764861,5.2564,-1.154578853,-0.780615523,2.6068,-1.497018724,2.475962312,-1.026696144,-0.865481705,Ruficollis_Salta,NA,-1.219065475,-1000.321868,4663.040526,-1208.591421,897.2920767,112.3398134,839.6459218,324.0105419,-232.7779228,-562.5197737,935.8483825,372.9370337,507.2962458,-480.5563933,348.2064137,445.3693853,8.277599465,-311.5026598,-322.9377338,-229.8450914,13.99262193,-82.69898607,7.07E-12
C_19_149_B.wav_Ruficollis_simple_229,H:\Sporophila_vocalizations\M-F consolidated\converted_sound_files\C_19_149_B.wav,Ruficollis_final_kjochecked_CecilasImageCorrections.txt,Ruficollis,Salta,No year,simple,229,C_19_149,C_19_149_B.wav,D:/Sporophila_vocalizations/Salta/No year/Ruficollis,C_19_149_B.wav_1614,NANA,C_19_149_B.wav,1,1,3836.400896,3836.470556,3836.386383,3836.522801,0.2141145,0.1364175,0.06966,3836.412506,3836.412506,3836.418311,3143.85,3445.3,3316.1,1717.25,301.5,646,3359.15,-1.221236767,-0.928654923,2885.45,-29.65,3919.05,0,0,139.3,1.3205,3.0605,1.048,2.1175,0.214114577,3.227047866,-0.728258502,3.20982399,-1.694880367,-1.444003411,-0.243449884,-1.96113802,-1.719546043,0.136585885,0.090367763,-1.00851389,-0.886632824,0.828651793,-0.633318025,-0.443112955,0.122955726,-1.313916325,-0.192175291,-0.069224373,1.47,4,3.822,2.94,-3.646584447,3.381,34.026,2.6096,34.026,34.58187017,4.9666,-1.154578853,-1.267454366,2.357,-1.635161452,2.677917566,-1.018078309,-1.181435896,Ruficollis_Salta,NA,-1.037751166,-1106.983874,5499.0023,-865.1081306,694.8846442,-298.1458405,570.3015891,232.0841616,-214.186566,-724.3163473,38.07145729,-147.6907473,626.4144695,-657.9985417,322.475039,367.1389217,264.8606264,-474.7476363,-195.7890579,-22.11411626,81.08283001,63.27897532,5.32E-13
C_19_149_B.wav_Ruficollis_simple_246,H:\Sporophila_vocalizations\M-F consolidated\converted_sound_files\C_19_149_B.wav,Ruficollis_final_kjochecked_CecilasImageCorrections.txt,Ruficollis,Salta,No year,simple,246,C_19_149,C_19_149_B.wav,D:/Sporophila_vocalizations/Salta/No year/Ruficollis,C_19_149_B.wav_1650,NANA,C_19_149_B.wav,1,1,3888.02466,3888.100125,3888.010148,3888.155272,0.249533,0.145125,0.075465,3888.021758,3888.021758,3888.03627,3143.85,3531.45,3359.15,1904.95,387.6,732.15,3531.45,-0.716558797,-1.33971159,2885.45,-29.65,4392.75,7.4,0.5,141.4,1.3975,3.3475,1.089,2.899,0.24953271,3.300695377,-0.117626594,3.271198776,-1.62540587,-1.145119741,0.374070546,-1.269876682,-1.386453794,0.14970649,0.097436666,-1.337893133,-0.990352972,0.874861757,-0.674521018,0.631990317,0.244817235,-1.280353558,-0.649223409,-0.303462896,1.47,5.25,2.793,2.793,0,3.381,85.647,2.6153,85.647,86.23037383,5.5212,-1.154578853,-0.646212977,2.9059,-1.565595106,2.894536238,-1.435204202,-1.181435896,Ruficollis_Salta,NA,-0.789801889,-284.0944883,4923.209564,-1326.974112,1748.962269,-26.83104248,1204.133604,521.3044598,202.2275309,-208.7595348,190.5609786,124.1319281,641.4742764,-953.1575877,-153.7919744,-30.76908293,162.1912544,-111.495219,-18.18024984,-29.4756501,58.68961883,51.01256977,4.07E-12
C_19_149_B.wav_Ruficollis_simple_252,H:\Sporophila_vocalizations\M-F consolidated\converted_sound_files\C_19_149_B.wav,Ruficollis_final_kjochecked_CecilasImageCorrections.txt,Ruficollis,Salta,No year,simple,252,C_19_149,C_19_149_B.wav,D:/Sporophila_vocalizations/Salta/No year/Ruficollis,C_19_149_B.wav_1670,NANA,C_19_149_B.wav,1,1,3900.244161,3900.319626,3900.232551,3900.371871,0.22601,0.13932,0.075465,3900.247064,3900.247064,3900.273186,3100.75,3488.4,3273,1884.7,387.6,732.15,3488.4,-0.842655063,-1.408221035,2885.45,-44.5,4263.6,0,0,141.05,1.3895,3.353,1.228,2.4955,0.226009832,3.250095102,-0.360192808,3.198972826,-1.698437117,-1.343790213,0.017726954,-1.507922637,-1.962173238,0.134364242,0.09255423,-0.86798122,-0.771366041,0.856443787,-0.613543137,0.205324005,0.217440472,-1.207614137,-0.192175291,-0.303462896,1.323,4.428571429,3.969,3.528,-1.685164023,3.381,97.874,2.5588,97.874,98.44969559,5.5578,-1.154578853,-1.058809141,2.999,-1.585016046,2.677917566,-1.056246788,-1.023367113,Ruficollis_Salta,NA,-0.771431926,-614.3385832,5187.510856,-942.1550041,1109.973437,-503.4347669,634.97428,151.6178041,140.9470055,-444.8282279,375.6683604,137.2411415,758.2933215,-853.8236782,50.71385612,134.7187324,91.44165035,-65.51553076,156.4643777,154.9417802,148.1254465,122.9845455,1.58E-11
C_19_149_B.wav_Ruficollis_simple_253,H:\Sporophila_vocalizations\M-F consolidated\converted_sound_files\C_19_149_B.wav,Ruficollis_final_kjochecked_CecilasImageCorrections.txt,Ruficollis,Salta,No year,simple,253,C_19_149,C_19_149_B.wav,D:/Sporophila_vocalizations/Salta/No year/Ruficollis,C_19_149_B.wav_1672,NANA,C_19_149_B.wav,1,1,3924.497404,3924.540941,3924.474184,3924.607699,0.2359225,0.133515,0.0435375,3924.500306,3924.500306,3924.517721,3186.9,3402.2,3316.1,1843.4,215.35,689.1,3402.2,-1.095140502,-1.63658585,2885.45,-29.65,4435.8,0,0,141.55,1.426,3.018,1.219,3.352,0.235922543,3.313256001,-0.489286793,3.280085362,-1.370928428,-1.276651855,-0.47230654,-1.391799368,-0.843617151,0.130994719,0.068862506,-0.600807042,-0.694934653,0.841837621,-0.676603683,-0.137588263,0.181400622,-1.205900436,-0.192175291,-0.303462896,1.323,4.333333333,2.94,3.528,2.21334976,3.381,122.09,2.5313,122.09,122.6966607,5.4202,-1.154578853,-0.884938131,2.8889,-1.506694555,2.205468258,-0.949014799,-0.865481705,Ruficollis_Salta,NA,-1.159218085,-909.7506331,4532.804677,-1097.12836,621.9114872,19.81957589,642.8021333,330.937846,-237.6010431,-770.1101783,899.7479204,326.5381196,495.0569748,-360.0424701,59.62404652,205.1367806,100.0423673,73.66936945,-305.4691609,-250.8314813,22.74901628,-15.56819664,-4.90E-12
C_19_149_B.wav_Ruficollis_simple_255,H:\Sporophila_vocalizations\M-F consolidated\converted_sound_files\C_19_149_B.wav,Ruficollis_final_kjochecked_CecilasImageCorrections.txt,Ruficollis,Salta,No year,simple,255,C_19_149,C_19_149_B.wav,D:/Sporophila_vocalizations/Salta/No year/Ruficollis,C_19_149_B.wav_1677,NANA,C_19_149_B.wav,1,1,3929.431644,3929.518719,3929.420034,3929.579671,0.2359225,0.1596375,0.087075,3929.428742,3929.428742,3929.478084,3143.85,3574.5,3316.1,1788.4,430.65,861.35,3660.6,-0.338269999,-1.294038627,2885.45,-37.1,4220.5,0,0,138.9,1.374,3.466,1.245,2.665,0.235922543,3.266438194,-0.406429553,3.232759974,-1.592209891,-1.392087314,-0.318827702,-1.121379997,-1.430375205,0.15094615,0.099474302,-0.899414084,-0.687578425,0.862016672,-0.614974155,0.335065807,0.233618426,-1.137993046,-1.106271527,-0.303462896,1.617,3.541666667,3.822,2.793,-3.79426868,3.381,127.054,2.4762,127.054,127.6446956,5.2276,-1.154578853,-0.884938131,2.7514,-1.547075819,2.405872287,-1.102697005,-0.865481705,Ruficollis_Salta,NA,-1.317880371,-653.3032919,4642.763524,-1405.327988,1271.215129,-107.3477667,697.4905475,554.067244,-110.8386494,-603.3324872,153.9905468,770.870389,446.2159441,-309.4158473,-374.42651,148.2086287,389.6869406,-112.9183516,391.7521454,114.2376547,179.4067988,150.0038305,-7.65E-12
C_19_149_B.wav_Ruficollis_simple_256,H:\Sporophila_vocalizations\M-F consolidated\converted_sound_files\C_19_149_B.wav,Ruficollis_final_kjochecked_CecilasImageCorrections.txt,Ruficollis,Salta,No year,simple,256,C_19_149,C_19_149_B.wav,D:/Sporophila_vocalizations/Salta/No year/Ruficollis,C_19_149_B.wav_1679,NANA,C_19_149_B.wav,1,1,3933.747653,3933.823118,3933.736043,3933.878266,0.22601,0.1422225,0.075465,3933.750556,3933.750556,3933.762166,3143.85,3574.5,3445.3,1788.4,430.65,818.25,3574.5,-0.590462531,-1.294038627,2885.45,-29.65,4177.45,0,0,140.4,1.364,3.4665,1.2295,2.026,0.226009831,3.301071257,-0.242391211,3.251109359,-1.563550838,-1.122707428,0.306188105,-1.441869108,-1.85682312,0.140434991,0.096710953,-1.358403435,-0.969577972,0.874530832,-0.61415753,0.626844219,0.219082532,-1.110085902,-0.192175291,-0.303462896,1.323,5.166666667,3.528,2.94,-2.246885364,3.381,131.369,2.4762,131.369,131.9596956,5.2276,-1.154578853,-1.05880915,2.7514,-1.547075819,2.405872287,-0.91185462,-0.865481705,Ruficollis_Salta,NA,-0.905637233,-155.2228685,4978.994918,-739.7842328,1568.130471,-143.9852404,548.1607742,30.21321424,278.5089457,-291.1620514,274.6706028,43.023685,673.9000671,-598.9017002,-100.2078351,61.38648867,228.9009069,-166.1027926,204.1991285,128.6307436,39.34436994,109.2839787,-8.95E-12
C_19_149_B.wav_Ruficollis_simple_262,H:\Sporophila_vocalizations\M-F consolidated\converted_sound_files\C_19_149_B.wav,Ruficollis_final_kjochecked_CecilasImageCorrections.txt,Ruficollis,Salta,No year,simple,262,C_19_149,C_19_149_B.wav,D:/Sporophila_vocalizations/Salta/No year/Ruficollis,C_19_149_B.wav_1695,NANA,C_19_149_B.wav,1,1,3954.274093,3954.320533,3954.239263,3954.395998,0.2616955,0.156735,0.04644,3954.291508,3954.291508,3954.297313,4048.25,4306.6,4134.35,2159.85,258.4,1033.6,4177.4,1.175471005,-1.773604739,3488.4,-37.1,5211,0,0,145.85,1.3705,3.533,1.0705,2.241,0.261695594,4.105570459,0.039419554,4.082326463,1.439955769,1.092210434,-0.134339277,-1.108205552,-0.933142219,0.139120961,0.078615261,-0.544967397,-0.643686501,0.867446307,-0.618942673,0.461672771,0.227852311,1.429289862,1.63601718,1.336206766,1.764,2.9,5.292,3.969,-5.142715878,4.116,151.67,3.0265,151.67,152.6655908,5.7229,-1.154578853,-0.432873485,2.6964,-0.522954619,-0.693936716,2.298692788,0.397968309,Ruficollis_Salta,NA,-0.964542466,3292.11783,751.48342,1112.703772,-739.7197672,1170.298891,-2552.756586,-1342.532193,229.801268,-1370.882972,864.4621689,485.0589484,548.2740723,325.7269671,-2.469100909,222.1768443,37.65145419,-11.94684461,-279.9004359,96.14625061,16.54970356,-189.8727987,1.31E-12
C_19_149_B.wav_Ruficollis_simple_265,H:\Sporophila_vocalizations\M-F consolidated\converted_sound_files\C_19_149_B.wav,Ruficollis_final_kjochecked_CecilasImageCorrections.txt,Ruficollis,Salta,No year,simple,265,C_19_149,C_19_149_B.wav,D:/Sporophila_vocalizations/Salta/No year/Ruficollis,C_19_149_B.wav_1704,NANANA,C_19_149_B.wav,1,1,3965.182634,3965.242619,3965.159414,3965.321954,0.248478667,0.16254,0.059985,3965.188439,3965.188439,3965.201984,3617.566667,4019.533333,3789.833333,1935.1,401.9666667,918.7333333,3933.4,0.460779045,-1.560464245,3215.633333,-34.63333333,4794.733333,4.933333333,0.666666667,143.9333333,1.355666667,3.517,1.206,1.894333333,0.248478645,3.749276855,-0.053249405,3.726881896,0.03320444,0.135790675,0.277248987,-1.301540929,-1.15475674,0.152390149,0.095910796,-1.31110121,-0.983203291,0.879014045,-0.485012865,0.736927609,0.237701151,0.332564934,0.874270317,0.477332181,1.47,7.341269841,4.557,3.381,-4.223764582,3.871,162.508,2.5588,162.508,163.8124861,5.8329,0.332378761,-0.66470151,3.2741,0.258349126,-0.530953054,0.443979589,1.345830881,Ruficollis_Salta,NA,0.542233182,1517.42197,982.1017591,2557.87528,997.9403938,-232.8336114,-501.7446209,-352.2831206,448.5017612,-703.6628041,653.7065846,290.2780887,955.6872481,295.071683,-102.3271538,-193.0360566,13.60207515,-161.8058369,-67.50182495,-134.4260953,-48.40097332,-32.78791344,-1.85E-11
C_19_149_B.wav_Ruficollis_simple_791,H:\Sporophila_vocalizations\M-F consolidated\converted_sound_files\C_19_149_B.wav,Ruficollis_final_kjochecked_CecilasImageCorrections.txt,Ruficollis,Salta,No year,simple,791,C_19_149,C_19_149_B.wav,D:/Sporophila_vocalizations/Salta/No year/Ruficollis,C_19_149_B.wav_3175,NANA,C_19_149_B.wav,1,1,3956.308742,3956.358084,3956.291327,3956.430647,0.2425235,0.13932,0.0493425,3956.311644,3956.311644,3956.329059,3186.9,3402.2,3316.1,2260,215.35,689.05,3445.3,-0.968897782,-1.613749368,2885.45,-44.5,4392.8,7.4,1,140.65,1.504,3.1645,1.244,3.542,0.242523365,3.29018403,-0.147750696,3.25672866,-1.506466258,-1.296836563,-0.250244754,-1.456895178,-1.128088251,0.148957612,0.09199374,-0.127020972,-0.383813922,0.828382526,-0.719357823,-0.452714404,0.187181597,-1.190508715,-1.106271527,-0.303462896,1.617,5.392857143,2.646,2.646,0,3.381,153.88,2.28,153.88,154.5275327,5.12,-1.154578853,-0.769158356,2.84,-1.403314945,1.418580325,-0.682655661,-1.181435896,Ruficollis_Salta,NA,-1.319627481,-1084.599335,4021.572481,-1684.602534,865.715937,-529.5124849,-50.31658614,597.8575791,-421.1682908,-1282.669037,451.0134744,282.7175641,548.138657,7.057769201,-45.25024538,-92.71035163,-87.50621481,169.3940274,-99.44262511,-218.4153901,119.3818241,0.965560936,2.27E-11
C_19_149_C.wav_Ruficollis_simple_268,H:\Sporophila_vocalizations\M-F consolidated\converted_sound_files\C_19_149_C.wav,Ruficollis_final_kjochecked_CecilasImageCorrections.txt,Ruficollis,Salta,No year,simple,268,C_19_149,C_19_149_C.wav,D:/Sporophila_vocalizations/Salta/No year/Ruficollis,C_19_149_C.wav_1736,NANA,C_19_149_C.wav,1,1,4015.191644,4015.243889,4015.162619,4015.293232,0.234112,0.1306125,0.052245,4015.200352,4015.200352,4015.211962,3186.9,3445.3,3316.1,1678.6,258.4,646,3359.15,-1.221236767,-1.385384553,2885.45,-29.65,4263.55,0,0,129.4,1.3535,3.104,1.151,2.1195,0.234112149,3.283775923,-0.607381987,3.251625063,-1.424239262,-1.33805823,-0.520484801,-1.513845483,-1.287716678,0.131070366,0.077006663,-0.61027647,-0.687467798,0.849888293,-0.572570827,0.054309611,0.249059652,-1.050547664,-0.192175291,-0.069224373,1.47,4.642857143,4.41,3.969,-2.184583332,3.381,16.416,2.5949,16.416,17.02735514,5.1736,-1.154578853,-0.916692807,2.5787,-1.494820627,2.141764948,-0.868971025,-1.181435896,Ruficollis_Salta,NA,-1.167869425,-893.0015833,4727.958963,-1103.973713,648.3448967,-75.24270242,292.9338944,284.3844765,-302.7027898,-540.6925676,658.4773606,340.9670265,548.2214879,-426.1340178,259.9499354,163.4267905,-55.83492656,-269.4105181,-271.4398466,-25.83427098,164.9141103,19.6675829,-3.95E-12
C_19_149_C.wav_Ruficollis_simple_792,H:\Sporophila_vocalizations\M-F consolidated\converted_sound_files\C_19_149_C.wav,Ruficollis_final_kjochecked_CecilasImageCorrections.txt,Ruficollis,Salta,No year,simple,792,C_19_149,C_19_149_C.wav,D:/Sporophila_vocalizations/Salta/No year/Ruficollis,C_19_149_C.wav_3178,NANANA,C_19_149_C.wav,1,1,4017.363677,4017.454622,4017.334652,4017.518477,0.272897,0.183825,0.090945,4017.384962,4017.384962,4017.410117,3502.733333,3962.1,3646.266667,1693.333333,459.3666667,1033.6,3818.533333,0.124327064,-1.012388689,3158.2,-24.7,4536.333333,9.866666667,2.333333333,133.2666667,1.396333333,3.750333333,1.131333333,2.59,0.272897196,3.653597705,-0.01492719,3.60679432,-0.284270969,-0.138932905,0.220897754,-0.668265023,-1.088921458,0.164434593,0.106759129,-1.140718206,-0.881097392,0.897791445,-0.456582753,1.175896509,0.395714465,0.157755445,0.569571572,0.321173166,1.47,7.811111111,4.067,3.577,-1.832194333,3.773,18.087,2.4,18.087,19.51733645,5.8,0.332378761,-0.236395063,3.4,0.576668511,-0.903211354,0.697121626,1.345647507,Ruficollis_Salta,NA,0.058238288,855.912693,353.4931657,2037.04521,1518.701101,29.51540406,-829.4860316,-332.049819,491.4502378,-255.9314115,723.7553666,404.7539992,973.4381972,579.5545628,-66.54599433,138.3208342,-15.60415572,-334.1633172,123.7764436,115.5109513,-15.72039335,51.56633062,4.69E-12
C_19_151_A.wav_Ruficollis_simple_270,H:\Sporophila_vocalizations\M-F consolidated\converted_sound_files\C_19_151_A.wav,Ruficollis_final_kjochecked_CecilasImageCorrections.txt,Ruficollis,Salta,No year,simple,270,C_19_151,C_19_151_A.wav,D:/Sporophila_vocalizations/Salta/No year/Ruficollis,C_19_151_A.wav_1739,NANA,C_19_151_A.wav,1,1,4115.005522,4115.075182,4114.979399,4115.136134,0.2247765,0.156735,0.06966,4115.002619,4115.002619,4115.040352,3143.85,3402.25,3229.95,1628,258.4,775.2,3445.3,-0.968897782,-1.294038627,2885.45,-29.65,4177.45,0,0,129.3,1.4915,3.3645,1.29,2.9825,0.224776646,3.302977653,0.187297299,3.237181914,-1.556858817,-1.333899066,-0.24260222,-1.368927354,-1.382260179,0.134925408,0.082579394,-0.815650378,-0.770128894,0.891599988,-0.497251308,1.029711313,0.447933998,-1.136375819,-0.192175291,-0.303462896,1.323,3.428571429,3.822,3.087,-3.245930775,3.381,0.503,2.5775,0.503,1.070229224,5.24,-1.154578853,-1.08043947,2.6625,-1.606430446,2.794155094,-1.114003642,-1.023367113,Ruficollis_Salta,NA,-1.140364816,-368.3958907,5011.831388,-1292.941665,1440.622368,-234.9674706,667.1208431,201.2780509,257.1768283,118.1867431,667.4377402,598.6181772,219.6433097,-662.180582,326.641374,326.2267021,72.20386976,5.237540354,49.69932127,-155.7351897,-19.92548405,-11.4539027,7.33E-12
C_19_151_A.wav_Ruficollis_simple_276,H:\Sporophila_vocalizations\M-F consolidated\converted_sound_files\C_19_151_A.wav,Ruficollis_final_kjochecked_CecilasImageCorrections.txt,Ruficollis,Salta,No year,simple,276,C_19_151,C_19_151_A.wav,D:/Sporophila_vocalizations/Salta/No year/Ruficollis,C_19_151_A.wav_1748,NANA,C_19_151_A.wav,1,1,4138.251599,4138.306746,4138.234184,4138.376406,0.224027,0.1422225,0.0551475,4138.269014,4138.269014,4138.277721,3186.9,3445.3,3316.1,1602.75,258.4,732.15,3402.25,-1.094994048,0.144659707,2885.45,-22.25,3703.7,37.1,1,131.45,1.58,3.111,1.276,3.104,0.224027289,3.219047184,-0.284352602,3.179105302,-1.725873352,-1.571159743,-0.503271647,-2.069930065,-2.123115801,0.124368145,0.085482177,-0.596250881,-0.715415945,0.843994103,-0.557014544,-0.082518185,0.311888496,-1.421781656,-0.192175291,-0.537701419,1.176,7.583333333,4.116,3.381,-2.89637567,3.381,23.76,2.5142,23.76,24.33476542,4.9655,-1.154578853,-1.093583355,2.4513,-1.58736877,2.547799128,-1.02703225,-0.549710889,Ruficollis_Salta,NA,-0.715920482,-1558.047618,5093.904676,-740.477912,703.4681356,-780.6473951,503.4763911,-183.31853,536.5557858,-100.3597754,-674.8306695,245.8858958,705.95638,-425.4425168,474.4925117,709.8576271,302.1707566,-281.9734823,24.20743808,-119.9621332,-105.5409639,26.59405391,-5.82E-12
C_19_151_A.wav_Ruficollis_simple_794,H:\Sporophila_vocalizations\M-F consolidated\converted_sound_files\C_19_151_A.wav,Ruficollis_final_kjochecked_CecilasImageCorrections.txt,Ruficollis,Salta,No year,simple,794,C_19_151,C_19_151_A.wav,D:/Sporophila_vocalizations/Salta/No year/Ruficollis,C_19_151_A.wav_3187,NANA,C_19_151_A.wav,1,1,4176.950556,4177.026021,4176.927336,4177.101486,0.246729,0.17415,0.075465,4176.950556,4176.950556,4176.982483,3143.85,3488.4,3316.1,2080,344.55,861.3,3488.4,-0.842655063,0.350188041,2885.45,-29.65,4134.4,140.95,0.5,133.15,1.656,3.548,1.287,2.8135,0.246728972,3.254749867,0.405189868,3.203265622,-1.726223373,-1.365399813,0.018966626,-1.222207681,-1.546826283,0.15285947,0.103503333,-0.552590948,-0.686037937,0.872750383,-0.425632748,0.593496352,0.361976513,-1.261473535,-0.649223409,-0.069224373,1.617,7.1875,3.234,3.822,1.408546344,3.381,62.44,2.12,62.44,63.06778505,5.32,-1.154578853,-0.695391131,3.2,-1.453263667,2.237883659,-0.953717074,-0.707596297,Ruficollis_Salta,NA,-0.985808519,-938.1154219,4015.272021,-1538.337878,1444.609388,-439.0002373,562.884298,27.87056025,624.4481575,163.728469,-624.1472884,263.9102244,395.7266181,-292.6700619,724.6346327,644.1336181,391.9215018,-347.6117584,263.2341305,-46.89931822,32.75012172,47.74210197,-2.62E-11
C_19_151_B.wav_Ruficollis_simple_281,H:\Sporophila_vocalizations\M-F consolidated\converted_sound_files\C_19_151_B.wav,Ruficollis_final_kjochecked_CecilasImageCorrections.txt,Ruficollis,Salta,No year,simple,281,C_19_151,C_19_151_B.wav,D:/Sporophila_vocalizations/Salta/No year/Ruficollis,C_19_151_B.wav_1799,NANA,C_19_151_B.wav,1,1,4242.210238,4242.253776,4242.192823,4242.31763,0.1854025,0.1248075,0.0435375,4242.224751,4242.224751,4242.230556,3273,3531.4,3359.2,1651.65,258.4,775.2,3445.3,-0.968897782,-1.065673812,2928.5,-29.65,3876,7.4,1,122,1.7905,3.3195,1.404,3.1685,0.185402566,3.300556506,0.142480175,3.263993588,-1.480841035,-1.298438113,-0.30596063,-2.660589411,-2.604822473,0.100869063,0.07073486,-0.711228144,-0.743482291,0.887913437,0.311450736,0.978985048,0.480120305,-1.14933861,-0.192175291,-0.771939942,1.029,11.6,3.969,3.381,-3.429155827,3.381,36.825,2.52,36.825,37.36922569,4.8023,-1.154578853,-1.771068969,2.2823,-1.66461439,2.794155094,-0.57739782,-1.023550488,Ruficollis_Salta,NA,-1.152162037,-348.0252228,5966.926879,-748.9228652,1423.974485,-1360.619028,-209.2079721,-689.0960895,-107.1069992,269.3975825,-75.74965647,602.0224029,142.6969477,-518.5545395,98.61269946,502.3337123,4.357222005,3.847776745,-52.76995607,-221.1788879,-120.5216005,-41.18207002,3.40E-12
C_19_151_B.wav_Ruficollis_simple_282,H:\Sporophila_vocalizations\M-F consolidated\converted_sound_files\C_19_151_B.wav,Ruficollis_final_kjochecked_CecilasImageCorrections.txt,Ruficollis,Salta,No year,simple,282,C_19_151,C_19_151_B.wav,D:/Sporophila_vocalizations/Salta/No year/Ruficollis,C_19_151_B.wav_1801,NANA,C_19_151_B.wav,1,1,4246.839717,4246.897767,4246.819399,4246.964524,0.201869,0.145125,0.05805,4246.845522,4246.845522,4246.862937,3143.85,3445.3,3316.1,1512.5,301.45,689.1,3445.3,-0.968897782,-0.768799553,2885.45,-29.65,3789.85,7.4,2,120.65,1.804,3.2605,1.2875,3.141,0.201869159,3.242568084,-0.058763971,3.216241269,-1.654169712,-1.444619769,-0.32707852,-2.353755651,-2.24428468,0.121203504,0.084518963,-0.649841416,-0.673143928,0.898843755,-0.345342418,1.205715415,0.529319166,-1.332483614,-0.649223409,-0.771939942,1.176,13.7,3.969,2.94,-5.118166664,3.381,41.429,2.4957,41.429,42.01251402,4.9535,-1.154578853,-1.48224153,2.4578,-1.565240524,2.094948507,-0.516222328,-1.181435896,Ruficollis_Salta,NA,-1.47447501,-872.9539325,5464.22369,-1089.890253,1708.884563,-842.3057876,-595.3326474,-171.5402461,189.9089647,187.8874535,-93.32517253,649.071733,156.6511415,-59.06642951,2.941699594,258.0494567,100.930392,-134.5926165,-59.14951078,-182.5735214,64.08411851,-22.06132587,6.21E-12
C_19_151_B.wav_Ruficollis_simple_283,H:\Sporophila_vocalizations\M-F consolidated\converted_sound_files\C_19_151_B.wav,Ruficollis_final_kjochecked_CecilasImageCorrections.txt,Ruficollis,Salta,No year,simple,283,C_19_151,C_19_151_B.wav,D:/Sporophila_vocalizations/Salta/No year/Ruficollis,C_19_151_B.wav_1803,NANA,C_19_151_B.wav,1,1,4253.001712,4253.074275,4252.981395,4253.132324,0.221495,0.15093,0.0725625,4253.01042,4253.01042,4253.027835,3143.85,3488.35,3316.1,1758.3,344.5,775.2,3445.3,-0.968897782,-1.362548072,2885.45,-37.1,4177.45,0,0,128.1,1.597,3.487,1.2995,3.008,0.221495327,3.277335191,0.099375358,3.224012131,-1.600935218,-1.336291665,-0.159815461,-1.687478803,-1.807938855,0.13244848,0.087836301,-0.436269365,-0.523520527,0.882926828,-0.518845399,0.826681671,0.422838216,-1.170578611,-0.192175291,-0.069224373,1.47,7.571428571,3.969,3.675,-1.165111114,3.381,47.602,2.5713,47.602,48.16833645,5.1804,-1.154578853,-1.137994484,2.6091,-1.608688588,2.677917566,-1.059424735,-1.023367113,Ruficollis_Salta,NA,-1.252089423,-349.7052939,5144.824413,-1374.843005,1192.813181,-749.4181796,304.2379704,226.3221107,282.8208337,-74.80913446,647.484627,545.4290994,426.8415171,-575.9464722,368.2874218,370.5720252,125.2303276,-102.9503564,-22.47655642,-45.04871953,138.9015179,44.54245532,-1.41E-11
C_19_151_B.wav_Ruficollis_simple_285,H:\Sporophila_vocalizations\M-F consolidated\converted_sound_files\C_19_151_B.wav,Ruficollis_final_kjochecked_CecilasImageCorrections.txt,Ruficollis,Salta,No year,simple,285,C_19_151,C_19_151_B.wav,D:/Sporophila_vocalizations/Salta/No year/Ruficollis,C_19_151_B.wav_1806,NANA,C_19_151_B.wav,1,1,4266.898855,4267.00915,4266.872733,4267.046882,0.224299,0.17415,0.110295,4266.88144,4266.88144,4266.942392,3057.7,3445.3,3186.9,1418,387.6,904.4,3703.7,-0.21202728,-0.197887515,2885.45,-29.65,4048.25,66.75,0.5,120.9,1.786,3.4835,1.299,2.9025,0.224299065,3.258037286,-0.0039644,3.201846627,-1.720025571,-1.378716685,-0.027281004,-1.236667376,-1.571591949,0.155349492,0.106443304,-0.624617527,-0.54134026,0.907598906,-0.586114789,1.398714266,0.531432624,-1.331689268,-0.649223409,-0.771939942,1.176,12.4,3.528,3.234,-1.021577624,3.381,61.48,2.4957,61.48,62.05712149,4.8401,-1.154578853,-1.088816339,2.3444,-1.581409445,2.287230318,-1.009584691,-0.391642106,Ruficollis_Salta,NA,-1.13295373,-784.8615775,4415.445925,-1225.208662,1649.727826,-398.7320861,499.2196552,-66.96441372,984.7254246,451.5015619,-145.5844288,751.3108614,120.9901235,-49.41460943,-185.8992928,332.8992619,646.0471004,-9.150121395,507.4082275,-87.02574143,227.4276424,144.8291327,1.29E-11
C_19_151_B.wav_Ruficollis_simple_286,H:\Sporophila_vocalizations\M-F consolidated\converted_sound_files\C_19_151_B.wav,Ruficollis_final_kjochecked_CecilasImageCorrections.txt,Ruficollis,Salta,No year,simple,286,C_19_151,C_19_151_B.wav,D:/Sporophila_vocalizations/Salta/No year/Ruficollis,C_19_151_B.wav_1810,NANA,C_19_151_B.wav,1,1,4275.92271,4275.989467,4275.908198,4276.067835,0.2186915,0.1596375,0.0667575,4275.925613,4275.925613,4275.948833,3186.9,3531.4,3359.2,1625.95,344.55,861.35,3531.45,-0.716558797,-1.111346775,2885.45,-37.1,4091.3,7.4,0.5,125.6,1.731,3.5345,1.282,3.1175,0.218691588,3.270530467,-0.007145869,3.234958677,-1.650061863,-1.266365123,0.11645667,-1.99645274,-2.170142528,0.13121398,0.093182405,-0.626063658,-0.590066326,0.8974613,-0.568817132,1.163288031,0.483245746,-1.291147954,-0.649223409,-0.537701419,1.323,10.75,3.822,3.234,-2.299255817,3.381,70.529,2.4579,70.529,71.08912149,4.8779,-1.154578853,-1.187172637,2.42,-1.62440837,2.584393118,-1.065272386,-0.707596297,Ruficollis_Salta,NA,-1.40917571,-382.0662061,5329.65411,-1267.259478,1683.298747,-941.3929457,190.4790048,134.8575115,577.8133828,46.13211543,186.4298946,605.7504994,449.7339136,-219.4585236,-241.2813134,422.9006858,249.7814239,-108.9185012,23.72812343,-54.41731575,148.8959276,59.57813785,7.05E-12
C_19_151_B.wav_Ruficollis_simple_287,H:\Sporophila_vocalizations\M-F consolidated\converted_sound_files\C_19_151_B.wav,Ruficollis_final_kjochecked_CecilasImageCorrections.txt,Ruficollis,Salta,No year,simple,287,C_19_151,C_19_151_B.wav,D:/Sporophila_vocalizations/Salta/No year/Ruficollis,C_19_151_B.wav_1812,NANANA,C_19_151_B.wav,1,1,4281.219762,4281.295227,4281.175257,4281.335862,0.220560667,0.160605,0.075465,4281.264267,4281.264267,4281.254592,3474,3761.133333,3617.566667,1626,287.1,832.6,3588.866667,-0.548381625,-1.240753504,3273.033333,-19.76666667,4478.9,0,0,127.1,1.540666667,3.294333333,1.300333333,2.174,0.220560747,3.705311793,-0.088732884,3.651728089,-0.052880546,-0.065494344,-0.059407289,-0.717394791,-0.60347339,0.154643245,0.088148042,-0.724081837,-0.71329366,0.87496511,-0.602159561,0.637414976,0.383155295,0.344586767,1.178969063,0.16501415,1.176,5.133333333,4.557,3.479,-4.819953712,3.773,75.523,2.5713,75.523,76.63929907,5.7476,0.332378761,-1.154387205,3.1763,-0.217641472,-0.138279709,-0.058665616,1.187762099,Ruficollis_Salta,NA,0.402433488,690.0676593,1238.280817,2039.647126,389.6462925,-147.2520227,88.42013481,-276.4061295,685.235265,-373.7304116,1216.220395,95.79945669,168.8636025,448.1962052,369.2966603,70.4762389,-478.6339656,-64.71244702,-103.219583,-24.27694969,-77.18516001,-122.2541125,2.32E-12
C_19_151_B.wav_Ruficollis_simple_288,H:\Sporophila_vocalizations\M-F consolidated\converted_sound_files\C_19_151_B.wav,Ruficollis_final_kjochecked_CecilasImageCorrections.txt,Ruficollis,Salta,No year,simple,288,C_19_151,C_19_151_B.wav,D:/Sporophila_vocalizations/Salta/No year/Ruficollis,C_19_151_B.wav_1815,NANA,C_19_151_B.wav,1,1,4293.834003,4293.90076,4293.804978,4293.961712,0.2018695,0.156735,0.0667575,4293.848515,4293.848515,4293.863028,3100.75,3359.15,3230,1550.3,258.4,689.1,3316.1,-1.347333033,-0.563271219,2885.45,-29.7,3746.75,7.4,0.5,124.75,1.665,3.194,1.3515,3.043,0.201869159,3.258743448,0.082463288,3.189240978,-1.658161517,-1.482488524,-0.415016303,-1.827587719,-1.985708793,0.126040054,0.084657642,-0.36277146,-0.58110048,0.863299425,-0.467825259,0.37104385,0.400891234,-1.369680232,-0.649223409,-0.771939942,1.176,5.266666667,3.969,3.087,-4.277505825,3.381,88.424,2.4957,88.424,88.96869159,5.067,-1.154578853,-1.48224153,2.5713,-1.663435979,2.458278556,-0.889932627,-0.865481705,Ruficollis_Salta,NA,-0.964058524,-1345.047186,5155.551198,-1182.734401,1177.616194,-974.0761275,277.6652844,-77.22608625,348.8103473,-212.3451333,-143.640525,434.3294923,94.47075632,-308.8407328,318.2782732,496.6011708,-123.093445,59.94824863,35.01938889,-51.06337224,-118.2926426,26.58470508,-1.90E-11
C_19_151_B.wav_Ruficollis_simple_795,H:\Sporophila_vocalizations\M-F consolidated\converted_sound_files\C_19_151_B.wav,Ruficollis_final_kjochecked_CecilasImageCorrections.txt,Ruficollis,Salta,No year,simple,795,C_19_151,C_19_151_B.wav,D:/Sporophila_vocalizations/Salta/No year/Ruficollis,C_19_151_B.wav_3190,NANA,C_19_151_B.wav,1,1,4270.915907,4270.997177,4270.886882,4271.043617,0.211682,0.156735,0.08127,4270.91881,4270.91881,4270.947835,3057.7,3316.1,3186.9,1920,258.4,818.3,3273.05,-1.473429299,-0.860145479,2885.45,-29.65,3876,0,0,127.6,1.7225,3.209,1.3155,2.829,0.211682243,3.263020457,0.861374856,3.182496729,-1.732448611,-1.207394234,0.432007099,-0.987792684,-0.966853858,0.151092222,0.091199004,0.066838128,-0.318563722,0.869903188,-0.404813988,0.527412125,0.454468412,-1.472308595,-1.563319645,-0.771939942,1.47,10.75,2.499,2.793,1.219302322,3.381,65.489,1.96,65.489,66.0611215,4.88,-1.154578853,-1.310118007,2.92,-1.594056185,2.371462532,-0.814812712,-0.391642106,Ruficollis_Salta,NA,-0.819070361,-1147.719617,3866.235068,-2027.295158,1977.545607,-1211.085508,973.5392092,2.246880853,611.1196592,-750.3000025,244.4759522,331.9007852,-507.8422421,-219.0395141,165.4506724,521.6365294,-205.904383,407.6669389,31.79711687,-206.4238877,-51.88371789,-20.65031429,2.55E-11
C_19_151_C.wav_Ruficollis_simple_292,H:\Sporophila_vocalizations\M-F consolidated\converted_sound_files\C_19_151_C.wav,Ruficollis_final_kjochecked_CecilasImageCorrections.txt,Ruficollis,Salta,No year,simple,292,C_19_151,C_19_151_C.wav,D:/Sporophila_vocalizations/Salta/No year/Ruficollis,C_19_151_C.wav_1821,NANANA,C_19_151_C.wav,1,1,4350.235272,4350.312672,4350.210117,4350.376527,0.237383,0.16641,0.0774,4350.246882,4350.246882,4350.268167,3617.6,3990.8,3761.1,1651.133333,373.2666667,976.1666667,3904.666667,0.376617232,-1.088510294,3273.033333,-24.7,4507.633333,0,0,134.8333333,1.384666667,3.663666667,1.147333333,1.765333333,0.237383177,3.719297228,-0.107389002,3.685661944,-0.022418167,0.016075188,0.085936786,-1.385638396,-1.545187796,0.142293545,0.09290764,-1.397051668,-0.982708899,0.888564946,-0.43433422,0.961756462,0.368086055,0.258561057,1.178969063,0.321173166,1.274,3.711111111,4.655,3.871,-3.497796574,3.871,26.224,2.5335,26.224,27.46912149,5.7854,0.332378761,-0.859318302,3.2519,0.108195347,-0.489748036,0.318463312,1.819487106,Ruficollis_Salta,NA,0.809708252,1284.276531,1196.829794,2999.373752,933.8236195,-414.0471262,-337.4329671,-725.2682429,888.359064,-357.180533,452.6457746,436.3370519,1015.051565,451.0123718,57.64547051,-65.60140176,46.20684533,-256.0695597,49.84547398,12.36638819,-166.9928132,-9.844654634,-1.05E-11
C_19_154_B.wav_Ruficollis_simple_316,H:\Sporophila_vocalizations\M-F consolidated\converted_sound_files\C_19_154_B.wav,Ruficollis_final_kjochecked_CecilasImageCorrections.txt,Ruficollis,Salta,No year,simple,316,C_19_154,C_19_154_B.wav,D:/Sporophila_vocalizations/Salta/No year/Ruficollis,C_19_154_B.wav_1957,NANANA,C_19_154_B.wav,1,1,4720.659339,4720.715454,4720.614834,4720.738674,0.192967333,0.12384,0.056115,4720.667079,4720.667079,4720.680624,3072.066667,3703.7,3301.733333,1769.733333,631.6333333,1033.6,3502.7,-0.800769428,-2.184661406,2928.5,-29.66666667,4277.9,4.933333333,1,137.7,1.567666667,3.659,1.297,2.652333333,0.192967458,3.541275559,0.686799512,3.542173961,-1.060857176,-0.107317609,1.866509504,-0.479620395,-0.107347056,0.152180189,0.076671241,-2.352309706,-1.116138003,0.940319323,0.022445829,2.189707116,0.567363403,-0.104497648,-0.344524664,-0.147303881,1.47,11.05555556,4.361,3.087,-7.264124022,3.675,48.924,2.5818,48.924,49.95083526,5.3091,0.332378761,-1.638379207,2.7273,-0.443926625,0.309509713,-0.09083591,-0.233756698,Ruficollis_Salta,NA,-0.981153984,1540.550933,2308.421667,478.0870481,3622.536044,210.2464774,241.7723956,118.3218869,-190.9075038,-42.0269269,1701.417822,-810.4647266,-845.2574995,514.3984494,-354.214554,-513.7946892,-285.6000635,-448.5760576,207.8070408,-230.9994853,-119.6984918,-254.5645829,-1.70E-12
C_19_154_B.wav_Ruficollis_simple_318,H:\Sporophila_vocalizations\M-F consolidated\converted_sound_files\C_19_154_B.wav,Ruficollis_final_kjochecked_CecilasImageCorrections.txt,Ruficollis,Salta,No year,simple,318,C_19_154,C_19_154_B.wav,D:/Sporophila_vocalizations/Salta/No year/Ruficollis,C_19_154_B.wav_1994,NANA,C_19_154_B.wav,1,1,4746.756633,4746.80017,4746.70729,4746.82339,0.1546385,0.1161,0.0435375,4746.768243,4746.768243,4746.771145,3186.9,3789.8,3445.3,1945.45,602.95,1119.7,3574.5,-0.590462531,-3.052447703,2971.55,-51.95,4435.85,7.4,0.5,138.55,1.6185,3.847,1.336,2.2325,0.154638305,3.632687527,0.948804952,3.62092031,-0.741119448,0.124247595,1.80890819,-1.540452585,-1.561348143,0.122057454,0.072965154,-0.744625093,-0.282139946,0.927128869,0.577861147,1.90672966,0.565667525,0.041761353,0.264872827,0.16501415,1.47,4.333333333,3.675,3.087,-4.062861225,3.528,75.253,2.5091,75.253,75.72255102,5.4182,-1.154578853,-2.31068048,2.9091,-1.853492672,2.853988838,-0.703944591,-0.233756698,Ruficollis_Salta,NA,-1.416616366,2798.533102,4850.543816,-1068.739786,1900.910955,-1520.693182,632.7029935,-862.3040377,351.2539848,-234.5213742,1966.301976,-164.3257924,-789.5878094,-318.114837,-383.1013228,310.5433426,-284.9303201,-12.37238821,16.1629832,-106.8072472,138.7676808,56.65622158,8.47E-12
C_19_155_C.wav_Ruficollis_simple_622,H:\Sporophila_vocalizations\M-F consolidated\converted_sound_files\C_19_155_C.wav,Ruficollis_final_kjochecked_CecilasImageCorrections.txt,Ruficollis,Salta,No year,simple,622,C_19_155,C_19_155_C.wav,D:/Sporophila_vocalizations/Salta/No year/Ruficollis,C_19_155_C.wav_2744,NANA,C_19_155_C.wav,1,1,4917.951554,4918.012506,4917.934139,4918.053141,0.1752335,0.1190025,0.0609525,4917.974774,4917.974774,4917.983481,3359.15,3919,3617.6,1868.95,559.85,1205.85,3574.5,-0.590462531,-2.595718073,2971.55,-29.7,4392.8,0,0,142.45,1.387,3.86,0.7,2.3105,0.175233645,3.622460043,0.436428342,3.594271574,-0.626087989,0.01922315,1.310820699,-1.614129467,-1.52970596,0.121909749,0.072242566,-2.202495445,-1.076452605,0.905892272,-0.076583475,1.381655321,0.330401903,-0.014728647,0.264872827,-0.069224373,1.323,1.675,3.969,3.234,-4.176672628,4.116,33.44,2.5243,33.44,33.94702804,4.9515,-1.154578853,-1.949433947,2.4272,-1.758700225,2.287230318,-0.739692817,0.240082901,Ruficollis_Salta,NA,-0.880097748,2257.837422,4822.596222,173.5901875,2075.18041,-316.7554585,975.3504707,-752.9706013,451.6671018,-653.6940849,1220.722703,-207.8400713,-109.4808201,-66.54761754,-512.6481732,63.5815754,-318.5709358,-295.5370845,-14.47754353,-94.35858671,-461.0977541,-30.01835923,2.23E-11
C_19_159.wav_Ruficollis_simple_331,H:\Sporophila_vocalizations\M-F consolidated\converted_sound_files\C_19_159.wav,Ruficollis_final_kjochecked_CecilasImageCorrections.txt,Ruficollis,Salta,No year,simple,331,C_19_159,C_19_159.wav,D:/Sporophila_vocalizations/Salta/No year/Ruficollis,C_19_159.wav_2027,NA,C_19_159.wav,1,1,5344.56017,5344.62983,5344.519535,5344.670465,0.198254,0.15093,0.06966,5344.58339,5344.58339,5344.589195,3789.8,4134.4,3962.1,1793.1,344.5,1119.7,3962.1,0.544843222,-1.773604739,3359.2,-89,4651.2,74.2,12,131.3,2.056,3.625,1.465,2.857,0.198254238,4.054386706,0.035391929,4.034404789,1.335256273,0.961851153,-0.253698532,-1.009276693,-0.924945282,0.143491508,0.082836885,0.232885214,-0.039889286,0.871943379,-0.579687468,0.568015882,0.384328506,1.503141496,1.178969063,0.633491196,1.47,12.6,4.851,3.381,-7.414721697,3.969,22.564,3.2414,22.564,22.76225424,5.0345,-2.641536467,-1.545647992,1.7931,-2.53969677,0,0,-1.497390087,Ruficollis_Salta,NA,-2.353845452,3097.595009,3287.767766,-1688.659086,-1794.82732,1140.536706,-1787.741775,-850.80073,315.4113509,-635.4977909,899.9544285,210.1744371,-505.6411842,1366.520203,29.90723743,-659.0559427,-824.8342499,210.2953776,-91.4726779,54.84769353,78.1968038,314.9122211,-3.23E-12
C_19_159.wav_Ruficollis_simple_333,H:\Sporophila_vocalizations\M-F consolidated\converted_sound_files\C_19_159.wav,Ruficollis_final_kjochecked_CecilasImageCorrections.txt,Ruficollis,Salta,No year,simple,333,C_19_159,C_19_159.wav,D:/Sporophila_vocalizations/Salta/No year/Ruficollis,C_19_159.wav_2028,NA,C_19_159.wav,1,1,5344.914274,5344.983934,5344.891054,5345.065204,0.313242,0.17415,0.06966,5344.925884,5344.925884,5344.943299,4048.2,4220.5,4134.4,4069,172.3,430.7,4134.4,1.049521192,-0.631780664,3617.6,-252.2,6718.4,237.4,3,144,1.56,2.97,1.233,4.401,0.313241696,4.1453481,1.874120503,4.053208163,1.452495404,0.932020665,-0.565644789,-0.565682563,-0.398657888,0.176229249,0.106012908,1.317084295,0.469563945,0.768001045,-0.129687925,-1.837576949,0.143190116,2.087156649,1.178969063,4.381307566,3.822,7.153846154,4.263,5.145,2.8157171,4.263,22.925,3.3793,22.925,23.2382417,7.4483,-2.641536467,0.471255807,4.069,-2.248853417,0,0,-2.761023475,Ruficollis_Salta,NA,-2.353845452,4230.700713,1083.037124,-3761.320789,-3495.535659,905.4850225,-1890.576688,316.3553985,-907.6785939,-1647.876646,-344.8017918,-40.0149978,779.1355941,238.9023683,3114.522914,-159.8833237,-104.6411215,-705.9436621,64.96917033,-51.252542,57.48465607,-18.8059777,-1.75E-11
C_19_168_A.wav_Ruficollis_simple_486,H:\Sporophila_vocalizations\M-F consolidated\converted_sound_files\C_19_168_A.wav,Ruficollis_final_kjochecked_CecilasImageCorrections.txt,Ruficollis,Salta,No year,simple,486,C_19_168,C_19_168_A.wav,D:/Sporophila_vocalizations/Salta/No year/Ruficollis,C_19_168_A.wav_2293,NANA,C_19_168_A.wav,1,1,6560.197358,6560.240896,6560.139309,6560.278628,0.2425235,0.13932,0.0435375,6560.217676,6560.217676,6560.217676,3186.9,3445.3,3316.1,1233.8,258.4,646,3316.1,-1.347333033,-0.860145479,2971.55,-14.8,3875.95,0,0,128.7,1.313,3.1215,1.2295,1.654,0.242523364,3.365532828,-0.639993296,3.369189775,-1.22204168,-0.967345073,0.011550195,0.523551475,1.242900206,0.176136737,0.076096166,-2.391443757,-1.185630216,0.908764185,-0.245654276,1.44100073,0.325974213,-1.06021838,-0.192175291,-1.006178465,0.882,4.75,3.234,3.087,-0.472342343,3.528,5.48,2.567,5.48,6.096214953,4.1255,-1.154578853,-0.769158356,1.5585,-1.482528466,2.853988838,-0.984124898,-1.813344277,Ruficollis_Salta,NA,-1.062120875,-832.5296747,3788.765292,-1507.21048,1965.677254,2503.985893,1939.341125,112.0685112,-429.5688662,794.3073933,1184.19457,-172.793717,-1146.473312,-1041.255802,-308.0873363,-288.1304824,73.11767348,-275.543856,-146.5573595,-212.1154421,-296.6510092,-116.619012,4.65E-12
C_19_168_A.wav_Ruficollis_simple_487,H:\Sporophila_vocalizations\M-F consolidated\converted_sound_files\C_19_168_A.wav,Ruficollis_final_kjochecked_CecilasImageCorrections.txt,Ruficollis,Salta,No year,simple,487,C_19_168,C_19_168_A.wav,D:/Sporophila_vocalizations/Salta/No year/Ruficollis,C_19_168_A.wav_2295,NANA,C_19_168_A.wav,1,1,6563.395907,6563.477177,6563.366882,6563.517812,0.2495325,0.15093,0.08127,6563.459762,6563.459762,6563.448152,3186.9,3574.5,3402.2,1450.2,387.6,689.1,3316.1,-1.347333033,-0.837308997,2842.4,-14.8,3876,7.4,0.5,142.2,1.3235,3.295,1.2305,1.548,0.24953271,3.358649436,-0.480762975,3.368420776,-1.319711413,-0.893718246,0.395056661,-0.112601546,-0.048153976,0.169018868,0.092434486,-2.090329235,-1.176499053,0.892971146,-0.230702002,1.073336784,0.233445772,-0.910380324,-1.106271527,-0.771939942,1.323,5.05,3.381,2.94,-1.739043314,3.528,8.707,2.3939,8.707,9.377626168,4.0822,-1.154578853,-0.646212986,1.6883,-1.344903542,2.048932347,-0.595300648,-1.655275495,Ruficollis_Salta,NA,-0.982451833,-735.653584,3678.250379,-1467.858846,2373.379554,1475.876684,1067.206296,74.98041141,-473.3144228,58.36858766,313.6750611,-197.6128458,-512.9198994,-619.6989962,-446.4732165,-327.1971727,-327.7059541,-481.3926681,-91.40879499,127.4216892,-125.3783805,-67.87194666,-1.29E-11
C_19_82_A.wav_Ruficollis_simple_833,H:\Sporophila_vocalizations\M-F consolidated\converted_sound_files\C_19_82_A.wav,Ruficollis_final_kjochecked_CecilasImageCorrections.txt,Ruficollis,Entre_Rios,No year,simple,833,C_19_82,C_19_82_A.wav,D:/Sporophila_vocalizations/Entre_Rios/No year/Ruficollis,C_19_82_A.wav_3417,NANANANA,C_19_82_A.wav,1,1,6789.881894,6789.951554,6789.841259,6790.015408,0.23901875,0.17415,0.06966,6789.909467,6789.909467,6789.91237,3574.525,3832.9,3682.175,1103.225,258.375,473.725,3682.175,-0.275075413,0.418697485,3423.8,-25.95,4026.7,18.525,8.25,111.7,1.637,2.437,1.264,2.71575,0.239018691,3.659645673,-0.559172207,3.678001855,0.118379967,-0.218490479,-0.792436055,-0.682018816,-0.579712963,0.164470486,0.097543598,1.256099874,1.051603402,0.829621751,-0.285785015,-0.40760256,0.452169864,-0.049408504,0.493396886,-0.771939942,0.8085,33.15,3.822,3.4545,-1.265192654,3.822,36.924,2.3887,36.924,38.90619626,5.5466,1.819336374,-0.83063105,3.1579,1.972514294,-1.065091806,1.045761968,1.029693316,Ruficollis_Entre_Rios,NA,1.345494348,-1668.142944,-1490.993035,2563.273812,-815.4816309,-1916.359181,-1465.040754,192.7427221,295.1971059,62.6038356,221.85346,194.1025837,-445.9052377,-305.4147877,-248.2047506,321.4257537,-148.0487567,179.4728359,-83.03436959,-81.3417938,37.93651279,126.8305673,-9.38E-12
C_19_82_A.wav_Ruficollis_simple_834,H:\Sporophila_vocalizations\M-F consolidated\converted_sound_files\C_19_82_A.wav,Ruficollis_final_kjochecked_CecilasImageCorrections.txt,Ruficollis,Entre_Rios,No year,simple,834,C_19_82,C_19_82_A.wav,D:/Sporophila_vocalizations/Entre_Rios/No year/Ruficollis,C_19_82_A.wav_3421,faintfaintfaint,C_19_82_A.wav,1,1,6784.936527,6785.015862,6784.901697,6785.087457,0.246729,0.18576,0.079335,6784.946202,6784.946202,6784.967487,3818.566667,4134.366667,3990.833333,1336,315.8333333,631.6333333,4105.666667,0.965359379,-0.098929429,3617.6,-19.76666667,4364.033333,9.866666667,2,114.7333333,1.765333333,2.796,1.350666667,3.133333333,0.246728972,3.969519658,-0.247566643,3.965007818,1.027510888,0.746584632,-0.178960209,-0.615684209,-0.58469092,0.167475272,0.100638824,0.032142483,-0.103452185,0.861695784,-0.580568039,0.329276544,0.458965526,1.058372769,1.178969063,0.16501415,1.176,30.22222222,3.969,3.871,-0.341944965,4.165,32.225,2.7126,32.225,33.61014019,5.749,0.332378761,-0.695391131,3.0364,0.462351414,-0.801870574,0.857437405,0.7139225,Ruficollis_Entre_Rios,NA,0.670394941,1318.121608,-457.7139889,2067.170036,-898.7265089,17.72704816,-1234.472899,-410.5789744,785.3097106,-98.51125232,-70.64899153,140.3624524,-119.0133869,99.5254234,-179.3542894,-104.1708239,-146.525873,112.577749,59.64057177,-44.08615743,154.6755637,79.90118931,-5.39E-12
C_19_82_B.wav_Ruficollis_simple_505,H:\Sporophila_vocalizations\M-F consolidated\converted_sound_files\C_19_82_B.wav,Ruficollis_final_kjochecked_CecilasImageCorrections.txt,Ruficollis,Entre_Rios,No year,simple,505,C_19_82,C_19_82_B.wav,D:/Sporophila_vocalizations/Entre_Rios/No year/Ruficollis,C_19_82_B.wav_2315,NANANA,C_19_82_B.wav,1,1,6851.958991,6852.013171,6851.918356,6852.071221,0.231775667,0.152865,0.05418,6851.982211,6851.982211,6851.986081,3502.733333,3703.7,3617.566667,929.9333333,200.9666667,430.6666667,3617.566667,-0.464317448,0.433921806,3359.2,-14.8,3933.366667,4.933333333,1,116.8,1.396,2.207666667,1.218666667,1.994666667,0.231775701,3.577842845,-1.055450219,3.570758908,-0.229594842,-0.536222721,-0.896317812,-0.583892106,-0.269060443,0.156501155,0.083930255,1.4243584,1.267826965,0.803523942,-0.559813057,-1.025508961,0.380477622,-0.168084897,0.874270317,-0.771939942,0.686,29.86666667,3.479,3.479,0,3.773,21.177,2.7126,21.177,22.55776635,5.7272,0.332378761,-0.957674597,3.0146,0.451288469,-0.747901569,1.052299345,0.871807908,Ruficollis_Entre_Rios,NA,0.951789496,-2100.431689,-419.2526383,1379.892642,-1744.16209,-1173.112208,-1124.400665,-715.6730173,711.0067749,-635.3401965,504.4357406,28.06207627,-309.4049316,-11.67124176,-72.14909148,78.92759814,12.90292967,85.3567348,41.6422921,-133.3599935,194.1964921,74.83948643,-1.19E-11
C_19_82_B.wav_Ruficollis_simple_507,H:\Sporophila_vocalizations\M-F consolidated\converted_sound_files\C_19_82_B.wav,Ruficollis_final_kjochecked_CecilasImageCorrections.txt,Ruficollis,Entre_Rios,No year,simple,507,C_19_82,C_19_82_B.wav,D:/Sporophila_vocalizations/Entre_Rios/No year/Ruficollis,C_19_82_B.wav_2317,NANANA,C_19_82_B.wav,1,1,6861.568182,6861.647517,6861.537222,6861.695892,0.229906333,0.15867,0.079335,6861.618492,6861.618492,6861.608817,3474.033333,3761.133333,3588.866667,846.1666667,287.1,516.8,3761.133333,-0.04380129,0.555716374,3359.2,-14.8,3933.366667,9.866666667,0.666666667,116.3333333,1.306333333,2.274333333,1.110333333,1.872,0.229906542,3.589401981,-1.03178584,3.570711301,-0.25077525,-0.468314104,-0.681495731,-0.565047721,-0.483570551,0.160356773,0.091683145,-0.39655936,-0.39498887,0.82267219,-0.4537184,-0.574903412,0.404137654,1.012647061,1.63601718,-0.069224373,0.882,26.1,4.263,3.528,-2.570098043,3.675,30.809,2.7935,30.809,32.19898131,5.6406,0.332378761,-0.990460039,2.8471,0.474596296,-0.743298234,1.123640772,1.187762099,Ruficollis_Entre_Rios,NA,0.961228377,-632.7659732,26.43495043,2779.594771,-998.2815434,306.1892862,-778.1281216,-1019.442382,460.1662789,-421.4161439,114.8967117,-217.157215,196.9780219,81.69045905,402.2006682,396.4233052,-193.326167,-632.1476287,668.4721373,-256.594573,267.6998123,-17.85200707,-7.62E-12
C_19_82_B.wav_Ruficollis_simple_508,H:\Sporophila_vocalizations\M-F consolidated\converted_sound_files\C_19_82_B.wav,Ruficollis_final_kjochecked_CecilasImageCorrections.txt,Ruficollis,Entre_Rios,No year,simple,508,C_19_82,C_19_82_B.wav,D:/Sporophila_vocalizations/Entre_Rios/No year/Ruficollis,C_19_82_B.wav_2318,NANANA,C_19_82_B.wav,1,1,6865.33949,6865.403344,6865.30079,6865.438174,0.206542,0.137385,0.063855,6865.387864,6865.387864,6865.372384,3531.466667,3761.133333,3646.3,812.6666667,229.6666667,401.9666667,3617.566667,-0.464317448,0.49481909,3387.9,-9.866666667,3933.4,9.866666667,1,114.6,1.464,2.253333333,1.142666667,2.491666667,0.206542056,3.630323937,-1.050410003,3.620361917,-0.026966441,-0.378988472,-0.906248998,-0.733421181,-0.471448434,0.145862131,0.076968266,0.216998103,0.063108571,0.829551533,-0.421030851,-0.41483519,0.439830391,0.01066681,1.178969063,-0.771939942,0.588,21.5,3.871,3.479,-1.726090541,3.773,34.331,2.753,34.331,36.0121028,5.5108,0.332378761,-1.40027795,2.7578,1.21094401,-1.356073608,2.86219433,1.029693316,Ruficollis_Entre_Rios,NA,1.308210794,-1714.659087,-665.550611,2979.875805,-490.3862817,-154.5526532,-2262.932493,-1703.281695,371.8813033,-875.7280995,247.487634,-31.95344398,-540.3801122,-276.5064162,100.9247205,273.1538038,-80.97025548,19.65153727,-17.7620899,-84.83073454,61.32383621,168.5590122,-9.83E-12
C_19_82_B.wav_Ruficollis_simple_509,H:\Sporophila_vocalizations\M-F consolidated\converted_sound_files\C_19_82_B.wav,Ruficollis_final_kjochecked_CecilasImageCorrections.txt,Ruficollis,Entre_Rios,No year,simple,509,C_19_82,C_19_82_B.wav,D:/Sporophila_vocalizations/Entre_Rios/No year/Ruficollis,C_19_82_B.wav_2319,NANANA,C_19_82_B.wav,1,1,6873.886368,6873.946353,6873.851538,6873.988923,0.209345667,0.137385,0.059985,6873.925068,6873.925068,6873.915393,3560.166667,3732.4,3617.566667,1052.333333,172.2666667,430.6666667,3646.266667,-0.38025327,0.418697485,3387.9,-14.8,3904.666667,4.933333333,0.333333333,117.4666667,1.372666667,2.238333333,1.238666667,1.787666667,0.209345795,3.606026151,-1.039884655,3.599652421,-0.101196616,-0.458133517,-0.957218708,-1.250196865,-1.074999878,0.136621829,0.078693434,0.953399203,0.740133302,0.775685753,-0.168830163,-1.660298823,0.300524196,-0.358851568,0.569571572,-0.928098958,0.686,13.26666667,3.871,3.479,-1.471719294,3.773,42.741,2.5911,42.741,44.68835514,5.7272,0.332378761,-1.351099794,3.1361,1.88438896,-1.61708561,4.103202205,1.029693316,Ruficollis_Entre_Rios,NA,1.058957428,-2391.656168,-1110.673597,2740.972447,-813.7973671,-1208.602104,-3514.127868,-1972.733756,-277.9592358,-1929.837783,-109.5959513,-143.5489784,-339.7414629,-549.4603119,-315.8062169,743.6910044,231.6826825,206.0430751,-30.51834421,-54.79109801,-125.0413818,286.6252582,-5.43E-12
C_19_82_B.wav_Ruficollis_simple_512,H:\Sporophila_vocalizations\M-F consolidated\converted_sound_files\C_19_82_B.wav,Ruficollis_final_kjochecked_CecilasImageCorrections.txt,Ruficollis,Entre_Rios,No year,simple,512,C_19_82,C_19_82_B.wav,D:/Sporophila_vocalizations/Entre_Rios/No year/Ruficollis,C_19_82_B.wav_3441,NANA,C_19_82_B.wav,1,1,6899.295771,6899.342211,6899.275454,6899.371236,0.1303735,0.0957825,0.04644,6899.318991,6899.318991,6899.318991,2799.3,2885.45,2842.35,749,86.1,215.35,2885.45,-2.608735052,0.304515078,2713.2,-14.8,2971.55,7.4,1,110.8,1.3975,1.6925,1.244,2.038,0.130373832,2.841408316,-1.291782883,2.858734394,-2.629135764,-2.7388976,-1.642259856,-2.343128829,-2.099066707,0.093322563,0.053999666,1.753081406,1.059336536,0.74117118,2.540150171,-2.365057368,0.316367806,-2.771739791,-1.563319645,-2.411609604,0.441,17.5,2.646,2.94,2.557560976,2.94,68.848,2.1862,68.848,69.47595327,3.1984,-1.154578853,-2.736284355,1.0122,-1.452838169,0.363287747,1.288004923,-2.918908883,Ruficollis_Entre_Rios,NA,-2.224762891,-5531.564507,4925.31011,-2627.160025,-308.7266876,-2825.754221,-2416.066995,-1903.522093,-3406.770213,-674.6501972,-486.9683988,-485.5441105,-1097.109795,764.934661,192.321174,45.64106241,181.3952746,391.4698968,169.4670018,68.86233491,49.88061925,256.0987874,-1.01E-11
C_19_82_B.wav_Ruficollis_simple_835,H:\Sporophila_vocalizations\M-F consolidated\converted_sound_files\C_19_82_B.wav,Ruficollis_final_kjochecked_CecilasImageCorrections.txt,Ruficollis,Entre_Rios,No year,simple,835,C_19_82,C_19_82_B.wav,D:/Sporophila_vocalizations/Entre_Rios/No year/Ruficollis,C_19_82_B.wav_3433,NANAnoice,C_19_82_B.wav,1,1,6869.908016,6869.975741,6869.871251,6870.024116,0.229906667,0.152865,0.067725,6869.921561,6869.921561,6869.937041,3502.733333,3761.133333,3646.266667,1106.6,258.4,545.5333333,3675,-0.296091457,0.373024522,3359.166667,-19.76666667,4048.233333,9.866666667,0.666666667,115.1333333,1.533333333,2.341333333,1.251,2.405666667,0.229906542,3.634111737,-0.676973991,3.610632071,-0.12553458,-0.333339891,-0.591846991,-0.511024197,-0.233315794,0.161188582,0.087968265,0.677440516,0.393777908,0.802345488,-0.2400828,-1.04065201,0.40142061,0.019107473,0.874270317,-0.615780927,0.784,23.16666667,3.283,3.577,1.349643618,3.773,39.135,2.6721,39.135,40.55058879,5.83,0.332378761,-0.990460027,3.1579,0.53936653,-0.78859439,1.246891392,1.503532915,Ruficollis_Entre_Rios,NA,1.262806799,-1440.502198,-623.3141654,2085.987142,-1063.438312,-836.3899459,-634.6649348,-1139.391193,554.1751873,-920.0525088,193.258989,-79.80910355,-156.3142462,77.81039125,79.30115346,324.2542952,-15.17861642,180.5667854,147.4728258,-211.2400289,30.70135586,69.8996772,1.73E-14
C_19_82_B.wav_Ruficollis_simple_836,H:\Sporophila_vocalizations\M-F consolidated\converted_sound_files\C_19_82_B.wav,Ruficollis_final_kjochecked_CecilasImageCorrections.txt,Ruficollis,Entre_Rios,No year,simple,836,C_19_82,C_19_82_B.wav,D:/Sporophila_vocalizations/Entre_Rios/No year/Ruficollis,C_19_82_B.wav_3438,NANANA,C_19_82_B.wav,1,1,6896.487124,6896.568394,6896.446489,6896.605159,0.238317667,0.15867,0.08127,6896.529694,6896.529694,6896.529694,3445.333333,3703.7,3531.433333,1133.6,258.3666667,459.3666667,3502.733333,-0.800671792,0.449146127,3359.2,-14.8,3933.4,14.8,2,116.0333333,1.425,2.261333333,1.234666667,2.626666667,0.238317757,3.567320965,-0.801975522,3.556859928,-0.259851735,-0.533670107,-0.828854578,0.040115889,0.231321934,0.175710464,0.094048495,1.595463313,1.431202831,0.796424851,-0.429615272,-1.185749362,0.343171836,-0.107330928,0.569571572,-0.771939942,0.784,28.11111111,3.283,3.577,1.181188395,3.675,65.705,2.5506,65.705,67.10319626,5.668,0.332378761,-0.842925576,3.1174,0.495374778,-0.736361874,1.041728578,1.029693316,Ruficollis_Entre_Rios,NA,0.98619892,-2306.716515,-1040.085389,971.4408548,-1658.536551,-1123.749723,-699.8851693,-697.5950785,629.5061603,-811.2300419,727.2059173,6.063388966,-604.5525444,-3.066426863,23.20344479,229.8663369,-193.7586964,121.330103,128.7116862,-76.129392,82.78487871,57.42845653,-4.66E-12
C_19_83_B.wav_Hypoxantha_simple_173,H:\Sporophila_vocalizations\M-F consolidated\converted_sound_files\C_19_83_B.wav,Hypoxantha_final_kjochecked_CecilasImageCorrections.txt,Hypoxantha,Entre_Rios,No year,simple,173,C_19_83,C_19_83_B.wav,D:/Sporophila_vocalizations/Entre_Rios/No year/Hypoxantha,C_19_83_B.wav_1323,NANA,C_19_83_B.wav,1,1,3146.895953,3147.000443,3146.861123,3147.104932,0.330841,0.2438095,0.10449,3146.910465,3146.910465,3146.93949,3488.4,3962.1,3703.7,1921.2,473.7,1119.75,3919,0.418600503,0.373024522,2885.45,-29.65,4435.85,81.6,0.5,117,1.5735,3.7495,1.2585,2.9615,0.330841122,3.679387536,0.968797557,3.597586012,-0.340025696,-0.142910109,0.323209765,0.089917767,-0.589788559,0.214203595,0.147459762,-1.010115656,-0.772903659,0.906557357,0.211249428,1.410078084,0.428912546,-0.185800398,-0.192175291,0.16501415,1.617,15.125,3.528,2.94,-1.456388888,3.822,11.495,2.5123,11.495,12.35573832,5.6158,-1.154578853,0.779953379,3.1035,-0.864043662,0.810825774,-0.330626683,0.397968309,Hypoxantha_Entre_Rios,NA,-0.639117005,1048.11749,935.2914544,-1009.698965,1474.54263,734.8968379,604.5141819,-707.9518648,739.1652828,717.8721358,-548.6579866,680.455834,764.7278378,192.3068876,203.193626,418.5294925,327.4948137,-116.0748191,368.8786573,19.21666078,-350.4199662,-50.26526817,2.38E-12
C_19_83_B.wav_Hypoxantha_simple_174,H:\Sporophila_vocalizations\M-F consolidated\converted_sound_files\C_19_83_B.wav,Hypoxantha_final_kjochecked_CecilasImageCorrections.txt,Hypoxantha,Entre_Rios,No year,simple,174,C_19_83,C_19_83_B.wav,D:/Sporophila_vocalizations/Entre_Rios/No year/Hypoxantha,C_19_83_B.wav_1325,NANANA,C_19_83_B.wav,1,1,3245.872944,3245.981304,3245.822634,3246.085794,0.362617,0.263159667,0.10836,3245.876814,3245.876814,3245.921319,3646.3,3875.966667,3761.1,1986.866667,229.6666667,832.6333333,3875.966667,0.292553055,0.068538102,3129.466667,-19.76666667,4277.933333,49.46666667,1,109.4,1.519666667,3.242333333,1.260333333,2.417333333,0.362616823,3.693075677,0.530933784,3.709915533,0.03336385,-0.031742293,-0.147712463,0.878098422,0.464673505,0.232559632,0.146658075,-0.17136749,-0.17851233,0.891292595,0.494175387,1.064845839,0.425539541,0.191093532,-0.649223409,0.008855135,1.666,15.25185185,4.459,3.773,-2.075467646,3.871,110.132,2.5616,110.132,111.7442056,5.6158,0.332378761,1.337305742,3.0542,1.036678994,-0.862007021,0.276989922,-0.391642106,Hypoxantha_Entre_Rios,NA,-0.296704763,200.1767875,-1725.732184,-467.9344799,1161.896799,622.9908324,-481.9930775,431.7166859,-660.7335914,922.8540817,4.047005573,641.9888706,323.8007613,21.88445988,-136.6277832,-129.7162968,-209.999783,5.679153476,179.8038167,-33.41746165,-34.24026587,36.24156869,-3.91E-12
C_19_83_B.wav_Hypoxantha_simple_177,H:\Sporophila_vocalizations\M-F consolidated\converted_sound_files\C_19_83_B.wav,Hypoxantha_final_kjochecked_CecilasImageCorrections.txt,Hypoxantha,Entre_Rios,No year,simple,177,C_19_83,C_19_83_B.wav,D:/Sporophila_vocalizations/Entre_Rios/No year/Hypoxantha,C_19_83_B.wav_1332,NANANA,C_19_83_B.wav,1,1,3272.272098,3272.382392,3272.215983,3272.483012,0.372897333,0.267029333,0.110295,3272.312732,3272.312732,3272.322407,3617.6,3875.966667,3732.4,2085.4,258.4,803.9,3761.133333,-0.04380129,-0.312069923,3072.066667,-24.7,4335.333333,0,0,113.3,1.432666667,3.275666667,1.275333333,2.577333333,0.372897196,3.707785442,0.193837581,3.698446702,0.031070934,-0.085625304,-0.279665733,1.064757961,0.628498741,0.238861786,0.149983811,0.637750795,0.85817229,0.868387111,0.615131931,0.535624325,0.319853326,0.07866478,-0.344524664,0.16501415,1.666,12.19166667,4.067,3.283,-1.918734568,3.773,136.547,2.266,136.547,138.125028,5.6158,0.332378761,1.517625623,3.3498,0.950232007,-0.750196998,-0.035949721,-0.391642106,Hypoxantha_Entre_Rios,NA,-0.438526212,-185.5904819,-1939.387939,-1059.575957,136.884565,1.480126994,-340.5227114,546.8498972,-751.7858493,832.0925182,806.4196379,597.4046171,428.0202135,-56.38005187,-203.5506083,-168.3632867,-167.6332344,-126.3713908,2.081398586,129.4652029,-32.30701436,64.47565975,-1.43E-11
C_19_83_B.wav_Hypoxantha_simple_258,H:\Sporophila_vocalizations\M-F consolidated\converted_sound_files\C_19_83_B.wav,Hypoxantha_final_kjochecked_CecilasImageCorrections.txt,Hypoxantha,Entre_Rios,No year,simple,258,C_19_83,C_19_83_B.wav,D:/Sporophila_vocalizations/Entre_Rios/No year/Hypoxantha,C_19_83_B.wav_1808,NANANA,C_19_83_B.wav,1,1,3137.604101,3137.710525,3137.555726,3137.822755,0.389719667,0.267029333,0.106425,3137.636996,3137.636996,3137.652475,3617.6,3847.266667,3703.7,3019.6,229.7,918.7666667,3761.133333,-0.04380129,-0.083705108,3072.066667,-19.76666667,4335.333333,19.8,0.333333333,103.3333333,1.514666667,3.291666667,1.261666667,3.290666667,0.389719626,3.673382119,1.297318631,3.679511263,-0.113360213,-0.102035151,-0.030108386,1.033903068,0.660035049,0.24373464,0.154283706,0.559528917,0.216276686,0.851019068,0.783026382,0.1370792,0.281369501,0.014525365,-1.563319645,0.16501415,2.058,9.375,4.263,3.283,-2.511873385,3.773,1.874,1.9412,1.874,3.48124299,6.1765,0.332378761,1.812694519,4.2353,1.024126804,-0.790816922,-0.138238744,-0.075687915,Hypoxantha_Entre_Rios,NA,-0.532709131,-67.11706133,-2323.412365,-1534.417245,1093.770165,-260.8990363,81.38180101,823.4725437,-1005.013193,238.1858322,-118.2840188,699.2562305,536.6270196,260.8573158,9.379763173,287.0903165,-360.0973091,250.5428928,167.7343247,-178.6842631,-305.3552768,-52.61577111,1.58E-11
C_19_83_B.wav_Hypoxantha_simple_259,H:\Sporophila_vocalizations\M-F consolidated\converted_sound_files\C_19_83_B.wav,Hypoxantha_final_kjochecked_CecilasImageCorrections.txt,Hypoxantha,Entre_Rios,No year,simple,259,C_19_83,C_19_83_B.wav,D:/Sporophila_vocalizations/Entre_Rios/No year/Hypoxantha,C_19_83_B.wav_1813,NANANA,C_19_83_B.wav,1,1,3168.010631,3168.122861,3167.962256,3168.221546,0.387850667,0.259289333,0.11223,3168.008696,3168.008696,3168.064811,3617.6,3875.966667,3732.4,2817.466667,258.4,918.7333333,3847.266667,0.208488877,0.616613658,2813.666667,-113.7666667,4421.5,103.8666667,1,112.8333333,1.699666667,3.306,1.278666667,3.614666667,0.387850467,3.706543655,1.48652906,3.70483665,0.037489299,0.041483875,0.029575144,1.371292458,1.055881512,0.246666631,0.150023861,0.854597979,0.409712545,0.860379419,0.736434371,0.35366745,0.33809336,-0.037990739,-2.172717135,0.477332181,2.45,19.66269841,4.263,3.185,-2.665685201,3.773,32.237,1.6667,32.237,33.89440187,5.8929,0.332378761,1.779909084,4.2262,1.150996089,-0.958601457,0.130168741,0.240082901,Hypoxantha_Entre_Rios,NA,-1.017948868,-37.67039386,-3073.00524,-2010.322048,1250.110666,-161.3131294,-82.34814702,936.0997655,-783.6310667,180.9482117,-472.6019015,935.6018343,-4.919659622,695.8564302,24.48780001,700.2837386,81.84072145,68.99852365,199.4278767,-96.9892023,-201.5003169,37.58389776,2.45E-12
C_19_83_B.wav_Hypoxantha_simple_260,H:\Sporophila_vocalizations\M-F consolidated\converted_sound_files\C_19_83_B.wav,Hypoxantha_final_kjochecked_CecilasImageCorrections.txt,Hypoxantha,Entre_Rios,No year,simple,260,C_19_83,C_19_83_B.wav,D:/Sporophila_vocalizations/Entre_Rios/No year/Hypoxantha,C_19_83_B.wav_1816,NANANA,C_19_83_B.wav,1,1,3257.633851,3257.755756,3257.568061,3257.846701,0.379439,0.278639333,0.121905,3257.653201,3257.653201,3257.686096,3531.466667,3789.833333,3703.7,2757.933333,258.4,832.6,3732.433333,-0.127865467,0.114211065,3100.766667,-19.76666667,4335.333333,54.4,2.666666667,108.3666667,1.768,3.377666667,1.351,3.298666667,0.379439252,3.596822048,1.769990696,3.659869763,-0.249401732,-0.147563041,0.12873226,1.892959869,1.547455194,0.263738965,0.158165164,0.414651597,0.095641635,0.877354094,0.682178036,0.747784885,0.391444147,0.00942371,-2.782114625,0.16501415,2.45,23.93492063,3.675,2.597,-2.393530668,3.773,121.893,1.25,121.893,123.4432243,5.6548,0.332378761,1.632374638,4.4048,0.879906664,-0.691538375,-0.264233272,-0.707596297,Hypoxantha_Entre_Rios,NA,-0.787057014,-141.0258108,-2704.578305,-2545.503925,2042.931889,321.8128387,453.6639292,1400.360024,-1115.454422,261.7910256,-284.4685647,907.4325478,-534.0752359,323.1917,62.88458296,20.90351456,-507.1411626,281.1446417,405.2634481,-151.6667074,-181.4633978,-74.83303441,-5.44E-12
C_19_86_B.wav_Hypoxantha_simple_184,H:\Sporophila_vocalizations\M-F consolidated\converted_sound_files\C_19_86_B.wav,Hypoxantha_final_kjochecked_CecilasImageCorrections.txt,Hypoxantha,Entre_Rios,No year,simple,184,C_19_86,C_19_86_B.wav,D:/Sporophila_vocalizations/Entre_Rios/No year/Hypoxantha,C_19_86_B.wav_1362,NANA,C_19_86_B.wav,1,1,3490.278447,3490.397449,3490.226202,3490.499037,0.409346,0.2728345,0.1190025,3490.290057,3490.290057,3490.330692,3617.55,3919,3789.8,2926.75,301.45,1205.85,3789.85,0.040311705,0.007640818,3229.95,-22.25,4306.65,7.4,1,112.75,1.949,3.308,1.478,4.003,0.409345795,3.928711124,2.407658939,3.755697171,0.26407188,1.2138853,2.544465692,1.088830644,0.525118799,0.242110677,0.155110934,1.2802435,0.754691732,0.856110735,0.97093374,0.26250234,0.411113027,0.284336728,-0.649223409,1.570445289,2.646,20.54166667,4.851,3.381,-3.829282377,3.969,7.252,2.5256,7.252,8.337186916,6.4087,-1.154578853,2.156941574,3.8831,-0.296334939,-0.384145362,0.318553273,0.397968309,Hypoxantha_Entre_Rios,NA,-1.071235396,2428.866421,-2626.925518,-3390.707855,942.8568821,-738.098761,173.4655625,-700.2893185,466.2289341,-305.8004109,194.2959336,-836.370186,807.5407233,367.1545627,574.3794891,742.6085295,24.0232228,-20.6830685,-325.6164915,27.05990839,-10.16623263,-137.1925649,-8.08E-12
C_19_86_B.wav_Hypoxantha_simple_185,H:\Sporophila_vocalizations\M-F consolidated\converted_sound_files\C_19_86_B.wav,Hypoxantha_final_kjochecked_CecilasImageCorrections.txt,Hypoxantha,Entre_Rios,No year,simple,185,C_19_86,C_19_86_B.wav,D:/Sporophila_vocalizations/Entre_Rios/No year/Hypoxantha,C_19_86_B.wav_1364,NANA,C_19_86_B.wav,1,1,3500.33559,3500.466202,3500.274638,3500.532959,0.407944,0.258322,0.1306125,3500.480714,3500.480714,3500.384932,3660.65,3875.95,3746.75,3546.8,215.3,1076.65,3703.7,-0.21202728,0.418697485,3316.1,-37.1,4306.65,133.5,5,114.45,2.015,2.9385,1.502,3.3105,0.407943925,3.897526839,3.305255576,3.731833232,0.185236387,1.288016117,2.891282694,1.006188298,0.621176225,0.239796785,0.151051848,3.736254055,4.38360219,0.816953852,0.938897039,-0.654707798,0.390851056,0.246250076,-1.563319645,2.038922335,3.234,22.12380952,4.851,3.675,-3.00240171,3.969,17.299,2.0197,17.299,18.37538318,6.6995,-1.154578853,2.132352493,4.6798,-0.318602663,-0.356870274,0.260796409,-0.075687915,Hypoxantha_Entre_Rios,NA,-0.355807487,1677.642481,-4128.173996,-5587.565996,-737.0914146,-3684.702098,-375.8126505,-325.9382833,1346.397318,-923.9373586,336.1739646,-795.0472503,-96.52826466,-405.4013019,759.3683049,49.1211939,57.49574192,-487.788826,-236.5974105,-85.42911965,-293.4574934,-229.9473304,3.08E-12
C_19_87.wav_Hypoxantha_simple_192,H:\Sporophila_vocalizations\M-F consolidated\converted_sound_files\C_19_87.wav,Hypoxantha_final_kjochecked_CecilasImageCorrections.txt,Hypoxantha,Entre_Rios,No year,simple,192,C_19_87,C_19_87.wav,D:/Sporophila_vocalizations/Entre_Rios/No year/Hypoxantha,C_19_87.wav_1385,NANANA,C_19_87.wav,1,1,3613.651871,3613.750556,3613.613171,3613.812475,0.364486,0.199305,0.098685,3613.692506,3613.692506,3613.704116,3703.7,3904.7,3761.1,2019.7,200.9666667,488.1,3818.533333,0.124327064,0.083762423,3301.766667,-19.76666667,4277.933333,4.933333333,0.333333333,113.5,1.612666667,2.636666667,1.258333333,3.472666667,0.364485981,3.745482642,0.052842894,3.769280903,0.416039624,0.01889246,-0.790785381,0.724157876,0.513056839,0.212134662,0.125354064,1.399591026,1.471599832,0.838499487,0.441500681,-0.169872587,0.314664107,0.097699962,-0.344524664,0.321173166,1.764,26.15555556,4.557,2.891,-4.537008044,3.969,21.199,2.6108,21.199,22.71870093,5.7635,0.332378761,1.370091172,3.1527,0.802702437,-0.832306765,-0.195230916,-0.707596297,Hypoxantha_Entre_Rios,NA,-0.764829494,-414.1558324,-1892.009411,-1453.337731,-1105.529127,-395.8659295,-804.1841768,898.7580764,-795.8251324,696.0201545,444.6338054,667.4481971,261.6962126,154.1020772,-105.962651,-113.1243169,1.298983858,-93.34681825,-145.7781319,143.8801448,-86.75701008,86.97741774,-9.91E-12
C_19_87.wav_Hypoxantha_simple_193,H:\Sporophila_vocalizations\M-F consolidated\converted_sound_files\C_19_87.wav,Hypoxantha_final_kjochecked_CecilasImageCorrections.txt,Hypoxantha,Entre_Rios,No year,simple,193,C_19_87,C_19_87.wav,D:/Sporophila_vocalizations/Entre_Rios/No year/Hypoxantha,C_19_87.wav_1388,NANANA,C_19_87.wav,1,1,3618.982785,3619.05051,3618.951825,3619.137585,0.349532333,0.18576,0.067725,3618.994395,3618.994395,3619.01181,3789.833333,3990.833333,3875.966667,1970.4,201,488.1,3933.366667,0.460681409,-0.129378071,3301.766667,-19.76666667,4364.066667,4.933333333,1.333333333,112.5,1.622333333,2.919,1.266333333,3.557666667,0.349532711,3.794674566,0.159016699,3.787240031,0.470923842,0.161100944,-0.540972469,-0.472846468,-0.480576213,0.187952746,0.119224717,0.539203337,0.370217871,0.861944652,0.266114405,0.370440654,0.361466643,0.503546614,-0.344524664,0.321173166,1.764,25.66666667,3.969,4.067,0.26479798,3.969,26.499,2.4631,26.499,28.11409346,5.468,0.332378761,1.107807711,3.0049,1.043983373,-1.031600083,0.47981367,-0.707596297,Hypoxantha_Entre_Rios,NA,-0.779810826,478.5998858,-997.5293326,-328.3245763,-126.227296,-241.9000231,-1775.307333,638.9988105,-823.4390934,541.4238443,-241.8369841,682.4362933,684.0153416,182.3144812,-269.1535896,12.82270298,-225.2131912,-202.7622799,-214.2175778,-130.9825901,28.82139438,-3.914998256,-1.15E-11
C_19_87.wav_Hypoxantha_simple_195,H:\Sporophila_vocalizations\M-F consolidated\converted_sound_files\C_19_87.wav,Hypoxantha_final_kjochecked_CecilasImageCorrections.txt,Hypoxantha,Entre_Rios,No year,simple,195,C_19_87,C_19_87.wav,D:/Sporophila_vocalizations/Entre_Rios/No year/Hypoxantha,C_19_87.wav_1392,NANA,C_19_87.wav,1,1,3647.402075,3647.48915,3647.355635,3647.564615,0.3378505,0.20898,0.087075,3647.413685,3647.413685,3647.439807,3574.5,3832.9,3660.6,2142.8,258.4,559.9,3832.9,0.166407971,-0.038032145,3230,-22.25,4220.5,7.4,1.5,107.5,1.507,3.0825,1.2625,2.8055,0.337850468,3.628049447,-0.019213413,3.610401974,-0.121723402,-0.322739856,-0.572662186,0.556174663,0.465660921,0.207070364,0.121150867,0.088373483,-0.264151262,0.847369354,0.164448359,0.026026985,0.290189552,-0.196883471,-0.649223409,0.399252673,1.911,20.6125,3.822,3.528,-0.855778922,3.822,55.276,2.4631,55.276,56.13125234,5.5172,-1.154578853,0.902898749,3.0541,-0.87791962,0.342053852,-0.518381463,-1.023550488,Hypoxantha_Entre_Rios,NA,-0.945497916,-25.95148471,492.2594571,-2016.956831,-143.9799311,1144.954128,351.3823102,205.2525894,-579.6307309,57.59620607,-198.216346,665.2666086,379.3201886,167.4929677,235.6000334,-238.967195,95.77800363,28.45322208,1.736614947,80.1129456,190.2757215,85.14660745,7.75E-12
C_19_87.wav_Hypoxantha_simple_197,H:\Sporophila_vocalizations\M-F consolidated\converted_sound_files\C_19_87.wav,Hypoxantha_final_kjochecked_CecilasImageCorrections.txt,Hypoxantha,Entre_Rios,No year,simple,197,C_19_87,C_19_87.wav,D:/Sporophila_vocalizations/Entre_Rios/No year/Hypoxantha,C_19_87.wav_1395,NANANA,C_19_87.wav,1,1,3653.657918,3653.737252,3653.621153,3653.824327,0.333645,0.203175,0.079335,3653.683073,3653.683073,3653.690812,3761.1,3990.833333,3875.966667,2069,229.6666667,488.1,3933.4,0.460779045,-0.022807824,3301.766667,-14.8,4249.2,0,0,108.5666667,1.519,2.727666667,1.258,2.917,0.33364486,3.790455891,-0.064946831,3.782721738,0.523994118,0.098038214,-0.80779688,-0.24102112,-0.39126758,0.189163943,0.118813332,1.342856127,1.560415756,0.820454037,0.104184956,-0.604398812,0.280182986,0.564876558,-0.039825918,0.477332181,1.764,16.63095238,3.969,3.087,-2.614278239,3.969,61.178,2.7094,61.178,62.68923365,5.6158,0.332378761,0.829131518,2.9064,0.781285712,-0.919303973,0.209337027,-0.707596297,Hypoxantha_Entre_Rios,NA,-0.852029404,30.65644641,-1151.279176,-806.9945835,-1611.082197,-855.014751,-1713.724277,821.9754945,-666.8847087,199.2885274,102.8322698,501.0919206,455.4143304,169.4779718,-192.3640061,-18.66311609,-8.317801015,-316.0046716,47.97058802,34.38459643,-100.2461598,43.62759564,-1.95E-11
C_19_87.wav_Hypoxantha_simple_198,H:\Sporophila_vocalizations\M-F consolidated\converted_sound_files\C_19_87.wav,Hypoxantha_final_kjochecked_CecilasImageCorrections.txt,Hypoxantha,Entre_Rios,No year,simple,198,C_19_87,C_19_87.wav,D:/Sporophila_vocalizations/Entre_Rios/No year/Hypoxantha,C_19_87.wav_1398,NANANA,C_19_87.wav,1,1,3660.283345,3660.360744,3660.244645,3660.418794,0.356075,0.17415,0.0774,3660.33172,3660.33172,3660.322045,3761.1,3933.4,3818.533333,2167.466667,172.2666667,430.6666667,3818.533333,0.124327064,0.083762423,3301.733333,-14.8,4220.5,4.933333333,1.333333333,112.3333333,1.53,2.558333333,1.260666667,2.828,0.356074766,3.808587767,-0.173272681,3.801353805,0.630347217,0.107197197,-0.998973295,0.081455123,0.13514717,0.184676427,0.104761785,1.760844325,1.633635243,0.790114533,0.328451613,-1.303850605,0.219574981,0.412112046,-0.344524664,0.477332181,1.862,15.05,4.459,3.283,-3.312451642,3.969,67.715,2.5616,67.715,69.39966355,5.8621,0.332378761,1.222556721,3.3005,1.219950383,-1.186929534,0.72019738,-0.865665079,Hypoxantha_Entre_Rios,NA,-0.868503796,-587.421465,-2026.781478,-1123.712188,-1859.591129,-712.1163846,-1898.514789,792.3361626,-1276.41358,-210.0328635,88.74253945,390.1369501,404.4108672,16.17313923,-159.6485507,205.5495112,-92.01166178,-189.0849419,-244.6399801,16.38978365,-111.1626524,87.79117505,2.57E-12
C_19_87.wav_Hypoxantha_simple_202,H:\Sporophila_vocalizations\M-F consolidated\converted_sound_files\C_19_87.wav,Hypoxantha_final_kjochecked_CecilasImageCorrections.txt,Hypoxantha,Entre_Rios,No year,simple,202,C_19_87,C_19_87.wav,D:/Sporophila_vocalizations/Entre_Rios/No year/Hypoxantha,C_19_87.wav_1410,NANANA,C_19_87.wav,1,1,3682.611266,3682.715756,3682.572566,3682.785416,0.369159,0.21285,0.10449,3682.638356,3682.638356,3682.659641,3703.7,3933.4,3789.8,2233.2,229.6666667,574.2,3847.266667,0.208488877,0.007640818,3301.766667,-19.76666667,4364.033333,4.933333333,0.333333333,117.8333333,1.350666667,2.804,1.247,2.473333333,0.369158878,3.767899662,-0.556683701,3.76988697,0.48230041,0.058537954,-0.823868784,0.651322218,0.387857107,0.212406053,0.127900114,1.496483699,1.495926301,0.781247327,0.491590423,-1.504706028,0.146865411,0.45183127,-0.649223409,0.321173166,1.862,14.01666667,4.165,3.087,-2.868365341,3.969,89.968,2.2167,89.968,91.77668224,5.468,0.332378761,1.452054752,3.2513,1.533636875,-1.346723173,1.128183951,-0.707596297,Hypoxantha_Entre_Rios,NA,-0.342432909,-902.4047475,-2696.294271,-854.583539,-1562.525194,-384.4625274,-1641.090656,522.6026715,-1524.176745,-541.1581557,61.7093606,320.8477805,456.2707608,-314.3507566,-513.1657429,31.02252934,-151.805034,-235.4515895,-42.64277973,199.1636659,64.58197702,204.2845193,-5.69E-12
C_19_87.wav_Hypoxantha_simple_265,H:\Sporophila_vocalizations\M-F consolidated\converted_sound_files\C_19_87.wav,Hypoxantha_final_kjochecked_CecilasImageCorrections.txt,Hypoxantha,Entre_Rios,No year,simple,265,C_19_87,C_19_87.wav,D:/Sporophila_vocalizations/Entre_Rios/No year/Hypoxantha,C_19_87.wav_1841,NANANA,C_19_87.wav,1,1,3711.736829,3711.835514,3711.698129,3711.901304,0.364485667,0.203175,0.098685,3711.744569,3711.744569,3711.779399,3732.4,3962.1,3847.266667,2857.133333,229.6666667,574.2333333,3904.7,0.376714867,-0.144602392,3301.766667,-24.73333333,4478.933333,9.9,1.333333333,113.1666667,1.563666667,2.816,1.26,3.957,0.364485981,3.765661343,0.933563126,3.802897199,0.566634296,0.180745081,-0.684118597,0.970695188,0.90229112,0.221375761,0.127523459,2.116399802,2.244200013,0.800121763,0.448476009,-1.06567417,0.22384154,0.385793303,-2.47741588,0.477332181,2.548,18.55555556,3.871,3.283,-1.796119985,3.969,119.293,2.0238,119.293,120.7706822,5.8929,0.332378761,1.370091172,3.8691,0.696422524,-0.77067075,-0.397469899,-0.549710889,Hypoxantha_Entre_Rios,NA,-0.742821092,-333.7372661,-2777.023257,-2736.545317,-1087.595105,-1397.154225,-350.1427059,1648.315359,-1036.873182,-675.7690065,-246.61045,1206.273318,-404.5945907,322.5173289,-495.2871316,-146.4873082,-262.5300473,84.12227609,174.7273324,0.108132252,-287.0085967,-15.13575401,7.38E-12
C_19_87.wav_Hypoxantha_simple_266,H:\Sporophila_vocalizations\M-F consolidated\converted_sound_files\C_19_87.wav,Hypoxantha_final_kjochecked_CecilasImageCorrections.txt,Hypoxantha,Entre_Rios,No year,simple,266,C_19_87,C_19_87.wav,D:/Sporophila_vocalizations/Entre_Rios/No year/Hypoxantha,C_19_87.wav_1844,NANA,C_19_87.wav,1,1,3716.240533,3716.321803,3716.176678,3716.38856,0.342056,0.2118825,0.08127,3716.266656,3716.266656,3716.281168,3531.4,4263.55,3617.6,2827.4,732.15,1205.9,3660.65,-0.338123546,-0.517598256,3273.05,-37.1,4608.1,7.4,0.5,107,1.9515,3.388,1.356,3.9305,0.342056074,3.861121722,2.376130699,3.78427799,-0.086619329,1.333563926,3.554750201,1.891966279,2.242462581,0.237267624,0.119066759,-0.280016815,-0.421284887,0.884088186,0.219194316,0.885034606,0.392749955,0.942711382,-2.020367762,0.867729719,2.646,22.86923077,4.704,3.087,-5.015043487,3.675,124.007,2.0833,124.007,124.9664299,6.0714,-1.154578853,0.976665966,3.9881,-0.614418243,-0.347664397,0.403479254,0.871807908,Hypoxantha_Entre_Rios,NA,-0.283120775,2537.280132,-2718.453524,-2682.37018,2888.912888,706.866404,1660.781794,-579.4623341,896.1570807,-1454.290321,364.2812346,-1233.219097,-855.0491761,576.8849715,-119.7776579,164.9456548,-760.2996918,-109.8156758,55.50475631,-511.9340284,256.472077,-311.7587928,-1.84E-11
C_19_87.wav_Hypoxantha_simple_267,H:\Sporophila_vocalizations\M-F consolidated\converted_sound_files\C_19_87.wav,Hypoxantha_final_kjochecked_CecilasImageCorrections.txt,Hypoxantha,Entre_Rios,No year,simple,267,C_19_87,C_19_87.wav,D:/Sporophila_vocalizations/Entre_Rios/No year/Hypoxantha,C_19_87.wav_1846,NANANA,C_19_87.wav,1,1,3720.332082,3720.421092,3720.293382,3720.488817,0.342056,0.195435,0.08901,3720.335952,3720.335952,3720.372717,3761.1,3962.1,3847.266667,2480.166667,200.9666667,488.1,3962.133333,0.544940857,0.95154872,2985.933333,-24.7,4421.5,128.5666667,1.333333333,124.6666667,1.463,2.705333333,1.246333333,3.553333333,0.342056075,3.825248417,-0.397779634,3.828370028,0.687430166,0.233160446,-0.794768927,0.507120779,0.598825786,0.203844162,0.115505293,1.062771422,0.62232933,0.784105432,0.182155761,-1.449996154,0.135274016,0.636176126,-1.563319645,0.321173166,2.156,11.44949495,3.283,3.185,-0.398690519,3.969,127.969,2.1429,127.969,129.2838598,5.9524,0.332378761,0.976665975,3.8095,0.284587859,-0.391631952,-0.857275707,-0.707596297,Hypoxantha_Entre_Rios,NA,-0.455989875,-470.1773231,-1465.672809,-1298.324802,-1606.178649,-29.54867385,218.9639324,1434.186063,-1023.549175,-209.2291578,-1400.343643,426.4678095,-108.6526844,403.3278491,-421.0213577,30.22005173,-184.0254482,-226.6124601,46.01477506,102.4134038,232.9875779,45.51198066,-4.27E-12
C_19_88.wav_Ruficollis_simple_515,H:\Sporophila_vocalizations\M-F consolidated\converted_sound_files\C_19_88.wav,Ruficollis_final_kjochecked_CecilasImageCorrections.txt,Ruficollis,Entre_Rios,No year,simple,515,C_19_88,C_19_88.wav,D:/Sporophila_vocalizations/Entre_Rios/No year/Ruficollis,C_19_88.wav_2350,NANANA,C_19_88.wav,1,1,7077.252536,7077.349286,7077.209966,7077.422816,0.29606,0.21285,0.09675,7077.291236,7077.291236,7077.302846,3215.6,3416.6,3301.733333,1117.766667,200.9666667,574.2,3273,-1.473575753,0.707959584,3100.766667,-24.7,3732.4,19.8,2,108.4333333,1.437,2.667,1.236,1.928,0.296059662,3.323832955,-0.838078968,3.287922995,-1.199877572,-1.172226701,-0.552435698,0.342585662,0.102366459,0.200314275,0.120995201,0.54037224,0.49783203,0.839897102,-0.21288595,-0.163420795,0.308560582,-0.982535862,-0.344524664,-1.084257973,0.882,24.82222222,3.577,3.479,-0.233740617,3.479,1.056,2.3952,1.056,2.341206781,4.9701,0.332378761,0.169879376,2.5749,0.209585004,-0.385645773,-0.335845752,0.082197493,Ruficollis_Entre_Rios,NA,0.830562603,-3078.547511,-143.0526941,49.07847824,224.452125,-486.8391577,429.8673321,36.13160298,273.2405056,361.8398488,263.1617203,6.996256941,156.0883857,-15.86052393,95.83349909,-302.1309352,-432.8925686,-154.5659211,-40.57013968,141.9810925,167.0277246,-2.680226703,5.47E-12
C_19_88.wav_Ruficollis_simple_516,H:\Sporophila_vocalizations\M-F consolidated\converted_sound_files\C_19_88.wav,Ruficollis_final_kjochecked_CecilasImageCorrections.txt,Ruficollis,Entre_Rios,No year,simple,516,C_19_88,C_19_88.wav,D:/Sporophila_vocalizations/Entre_Rios/No year/Ruficollis,C_19_88.wav_2353,NANANA,C_19_88.wav,1,1,7087.678296,7087.74989,7087.645401,7087.809875,0.265660667,0.164475,0.071595,7087.686036,7087.686036,7087.711191,3244.3,3445.266667,3359.133333,758.4666667,200.9666667,459.4,3445.266667,-0.968995418,0.433921806,3014.666667,-19.76666667,3560.133333,9.866666667,1.333333333,112.6,1.369333333,2.279666667,1.222,1.841,0.265660679,3.301845567,-1.248787757,3.29993133,-1.204565072,-1.351992423,-0.998632474,-0.927527081,-0.902561677,0.152783899,0.091722605,-0.102070883,-0.139655414,0.836914456,-0.461456778,-0.242547793,0.405214028,-1.205500758,0.264872827,-1.396576004,0.49,17.5,3.577,3.087,-1.6344279,3.381,11.516,2.5749,11.516,12.77720678,5.0299,0.332378761,-0.36332508,2.455,0.148880641,-0.311833152,-0.012421996,0.240082901,Ruficollis_Entre_Rios,NA,0.458774063,-2918.004868,1393.602913,1220.239374,180.8685286,-436.152068,-378.4870832,-186.6114369,170.6832692,266.8495943,-9.602878537,131.3227142,701.2613515,195.3182036,-173.1726189,-116.652944,23.25701087,18.2446403,-47.99563137,-42.68968563,13.80363521,-12.55150799,3.10E-12
C_19_88.wav_Ruficollis_simple_517,H:\Sporophila_vocalizations\M-F consolidated\converted_sound_files\C_19_88.wav,Ruficollis_final_kjochecked_CecilasImageCorrections.txt,Ruficollis,Entre_Rios,No year,simple,517,C_19_88,C_19_88.wav,D:/Sporophila_vocalizations/Entre_Rios/No year/Ruficollis,C_19_88.wav_2357,NANANA,C_19_88.wav,1,1,7101.232944,7101.316149,7101.190374,7101.370329,0.280199333,0.179955,0.083205,7101.246489,7101.246489,7101.269709,3273.033333,3502.7,3387.866667,1037.9,229.6666667,459.4,3502.7,-0.800769428,0.449146127,3100.8,-14.8,3675,4.933333333,0.333333333,118.8333333,1.278,2.417,1.225333333,1.395666667,0.280199323,3.372215453,-1.27939971,3.363205092,-0.962634146,-1.122944912,-0.905768836,-0.260932054,-0.312482277,0.173173386,0.101391385,-0.50531332,-0.586606391,0.807460151,-0.352691212,-0.924844842,0.179855776,-0.801234538,0.264872827,-0.928098958,0.784,21.36666667,3.871,3.185,-2.255694155,3.479,25.04,2.5749,25.04,26.34410203,5.1497,0.332378761,-0.108314256,2.5748,0.257377684,-0.406489953,-0.015890676,-0.07587129,Ruficollis_Entre_Rios,NA,0.197181699,-2488.71553,856.6067558,1066.56399,-64.48843313,458.1845222,-55.48216755,99.19697484,-510.2319602,-66.53024159,-120.8618522,-309.833733,693.5017617,172.7205858,-0.304247846,-6.313897269,16.31232288,-82.4661647,125.3774684,47.65715051,-6.862482665,39.51531402,5.52E-12
C_19_88.wav_Ruficollis_simple_520,H:\Sporophila_vocalizations\M-F consolidated\converted_sound_files\C_19_88.wav,Ruficollis_final_kjochecked_CecilasImageCorrections.txt,Ruficollis,Entre_Rios,No year,simple,520,C_19_88,C_19_88.wav,D:/Sporophila_vocalizations/Entre_Rios/No year/Ruficollis,C_19_88.wav_2369,NANANA,C_19_88.wav,1,1,7127.405703,7127.485038,7127.361198,7127.539218,0.282842667,0.17802,0.079335,7127.432793,7127.432793,7127.442468,3215.6,3416.566667,3330.433333,1157.7,200.9666667,459.4,3387.866667,-1.137123772,0.49481909,3043.366667,-14.8,3617.6,9.866666667,1.666666667,117.1333333,1.282333333,2.281666667,1.221666667,1.446,0.282842713,3.296448851,-1.193233103,3.292055058,-1.238411659,-1.341563355,-0.903968793,-0.116968466,-0.116677198,0.177655983,0.102316547,0.722806669,0.537942832,0.765870755,-0.311493311,-1.892539358,0.188891426,-1.097791161,-0.344524664,-1.240416988,0.784,9.333333333,3.675,2.891,-2.496909341,3.381,51.217,2.4551,51.217,52.50199729,5.2695,0.332378761,-0.061948649,2.8144,0.209055126,-0.311833152,-0.146011667,0.240082901,Ruficollis_Entre_Rios,NA,0.63053809,-3559.243211,237.0343625,309.888443,-786.859907,-773.54393,296.5886603,131.9839924,-328.3500224,-728.0193706,-30.95999147,-287.3933844,522.3230787,26.74570863,-164.3681986,8.470688829,-64.45172621,148.0613529,178.494925,-24.5229377,0.418553276,23.96612085,3.16E-12
C_19_88.wav_Ruficollis_simple_521,H:\Sporophila_vocalizations\M-F consolidated\converted_sound_files\C_19_88.wav,Ruficollis_final_kjochecked_CecilasImageCorrections.txt,Ruficollis,Entre_Rios,No year,simple,521,C_19_88,C_19_88.wav,D:/Sporophila_vocalizations/Entre_Rios/No year/Ruficollis,C_19_88.wav_2372,NANANA,C_19_88.wav,1,1,7138.309407,7138.379067,7138.274577,7138.446791,0.281521,0.172215,0.06966,7138.334562,7138.334562,7138.342302,3330.433333,3531.433333,3445.266667,1117.766667,200.9666667,430.6666667,3445.266667,-0.968995418,0.418697485,3129.5,-14.8,3732.433333,4.933333333,0.333333333,116.4666667,1.309333333,2.496333333,1.239666667,1.771333333,0.281521018,3.394000165,-1.123683614,3.390076146,-0.917332357,-1.064467072,-0.848868438,-0.722470735,-0.672976609,0.161033358,0.095800906,-0.20022794,-0.210423811,0.820189774,-0.341163464,-0.627553639,0.216750161,-0.86230413,0.264872827,-0.928098958,0.784,19.76666667,3.087,3.185,0.380242139,3.479,62.099,2.515,62.099,63.45499729,5.2096,0.332378761,-0.085131453,2.6946,0.388638869,-0.520084131,0.214800682,-0.07587129,Ruficollis_Entre_Rios,NA,-0.036308584,-2428.940573,927.7134484,920.7083996,9.154912275,-67.53179043,-670.6010616,18.63135573,-344.8281505,71.29565557,-29.32365183,-202.5805692,738.4327262,246.3588174,-55.70461922,112.3234757,-21.10166443,-193.4303103,-116.9367457,-3.656901458,-84.50112569,-4.321011058,-1.37E-11
C_19_88.wav_Ruficollis_simple_522,H:\Sporophila_vocalizations\M-F consolidated\converted_sound_files\C_19_88.wav,Ruficollis_final_kjochecked_CecilasImageCorrections.txt,Ruficollis,Entre_Rios,No year,simple,522,C_19_88,C_19_88.wav,D:/Sporophila_vocalizations/Entre_Rios/No year/Ruficollis,C_19_88.wav_2375,NANANA,C_19_88.wav,1,1,7143.663541,7143.742876,7143.624841,7143.798991,0.273590667,0.17415,0.079335,7143.700306,7143.700306,7143.700306,3330.466667,3531.4,3416.566667,1077.8,200.9666667,459.3666667,3445.3,-0.968897782,0.403473164,3158.2,-14.8,3732.433333,0,0,117.7,1.280666667,2.462666667,1.194,1.445666667,0.273590848,3.397704117,-1.254381465,3.391088692,-0.872883383,-1.067032203,-0.944972437,-0.521050802,-0.495053373,0.16793796,0.099472955,-0.37194805,-0.492547963,0.800891952,-0.342154827,-1.077373994,0.175661283,-0.757815131,-0.039825918,-1.084257973,0.784,11.4,3.479,2.989,-1.436961571,3.479,67.468,2.4551,67.468,68.78399729,5.1497,0.332378761,-0.224228269,2.6946,0.287464929,-0.406489953,0.136783235,0.082014118,Ruficollis_Entre_Rios,NA,0.169293636,-2591.027513,923.5210103,1087.708859,-65.9470805,139.0029945,-210.8156205,39.60454505,-531.6029029,-328.6583981,-265.127998,-219.8381747,599.3558589,262.1100382,-190.8193381,152.6874584,-160.0100358,-71.63963477,9.467223534,30.55697951,-101.1831802,-3.799679759,-1.43E-11
C_19_88.wav_Ruficollis_simple_837,H:\Sporophila_vocalizations\M-F consolidated\converted_sound_files\C_19_88.wav,Ruficollis_final_kjochecked_CecilasImageCorrections.txt,Ruficollis,Entre_Rios,No year,simple,837,C_19_88,C_19_88.wav,D:/Sporophila_vocalizations/Entre_Rios/No year/Ruficollis,C_19_88.wav_3443,NANANA,C_19_88.wav,1,1,7094.682982,7094.771992,7094.638477,7094.822302,0.297196333,0.183825,0.08901,7094.686852,7094.686852,7094.727487,3215.6,3445.3,3330.433333,1214.6,229.6666667,459.4,3445.266667,-0.968995418,0.510043411,3072.066667,-14.8,3617.6,4.933333333,0.666666667,114.8,1.334,2.339,1.234,2.116,0.297196262,3.292250644,-1.014651866,3.293574975,-1.226193927,-1.31439484,-0.859734738,0.419707265,0.505944612,0.192790019,0.106138638,0.090299905,-0.152853567,0.78881057,-0.231815187,-1.354941724,0.205240475,-1.248665327,-0.649223409,-1.396576004,0.784,24.1,3.479,3.087,-1.173506711,3.381,18.458,2.2267,18.458,19.79825234,5.1012,0.332378761,0.189815575,2.8745,0.348814396,-0.481358843,-0.087319147,0.240082901,Ruficollis_Entre_Rios,NA,0.417056213,-3412.750977,-136.9846187,295.1583454,110.6912097,166.1202295,595.4200179,211.6665354,-559.3786765,-492.2010868,-47.86399286,-153.3408998,376.3183404,226.6421191,-256.2053655,-18.77974525,55.85804704,355.7782118,212.6583423,-100.5687767,-61.9838267,40.15932097,9.76E-12
C_19_88.wav_Ruficollis_simple_838,H:\Sporophila_vocalizations\M-F consolidated\converted_sound_files\C_19_88.wav,Ruficollis_final_kjochecked_CecilasImageCorrections.txt,Ruficollis,Entre_Rios,No year,simple,838,C_19_88,C_19_88.wav,D:/Sporophila_vocalizations/Entre_Rios/No year/Ruficollis,C_19_88.wav_3449,NANAnoice,C_19_88.wav,1,1,7116.834819,7116.916088,7116.794184,7116.960593,0.249532667,0.16641,0.08127,7116.850299,7116.850299,7116.873518,3674.966667,3904.666667,3761.1,1201.066667,229.6666667,516.8,3818.533333,0.124327064,0.875427115,3531.433333,-14.8,4134.366667,54.36666667,3.333333333,99.66666667,1.548333333,2.510333333,1.274,2.485666667,0.24953271,3.761348166,-0.401555858,3.758914305,0.419880381,0.086212294,-0.627894464,-0.224128428,-0.022598534,0.172723524,0.095674844,-0.021219768,-0.290682844,0.851425125,-0.489875147,0.09401243,0.46000017,0.498910117,0.874270317,-0.459621911,0.882,19.53333333,4.067,3.969,-0.336089744,3.871,40.701,2.6721,40.701,41.82258879,5.7085,0.332378761,-0.64621298,3.0364,-0.204261927,0.097070985,-0.451538241,1.029876691,Ruficollis_Entre_Rios,NA,0.835993411,-213.9403744,149.1401133,1562.360065,-948.625919,169.1760663,572.1169385,-236.5176656,1035.759592,460.3758065,-403.1437676,222.9592668,-325.1120103,295.1718305,119.131397,247.2762599,-190.8874832,75.02254056,113.1428828,-151.138334,-5.183870367,-95.28254212,4.37E-12
C_19_89.wav_Ruficollis_simple_523,H:\Sporophila_vocalizations\M-F consolidated\converted_sound_files\C_19_89.wav,Ruficollis_final_kjochecked_CecilasImageCorrections.txt,Ruficollis,Entre_Rios,No year,simple,523,C_19_89,C_19_89.wav,D:/Sporophila_vocalizations/Entre_Rios/No year/Ruficollis,C_19_89.wav_2378,NANANA,C_19_89.wav,1,1,7187.994305,7188.079444,7187.955605,7188.123949,0.260747667,0.168345,0.08514,7188.04268,7188.04268,7188.03881,3244.3,3474,3330.433333,1265.766667,229.6666667,545.5,3301.733333,-1.38941394,0.205556991,3129.466667,-14.8,3818.533333,4.933333333,0.333333333,121.6,1.293333333,2.529333333,1.179333333,1.597666667,0.260747664,3.378893724,-1.05355804,3.36261342,-1.017384789,-1.065317127,-0.649332833,0.049132884,0.121561716,0.177729061,0.098061242,-0.502625743,-0.492937863,0.800621098,-0.494488752,-1.090130898,0.16617095,-0.766767219,-0.344524664,-0.928098958,0.98,7.722222222,3.675,3.185,-1.608646715,3.381,4.248,2.4473,4.248,5.405803739,5.4852,0.332378761,-0.449500373,3.0379,-0.112661688,-0.001935249,-0.439168199,0.7139225,Ruficollis_Entre_Rios,NA,0.594198227,-2610.815734,783.2151411,964.7991902,187.0197168,138.1872675,1093.29006,141.7512378,-104.3331042,-727.031242,106.0155226,-227.5325889,213.6958171,319.7869974,-24.54615655,155.2919147,-330.9694569,-137.3336029,37.72146342,92.39706721,-140.7354584,-74.29257302,7.18E-12
C_19_89.wav_Ruficollis_simple_524,H:\Sporophila_vocalizations\M-F consolidated\converted_sound_files\C_19_89.wav,Ruficollis_final_kjochecked_CecilasImageCorrections.txt,Ruficollis,Entre_Rios,No year,simple,524,C_19_89,C_19_89.wav,D:/Sporophila_vocalizations/Entre_Rios/No year/Ruficollis,C_19_89.wav_2381,NANANA,C_19_89.wav,1,1,7193.137525,7193.226534,7193.102695,7193.267169,0.252336667,0.164475,0.08901,7193.195574,7193.195574,7193.183965,3244.3,3531.466667,3359.133333,1350.2,287.1,516.7666667,3301.733333,-1.38941394,0.251229954,3129.466667,-19.76666667,3818.533333,14.83333333,1.666666667,120.7666667,1.302333333,2.495,1.245,1.659666667,0.252336449,3.399851611,-0.986885048,3.38258629,-0.954960892,-0.990103478,-0.58452827,-0.009695799,0.010358277,0.176301285,0.098653838,0.485191249,0.489690425,0.76591147,-0.48398069,-1.898622354,0.151625144,-0.713621001,-0.344524664,-0.771939942,1.078,10.27777778,3.577,3.381,-0.317676228,3.479,9.4,2.4473,9.4,10.55239252,5.5274,0.332378761,-0.59703483,3.0801,-0.126348539,-0.013428281,-0.343761417,0.556037092,Ruficollis_Entre_Rios,NA,0.931576938,-2870.446563,384.5226063,530.6481128,-814.0985594,-823.887718,852.2787707,139.8609862,3.588340237,-1174.832162,118.9343356,-444.751025,49.59325111,9.445822481,80.4720524,15.47245545,-348.1615709,-79.47524459,88.63753907,134.5764908,-76.04635399,-28.87828545,-7.45E-13
C_19_89.wav_Ruficollis_simple_525,H:\Sporophila_vocalizations\M-F consolidated\converted_sound_files\C_19_89.wav,Ruficollis_final_kjochecked_CecilasImageCorrections.txt,Ruficollis,Entre_Rios,No year,simple,525,C_19_89,C_19_89.wav,D:/Sporophila_vocalizations/Entre_Rios/No year/Ruficollis,C_19_89.wav_2384,NANANA,C_19_89.wav,1,1,7199.166973,7199.255983,7199.132143,7199.292748,0.249532667,0.160605,0.08901,7199.232763,7199.232763,7199.211478,3244.3,3502.733333,3359.133333,1279.866667,258.3666667,545.5,3244.3,-1.55763993,0.373024522,3129.466667,-14.8,3732.433333,14.8,2,121.3,1.304333333,2.468666667,1.246333333,1.657333333,0.24953271,3.380471381,-1.071992377,3.367073116,-1.026403334,-1.056397632,-0.608544905,-0.149864342,-0.060110736,0.172485173,0.096118024,-0.251255897,-0.329671923,0.76524557,-0.546234613,-1.916698519,0.141508554,-0.77992545,-0.344524664,-0.771939942,1.078,20.5,3.969,3.479,-1.747666671,3.381,15.409,2.4473,15.409,16.60837383,5.6118,0.332378761,-0.646212986,3.1645,-0.007516438,-0.230845419,-0.077153212,0.7139225,Ruficollis_Entre_Rios,NA,0.765750255,-2911.765067,630.7506219,1091.670509,-227.2903696,-209.0178487,773.7829889,26.20005876,-231.4101791,-1335.115122,-136.8087344,-606.9039282,249.7064392,266.4693783,190.321584,250.470233,-353.0596191,-180.3361131,18.18499006,121.4386384,-197.4469341,-34.99274672,-6.24E-12
C_19_89.wav_Ruficollis_simple_526,H:\Sporophila_vocalizations\M-F consolidated\converted_sound_files\C_19_89.wav,Ruficollis_final_kjochecked_CecilasImageCorrections.txt,Ruficollis,Entre_Rios,No year,simple,526,C_19_89,C_19_89.wav,D:/Sporophila_vocalizations/Entre_Rios/No year/Ruficollis,C_19_89.wav_2387,NANANA,C_19_89.wav,1,1,7207.655801,7207.735136,7207.613231,7207.777706,0.255140333,0.164475,0.079335,7207.700306,7207.700306,7207.698371,3215.6,3474,3330.433333,1223.633333,258.4,545.5,3273,-1.473575753,0.205556991,3100.766667,-14.8,3761.133333,4.933333333,1,119.9333333,1.332,2.408,1.245333333,2.213333333,0.255140187,3.366997228,-1.085164779,3.350236102,-1.03708689,-1.125120541,-0.761198125,-0.109275653,-0.014737713,0.170934293,0.093742795,0.144462262,0.16972,0.772825343,-0.5334081,-1.739513083,0.170858065,-0.714033834,-0.039825918,-0.771939942,0.98,11.38888889,3.773,3.283,-1.641121332,3.381,23.922,2.3207,23.922,25.03598131,5.6118,0.332378761,-0.547856686,3.2911,-0.223503887,0.105249761,-0.569121137,0.7139225,Ruficollis_Entre_Rios,NA,0.79415857,-2846.04074,767.3884427,792.5395197,-732.7528132,-520.5112164,1062.055311,149.8036562,14.04039316,-966.6972053,254.3743454,-362.0391203,285.1452947,138.6065947,177.8991885,144.8257824,-321.9772209,-162.6081816,76.78135798,70.00218416,-143.8050594,-84.96654137,-4.46E-12
C_19_89.wav_Ruficollis_simple_527,H:\Sporophila_vocalizations\M-F consolidated\converted_sound_files\C_19_89.wav,Ruficollis_final_kjochecked_CecilasImageCorrections.txt,Ruficollis,Entre_Rios,No year,simple,527,C_19_89,C_19_89.wav,D:/Sporophila_vocalizations/Entre_Rios/No year/Ruficollis,C_19_89.wav_2390,NANANA,C_19_89.wav,1,1,7212.650026,7212.731296,7212.615197,7212.775801,0.240187,0.160605,0.08127,7212.667441,7212.667441,7212.682921,3273.033333,3531.433333,3445.266667,1322.066667,258.4,545.5,3531.4,-0.71670525,0.433921806,3129.466667,-14.8,3789.833333,9.866666667,1,118.6666667,1.324333333,2.477333333,1.246,1.776333333,0.240186916,3.404490234,-1.067176374,3.403923575,-0.920690202,-0.995345296,-0.666898932,-0.464545115,-0.303411668,0.16778303,0.095836231,0.166513864,0.120370681,0.757541809,-0.505785342,-2.095159129,0.152689905,-0.725726634,-0.344524664,-0.771939942,1.078,14.77777778,3.773,3.087,-2.494396975,3.479,28.916,2.4051,28.916,30.06337383,5.4852,0.332378761,-0.810140152,3.0801,-0.13904256,-0.047430155,-0.192487012,0.7139225,Ruficollis_Entre_Rios,NA,1.128986752,-2648.996361,674.2621935,1118.000297,-830.8669076,-791.2052267,715.5222573,3.802301724,-10.902566,-1376.275661,-507.5517292,-367.0813681,221.8286114,28.13341643,-7.86503525,-54.52375294,31.2006466,24.52512505,280.1270837,-11.02377886,-19.7082793,16.59761768,-4.78E-12
C_19_89.wav_Ruficollis_simple_529,H:\Sporophila_vocalizations\M-F consolidated\converted_sound_files\C_19_89.wav,Ruficollis_final_kjochecked_CecilasImageCorrections.txt,Ruficollis,Entre_Rios,No year,simple,529,C_19_89,C_19_89.wav,D:/Sporophila_vocalizations/Entre_Rios/No year/Ruficollis,C_19_89.wav_2397,NANANA,C_19_89.wav,1,1,7228.323496,7228.391221,7228.288666,7228.441531,0.249532333,0.152865,0.067725,7228.337041,7228.337041,7228.356391,3301.733333,3474,3387.866667,1364.3,172.2666667,488.1,3474,-0.884833605,0.220781312,3129.466667,-14.8,3789.833333,0,0,120.3333333,1.323333333,2.393333333,1.244,2.163666667,0.24953271,3.383858218,-1.151069659,3.379047994,-0.938364517,-1.076784957,-0.837692586,-0.31576219,0.053111986,0.165707288,0.087283081,-0.127186647,-0.320821029,0.771323941,-0.4912578,-1.772902577,0.130694278,-0.765193248,-0.344524664,-0.771939942,1.078,10.5952381,3.283,3.381,0.175301121,3.479,44.587,2.2785,44.587,45.73960748,5.6118,0.332378761,-0.64621298,3.3333,-0.125804845,0.029110861,-0.302243044,0.397968309,Ruficollis_Entre_Rios,NA,0.629945244,-2605.928249,898.6907867,933.9137444,-501.6773247,-135.2824415,767.8233668,256.4669772,-385.6957386,-1112.983496,-226.8007927,-272.5077221,196.1835719,147.3752114,11.12212077,38.15695707,-12.02262605,35.62827899,126.626988,-79.2310811,18.65182017,-29.18905034,-2.09E-12
C_19_89.wav_Ruficollis_simple_530,H:\Sporophila_vocalizations\M-F consolidated\converted_sound_files\C_19_89.wav,Ruficollis_final_kjochecked_CecilasImageCorrections.txt,Ruficollis,Entre_Rios,No year,simple,530,C_19_89,C_19_89.wav,D:/Sporophila_vocalizations/Entre_Rios/No year/Ruficollis,C_19_89.wav_2400,NANANA,C_19_89.wav,1,1,7240.183088,7240.270162,7240.150193,7240.308862,0.245794667,0.15867,0.087075,7240.217918,7240.217918,7240.221788,3244.3,3560.166667,3387.866667,1378.333333,315.8333333,545.5,3531.433333,-0.716607615,0.281678596,3129.466667,-14.8,3789.833333,9.866666667,2.666666667,119.5666667,1.314,2.482666667,1.238333333,1.792333333,0.245794392,3.394902744,-1.077736427,3.38887151,-0.956967134,-1.002552311,-0.612037631,-0.233798629,-0.152021922,0.171563849,0.096866565,-0.439346207,-0.514595104,0.781373329,-0.517842111,-1.539879633,0.141418659,-0.775296287,-0.649223409,-0.928098958,1.078,8,3.871,2.989,-3.099933635,3.381,56.425,2.4895,56.425,57.60258878,5.5696,0.332378761,-0.711783851,3.0801,-0.062618411,-0.116943394,-0.128027831,0.7139225,Ruficollis_Entre_Rios,NA,0.871468667,-2492.754494,758.5537769,1231.428775,26.29878689,-130.3942498,810.6802402,77.1185346,-178.8446468,-1225.756346,-496.9864665,-215.9321334,189.4147616,217.4043492,-213.8877727,-25.90705623,-31.67064432,65.80588664,277.08505,45.03262778,-14.59502997,23.78018218,-5.23E-12
C_19_90.wav_Ruficollis_simple_533,H:\Sporophila_vocalizations\M-F consolidated\converted_sound_files\C_19_90.wav,Ruficollis_final_kjochecked_CecilasImageCorrections.txt,Ruficollis,Entre_Rios,No year,simple,533,C_19_90,C_19_90.wav,D:/Sporophila_vocalizations/Entre_Rios/No year/Ruficollis,C_19_90.wav_2408,NANANA,C_19_90.wav,1,1,7295.096345,7295.158265,7295.065385,7295.224055,0.243925333,0.15867,0.06192,7295.104085,7295.104085,7295.11763,3732.4,3990.833333,3875.966667,1036.2,258.3666667,488.1,3990.833333,0.629005035,0.586165016,3617.566667,-9.866666667,4105.666667,4.933333333,0,106,1.409,2.471333333,1.261,1.849,0.243925233,3.837738587,-0.962061916,3.822259997,0.632705794,0.291264566,-0.537178533,-0.784218231,-0.405951311,0.156963551,0.086879718,-0.856701624,-0.6325928,0.832853888,-0.538913524,-0.341446885,0.326618669,0.688102577,1.483667808,-0.303462896,0.784,20.96666667,4.165,3.969,-0.746959984,3.871,14.708,2.7715,14.708,15.88812149,5.8427,0.332378761,-0.744569287,3.0712,-0.056212305,-0.295980601,-0.088848525,0.871991283,Ruficollis_Entre_Rios,NA,1.086668203,278.492817,491.1316304,2608.743593,-1208.701554,563.5529556,98.67097387,-469.6752439,691.3932504,146.896592,-610.4086839,-214.2307333,200.9403883,155.2742291,-107.357805,-190.2701266,25.67152477,-144.2367325,78.5535532,-178.4173424,-82.73679798,-34.53953519,-7.68E-12
C_19_90.wav_Ruficollis_simple_534,H:\Sporophila_vocalizations\M-F consolidated\converted_sound_files\C_19_90.wav,Ruficollis_final_kjochecked_CecilasImageCorrections.txt,Ruficollis,Entre_Rios,No year,simple,534,C_19_90,C_19_90.wav,D:/Sporophila_vocalizations/Entre_Rios/No year/Ruficollis,C_19_90.wav_2411,NANANA,C_19_90.wav,1,1,7304.695862,7304.773262,7304.664902,7304.821636,0.233644667,0.156735,0.0774,7304.691992,7304.691992,7304.730692,3674.966667,3933.4,3732.4,898.8666667,258.3666667,430.7,3962.1,0.544843222,0.449146127,3646.266667,-14.8,4134.4,9.866666667,1.666666667,106.5333333,1.300666667,2.226,1.099666667,1.596333333,0.23364486,3.80668878,-1.085639952,3.783756644,0.5376945,0.183404353,-0.619040085,-0.60663007,-0.415901631,0.161098689,0.091195636,-0.593955558,-0.56373065,0.804915826,-0.587277554,-0.994302785,0.282488155,0.448904389,1.788366553,-0.459621911,0.588,13.33333333,3.773,3.675,-0.472342341,3.871,24.311,2.7341,24.311,25.46833645,5.8801,0.332378761,-0.924889168,3.146,-0.113843629,-0.183537844,-0.050074061,0.871807908,Ruficollis_Entre_Rios,NA,1.012885123,-103.2512868,634.3649876,2592.189298,-1669.947243,479.2317454,160.1496277,-507.1920508,547.57458,-128.9881134,-358.9412181,-521.2282496,251.6035967,89.99506083,-49.37017998,-36.86695048,151.1326813,179.3668425,190.0447443,-69.15636192,-129.0934355,41.56839295,-6.89E-12
C_19_90.wav_Ruficollis_simple_535,H:\Sporophila_vocalizations\M-F consolidated\converted_sound_files\C_19_90.wav,Ruficollis_final_kjochecked_CecilasImageCorrections.txt,Ruficollis,Entre_Rios,No year,simple,535,C_19_90,C_19_90.wav,D:/Sporophila_vocalizations/Entre_Rios/No year/Ruficollis,C_19_90.wav_2414,NANANA,C_19_90.wav,1,1,7311.458673,7311.530268,7311.421909,7311.586383,0.228972,0.164475,0.071595,7311.478023,7311.478023,7311.489633,3703.7,3933.4,3818.533333,973.7333333,229.7,430.7,3904.7,0.376714867,0.601389337,3646.266667,-9.866666667,4105.666667,9.866666667,1.333333333,104.7666667,1.385666667,2.399,1.260666667,1.896666667,0.228971963,3.804362306,-1.154238541,3.78685175,0.598719358,0.107008669,-0.935694287,-1.123962217,-1.085509345,0.150594044,0.092856588,-0.732245787,-0.73913616,0.823472023,-0.492785655,-0.558414452,0.286373784,0.446892867,1.483667808,-0.459621911,0.686,6.466666667,4.165,3.773,-1.792478631,3.871,31.079,2.809,31.079,32.24869159,5.8052,0.332378761,-1.006852748,2.9962,-0.082593172,-0.333746678,0.07686509,0.871991283,Ruficollis_Entre_Rios,NA,1.15271542,-170.0321179,1026.503936,2920.444045,-1329.131327,219.7827302,-253.7415169,-644.8555027,558.0656331,30.55009029,-815.9390047,-58.68272658,361.6769433,201.0464343,-13.6750089,-89.58360633,-105.8119308,-34.24105313,-0.196664969,88.96081836,-141.8518435,40.41872448,-1.04E-11
C_19_90.wav_Ruficollis_simple_537,H:\Sporophila_vocalizations\M-F consolidated\converted_sound_files\C_19_90.wav,Ruficollis_final_kjochecked_CecilasImageCorrections.txt,Ruficollis,Entre_Rios,No year,simple,537,C_19_90,C_19_90.wav,D:/Sporophila_vocalizations/Entre_Rios/No year/Ruficollis,C_19_90.wav_2421,NANANA,C_19_90.wav,1,1,7326.890268,7326.957993,7326.851568,7327.016043,0.248598333,0.164475,0.067725,7326.923163,7326.923163,7326.921228,3674.966667,3933.4,3789.8,1198.466667,258.4,516.8,3761.1,-0.043898926,0.723183905,3588.866667,-9.866666667,4134.366667,9.866666667,0.333333333,109.4333333,1.327333333,2.431666667,1.249,1.751666667,0.248598131,3.797885694,-1.006774468,3.77997545,0.530767378,0.128360384,-0.744594153,-0.365537803,-0.184661811,0.16636493,0.092260655,-0.293103909,-0.447516171,0.807305078,-0.524306862,-0.936193547,0.253930093,0.51965908,0.874270317,-0.303462896,0.98,9.666666667,4.165,3.675,-1.963281458,3.871,46.476,2.7341,46.476,47.70174766,5.9551,0.332378761,-0.662605695,3.221,0.059192174,-0.376619981,0.063280527,1.187762099,Ruficollis_Entre_Rios,NA,0.939813084,-552.7069001,-16.60917889,2162.340276,-1330.68213,336.6733309,265.2220314,-388.9573729,498.9915684,-411.1412201,-537.7444144,-126.1251184,34.24426439,368.0984282,-23.71909852,291.564995,-220.4958835,-144.3616666,-40.89403356,56.84836166,-94.032912,6.519238538,1.58E-11
C_19_90.wav_Ruficollis_simple_538,H:\Sporophila_vocalizations\M-F consolidated\converted_sound_files\C_19_90.wav,Ruficollis_final_kjochecked_CecilasImageCorrections.txt,Ruficollis,Entre_Rios,No year,simple,538,C_19_90,C_19_90.wav,D:/Sporophila_vocalizations/Entre_Rios/No year/Ruficollis,C_19_90.wav_2424,NANANA,C_19_90.wav,1,1,7333.165461,7333.227381,7333.138371,7333.295106,0.229906333,0.156735,0.06192,7333.194486,7333.194486,7333.192551,3703.7,3962.133333,3847.266667,1111.1,258.4,430.7,3904.666667,0.376617232,0.631837979,3588.833333,-9.866666667,4105.666667,9.866666667,0.666666667,102.8666667,1.567,2.445333333,1.293,2.084333333,0.229906542,3.796514894,-0.808654039,3.77604307,0.490230567,0.145766392,-0.618759803,-1.107408016,-1.003494339,0.145728053,0.086500528,-0.611416369,-0.690776625,0.822728678,-0.599141471,-0.579859577,0.329138638,0.374936134,1.178969063,-0.303462896,0.882,11.02222222,4.165,3.773,-1.774940404,3.969,52.775,2.7341,52.775,53.95571028,5.8427,0.332378761,-0.990460027,3.1086,-0.05472306,-0.324394794,0.11640425,0.7139225,Ruficollis_Entre_Rios,NA,0.915208328,-47.96475259,920.7532442,2490.017675,-1044.658259,93.36198238,-361.270051,-417.6691514,594.2400947,-133.2328986,-884.7052102,-234.522654,254.7987106,225.9050776,78.27337824,-5.183320225,-29.04142761,-14.93398699,21.75398306,12.36409427,-118.1101557,24.0332738,2.27E-11
C_19_90.wav_Ruficollis_simple_539,H:\Sporophila_vocalizations\M-F consolidated\converted_sound_files\C_19_90.wav,Ruficollis_final_kjochecked_CecilasImageCorrections.txt,Ruficollis,Entre_Rios,No year,simple,539,C_19_90,C_19_90.wav,D:/Sporophila_vocalizations/Entre_Rios/No year/Ruficollis,C_19_90.wav_2427,NANANA,C_19_90.wav,1,1,7339.338099,7339.407759,7339.303269,7339.463874,0.234579667,0.160605,0.06966,7339.347774,7339.347774,7339.370994,3674.966667,3933.4,3789.833333,1098.633333,258.4,488.1,3818.533333,0.124327064,0.464370448,3588.833333,-9.866666667,4163.066667,9.866666667,1,105.9,1.439333333,2.409,1.276666667,2.252666667,0.234579439,3.812134795,-0.962021109,3.789658481,0.565463114,0.147747003,-0.765396782,-0.675984536,-0.529733796,0.155368264,0.087533342,-0.626049951,-0.692115132,0.809679664,-0.539501186,-0.88171,0.282863321,0.586156718,1.483667808,-0.303462896,0.784,11.86666667,3.479,3.577,0.426260163,3.871,58.971,2.809,58.971,60.08990654,5.9176,0.332378761,-0.908496453,3.1086,-0.211046254,-0.127647552,-0.248534557,0.871991283,Ruficollis_Entre_Rios,NA,0.931531169,-107.7650463,802.4893702,2454.493868,-1496.917129,410.3595161,290.8969252,-372.196663,467.2214491,-138.0369184,-460.9136792,-322.3722886,213.7491533,241.3789172,141.4874466,97.21048335,-213.1340871,-21.45185995,48.22310972,13.07129643,-188.8977273,-29.21194931,4.21E-12
C_19_90.wav_Ruficollis_simple_540,H:\Sporophila_vocalizations\M-F consolidated\converted_sound_files\C_19_90.wav,Ruficollis_final_kjochecked_CecilasImageCorrections.txt,Ruficollis,Entre_Rios,No year,simple,540,C_19_90,C_19_90.wav,D:/Sporophila_vocalizations/Entre_Rios/No year/Ruficollis,C_19_90.wav_2430,NANA,C_19_90.wav,1,1,7347.78339,7347.84144,7347.73695,7347.884978,0.2313085,0.1480275,0.05805,7347.81822,7347.81822,7347.815318,3229.95,3316.1,3316.1,861.45,86.1,172.3,3316.1,-1.347333033,1.400666189,3229.95,-7.4,3445.3,14.8,1,105.45,1.342,1.663,1.2255,1.774,0.231308411,3.315504306,-1.487438325,3.30152526,-1.022183868,-1.442823305,-1.596510683,-0.313080724,0.072635023,0.159803806,0.0810249,1.055440519,0.263702587,0.741733085,-0.641599713,-2.468822384,0.219868325,-1.040479548,0.264872827,-1.240416988,0.588,16.5,3.381,3.381,0.046234568,3.381,67.585,2.6966,67.585,68.33951402,3.97,-1.154578853,-0.965870952,1.2734,-1.132721932,0.321065436,0.56307532,-2.44488591,Ruficollis_Entre_Rios,NA,-1.461038472,-3796.647134,2402.065648,-1779.53528,-2166.151725,974.4616543,-1332.805821,-140.9816609,-974.0334671,-559.1438637,-492.1765417,-1034.184963,-576.7689242,97.14376029,570.667918,229.0372909,94.80050384,280.5900193,182.6601986,-63.25000818,133.6340326,75.55066387,6.33E-12
C_19_92.wav_Ruficollis_simple_841,H:\Sporophila_vocalizations\M-F consolidated\converted_sound_files\C_19_92.wav,Ruficollis_final_kjochecked_CecilasImageCorrections.txt,Ruficollis,Entre_Rios,No year,simple,841,C_19_92,C_19_92.wav,D:/Sporophila_vocalizations/Entre_Rios/No year/Ruficollis,C_19_92.wav_3458,NAfaintfaint,C_19_92.wav,1,1,7449.06206,7449.13559,7449.017555,7449.195574,0.259813,0.17802,0.07353,7449.079475,7449.079475,7449.087215,3301.733333,3531.466667,3416.566667,1403.5,229.6666667,574.2333333,3445.266667,-0.968995418,0.570940695,3158.166667,-19.76666667,3789.833333,24.7,3.666666667,87.1,1.864666667,2.46,1.309,2.960666667,0.259813084,3.397586554,0.017900747,3.445644817,-0.747862446,-0.901015853,-0.7761993,-0.096085722,0.384044264,0.183200319,0.098763653,1.229870584,0.783254674,0.838731856,-0.15541919,-0.18776565,0.468342624,-1.568702688,-0.649223409,-0.928098958,1.078,36.08333333,2.989,3.185,0.448863801,3.479,14.94,2.2672,14.94,16.10928972,5.83,0.332378761,-0.4658931,3.5628,-0.083609639,0.21528591,-0.370390743,0.871807908,Ruficollis_Entre_Rios,NA,1.117940757,-2641.816459,-130.1491081,-14.30587064,12.89683914,-1410.126242,847.551678,-87.14685584,767.9650245,-123.2295718,119.4740893,700.1142328,-533.414762,-5.811758186,336.6816053,-51.35214133,229.1091602,633.2839745,-382.8827804,-158.3565371,-77.61213489,-23.77517199,-9.08E-12
C_19_92.wav_Ruficollis_simple_843,H:\Sporophila_vocalizations\M-F consolidated\converted_sound_files\C_19_92.wav,Ruficollis_final_kjochecked_CecilasImageCorrections.txt,Ruficollis,Entre_Rios,No year,simple,843,C_19_92,C_19_92.wav,D:/Sporophila_vocalizations/Entre_Rios/No year/Ruficollis,C_19_92.wav_3465,noiceNANA,C_19_92.wav,1,1,7472.974743,7473.048273,7472.937978,7473.096648,0.241121667,0.15867,0.07353,7473.001833,7473.001833,7473.009573,3244.3,3445.3,3359.133333,1336.033333,201,459.3666667,3359.133333,-1.221285585,1.058118967,3158.2,-34.6,3674.966667,39.56666667,1.666666667,93.56666667,1.513333333,2.406666667,1.232666667,2.724333333,0.241121495,3.346787192,-0.723629867,3.359999764,-1.022731621,-1.128291304,-0.798172951,-0.412622848,-0.241383863,0.166425853,0.093352118,-0.27919012,-0.526631265,0.81800242,-0.41783796,-0.682552949,0.292326084,-1.154164706,-0.649223409,-0.928098958,1.078,12.36904762,3.479,3.087,-1.096575166,3.381,38.842,2.0243,38.842,40.00639252,5.4656,0.332378761,-0.793747431,3.4413,-0.095996357,-0.058607783,-0.124069421,0.240082901,Ruficollis_Entre_Rios,NA,0.593656435,-2833.486311,1010.958716,808.109677,484.5165605,-158.1033987,405.9211582,44.27040812,54.90231105,-337.7338298,-749.7866103,-76.74852409,-204.2310827,300.8823555,359.4905522,111.453589,-42.8650125,-57.36115937,-58.16480913,62.4091563,-82.35817889,-17.58826389,-6.62E-12
C_19_92.wav_Ruficollis_simple_844,H:\Sporophila_vocalizations\M-F consolidated\converted_sound_files\C_19_92.wav,Ruficollis_final_kjochecked_CecilasImageCorrections.txt,Ruficollis,Entre_Rios,No year,simple,844,C_19_92,C_19_92.wav,D:/Sporophila_vocalizations/Entre_Rios/No year/Ruficollis,C_19_92.wav_3472,NANANA,C_19_92.wav,1,1,7480.846308,7480.912098,7480.819218,7480.962407,0.241588667,0.14319,0.06579,7480.857918,7480.857918,7480.873398,3387.866667,3531.466667,3445.266667,1363.066667,143.5333333,459.3666667,3531.433333,-0.716607615,0.312127238,3158.166667,-19.76666667,3789.833333,9.866666667,1.333333333,90.86666667,1.647,2.413333333,1.257,2.848666667,0.241588785,3.406526409,-0.541554976,3.421853536,-0.787067439,-0.939200904,-0.793954454,-0.758282669,-0.501676249,0.155580736,0.087236057,0.19542486,-0.130661699,0.832659297,-0.46281939,-0.342853013,0.373725521,-1.360973999,-0.649223409,-0.928098958,1.078,21.68253968,2.793,2.989,0.678705501,3.479,46.744,2.3077,46.744,47.87978505,5.5061,0.332378761,-0.785551068,3.1984,-0.168354633,0.029110861,-0.268506563,0.556037092,Ruficollis_Entre_Rios,NA,0.670714868,-2284.045964,1105.924352,779.0716624,363.4734639,-852.539114,294.4813085,104.3786549,354.3256299,-411.2432774,-373.9320773,447.4238862,-36.65433375,295.251464,19.9981518,-113.5285844,179.6764683,374.2077281,-242.2408345,24.00340711,-31.67282652,18.76380763,-7.61E-12
C_19_94_A.wav_Ruficollis_simple_548,H:\Sporophila_vocalizations\M-F consolidated\converted_sound_files\C_19_94_A.wav,Ruficollis_final_kjochecked_CecilasImageCorrections.txt,Ruficollis,Entre_Rios,No year,simple,548,C_19_94,C_19_94_A.wav,D:/Sporophila_vocalizations/Entre_Rios/No year/Ruficollis,C_19_94_A.wav_2483,very faintvery faintvery faint,C_19_94_A.wav,1,1,7641.985053,7642.050843,7641.944418,7642.128243,0.279538333,0.183825,0.06579,7642.019883,7642.019883,7642.014078,3186.9,3387.866667,3273.033333,1142,200.9666667,459.3666667,3301.733333,-1.38941394,0.449146127,3072.033333,-14.8,3617.6,9.866666667,2.333333333,102.6,1.402333333,2.367333333,1.254666667,2.024,0.279538475,3.279589707,-0.914020563,3.271617298,-1.297211508,-1.414686757,-0.970780797,-0.375901697,-0.200991904,0.177828556,0.104020971,-0.050094368,-0.295547023,0.826443026,-0.287640774,-0.480403076,0.331588387,-1.183877396,-0.039825918,-0.928098958,0.882,36.56666667,3.773,3.185,-1.970991536,3.381,56.484,2.3765,56.484,57.85117187,5.2469,0.332378761,-0.119905661,2.8704,0.416903266,-0.602143979,0.297211082,0.082197493,Ruficollis_Entre_Rios,NA,0.750532974,-3109.416176,498.1406298,954.0303491,483.9124018,-133.8986748,-189.9599997,-154.5024346,-223.3252861,-123.595997,110.5549266,50.41740173,519.9724353,-1.949756461,416.6248456,-161.6633822,-193.4492394,-61.76789603,-149.2121664,-93.82823549,45.54311288,-12.45938382,2.72E-11
C_19_94_A.wav_Ruficollis_simple_549,H:\Sporophila_vocalizations\M-F consolidated\converted_sound_files\C_19_94_A.wav,Ruficollis_final_kjochecked_CecilasImageCorrections.txt,Ruficollis,Entre_Rios,No year,simple,549,C_19_94,C_19_94_A.wav,D:/Sporophila_vocalizations/Entre_Rios/No year/Ruficollis,C_19_94_A.wav_2486,very faintvery faintvery faintvery faint,C_19_94_A.wav,1,1,7683.781939,7683.861758,7683.739853,7683.928515,0.2973815,0.1886625,0.07981875,7683.815318,7683.815318,7683.819671,3509.925,3746.75,3617.55,1438.375,236.85,538.35,3596.05,-0.527341172,0.110404985,3294.55,-25.95,4112.825,25.95,2.25,106.175,1.4375,2.703,1.2315,2.4955,0.297381357,3.586880443,-0.632974603,3.581319081,-0.334887482,-0.427911857,-0.409532301,0.058574838,0.150946763,0.189149607,0.108947914,0.062816305,0.163831065,0.823908661,-0.221161019,-0.536322055,0.297530673,-0.519389749,0.493396886,-0.303462896,1.1025,35.06875,3.7485,3.4545,-0.977869151,3.675,98.012,2.3836,98.012,99.9873639,6.137,1.819336374,0.193062176,3.7534,1.95523287,-1.053149888,0.274762311,0.871807908,Ruficollis_Entre_Rios,NA,1.106120271,-1655.93453,-1631.316568,2265.224708,98.08479533,-692.3883536,-237.5800944,729.7452343,-309.590853,140.0709821,543.4790212,-275.1778279,464.744969,-268.3085845,24.80954101,146.7599819,109.5850617,-74.17475342,-211.7669941,-8.06878997,-101.4924784,95.72182748,-4.12E-12
C_19_94_A.wav_Ruficollis_simple_551,H:\Sporophila_vocalizations\M-F consolidated\converted_sound_files\C_19_94_A.wav,Ruficollis_final_kjochecked_CecilasImageCorrections.txt,Ruficollis,Entre_Rios,No year,simple,551,C_19_94,C_19_94_A.wav,D:/Sporophila_vocalizations/Entre_Rios/No year/Ruficollis,C_19_94_A.wav_2491,very faintvery faintvery faintvery faint,C_19_94_A.wav,1,1,7707.987291,7708.070011,7707.948107,7708.12661,0.2780845,0.17850375,0.08272125,7708.017767,7708.017767,7708.027925,3402.225,3746.75,3552.975,1853.225,344.55,559.875,3617.575,-0.464293039,0.464370448,3294.55,-29.65,4198.975,70.45,3.5,106.9,1.522,2.689,1.25675,2.69675,0.278084528,3.600985738,-0.156988384,3.569047536,-0.363845129,-0.365732312,-0.193553793,0.108691943,0.074778986,0.185035009,0.106217151,0.110258476,-0.072036168,0.827234159,-0.304893752,-0.462191396,0.30050252,-0.438385123,-0.42069935,0.047894889,1.617,26.28214286,3.969,3.381,-1.975124258,3.6015,122.233,2.3881,122.233,124.1422417,6.2687,1.819336374,-0.145408197,3.8806,1.787986775,-0.941080097,0.310267101,0.871807908,Ruficollis_Entre_Rios,NA,1.085409363,-1426.019605,-1654.04161,1922.179138,629.0717712,-875.3748159,-136.775057,952.329471,-185.6412025,-261.3341978,-133.8067101,-140.2582992,-23.83118732,-119.0818722,275.7319,294.5738581,66.30788562,-144.2026706,-62.53197258,102.629957,45.34395258,94.6380639,5.21E-12
C_19_94_A.wav_Ruficollis_simple_552,H:\Sporophila_vocalizations\M-F consolidated\converted_sound_files\C_19_94_A.wav,Ruficollis_final_kjochecked_CecilasImageCorrections.txt,Ruficollis,Entre_Rios,No year,simple,552,C_19_94,C_19_94_A.wav,D:/Sporophila_vocalizations/Entre_Rios/No year/Ruficollis,C_19_94_A.wav_2497,very faintvery faintvery faint,C_19_94_A.wav,1,1,7748.769754,7748.847154,7748.729119,7748.914879,0.308615667,0.18576,0.0774,7748.800714,7748.800714,7748.800714,3703.7,4076.933333,3904.7,2039.8,373.2666667,660.3333333,3990.8,0.628907399,-0.26639696,3531.433333,-24.7,4565.033333,0,0,110.3333333,1.500333333,3.156333333,1.247333333,3.005333333,0.308615763,3.889858097,-0.153565932,3.884676411,0.609468324,0.541635097,0.144270263,0.329250634,0.590814681,0.193017725,0.104824404,-0.964418715,-0.868232753,0.849660179,-0.146376738,0.066737251,0.238276668,0.410345022,0.569571572,0.633491196,1.666,26.77380952,4.165,3.381,-2.437240948,4.067,163.213,2.5871,163.213,164.6501369,6.1194,0.332378761,0.390115985,3.5323,0.593869346,-0.76161222,0.214104827,0.397968309,Ruficollis_Entre_Rios,NA,0.501190386,1067.620846,-1077.65397,1333.800713,179.0926101,1139.10449,152.5445497,131.0382103,-209.2925205,-155.7876779,42.12328944,-178.681463,398.27801,33.08767162,103.6304383,-299.0575883,150.2532529,-70.69260628,-196.603725,-43.54729083,-6.95327119,88.39708229,2.04E-12
C_19_94_A.wav_Ruficollis_simple_553,H:\Sporophila_vocalizations\M-F consolidated\converted_sound_files\C_19_94_A.wav,Ruficollis_final_kjochecked_CecilasImageCorrections.txt,Ruficollis,Entre_Rios,No year,simple,553,C_19_94,C_19_94_A.wav,D:/Sporophila_vocalizations/Entre_Rios/No year/Ruficollis,C_19_94_A.wav_2500,very faintvery faintvery faintvery faint,C_19_94_A.wav,1,1,7756.033731,7756.116452,7756.000352,7756.174501,0.27507775,0.17415,0.08272125,7756.055499,7756.055499,7756.072914,3509.9,3768.3,3639.1,1778.6,258.4,581.425,3682.175,-0.275075413,0.749826467,3294.55,-18.525,4155.9,89,2,106.55,1.5215,2.7855,1.25525,2.9715,0.275077754,3.597035266,-0.350591283,3.595813492,-0.307422133,-0.370915368,-0.32043113,-0.408532623,-0.469030105,0.170981967,0.102044165,0.441696114,0.435481558,0.839943951,-0.337255993,-0.167390379,0.319326141,-0.242555623,-0.42069935,-0.303462896,1.3965,33.13333333,3.4545,3.6015,0.403080366,3.7485,170.269,2.2886,170.269,172.2013464,6.3184,1.819336374,-0.198147622,4.0298,1.846426727,-0.991463405,0.422995144,1.187762099,Ruficollis_Entre_Rios,NA,1.569679748,-1586.894946,-1645.496981,2281.252565,345.7991606,-1544.273124,-482.3738592,623.8601896,359.1995143,-26.91372488,-454.4779319,228.0997366,28.80675487,-217.4120827,-88.78666646,168.092165,-58.59312112,-282.9289904,-23.64061012,23.14431837,118.6059167,67.52781266,-6.70E-12
C_19_94_A.wav_Ruficollis_simple_854,H:\Sporophila_vocalizations\M-F consolidated\converted_sound_files\C_19_94_A.wav,Ruficollis_final_kjochecked_CecilasImageCorrections.txt,Ruficollis,Entre_Rios,No year,simple,854,C_19_94,C_19_94_A.wav,D:/Sporophila_vocalizations/Entre_Rios/No year/Ruficollis,C_19_94_A.wav_3514,NANANA,C_19_94_A.wav,1,1,7716.505627,7716.602377,7716.457252,7716.675907,0.309346,0.218655,0.09675,7716.538522,7716.538522,7716.548197,3043.333333,3301.733333,3158.2,1403.533333,258.4,545.5333333,3186.9,-1.725768284,0.586165016,2871.1,-34.6,3588.833333,29.66666667,2,104.1333333,1.659,2.579666667,1.307,3.202666667,0.309345794,3.155540822,-0.480218562,3.169828808,-1.93629482,-1.629376576,-0.226654774,0.312027966,0.218531283,0.20266461,0.121235024,0.360349889,0.023701026,0.853813833,-0.109901346,0.165233107,0.374261249,-2.245084832,-1.563319645,-1.240416988,1.176,73.71428571,2.695,2.695,0,3.283,130.971,2.1862,130.971,132.4118598,5.3441,0.332378761,0.402920886,3.1579,0.603285766,-0.724716891,0.221482159,0.7139225,Ruficollis_Entre_Rios,NA,0.60396672,-3932.563855,-455.0769519,-191.0489815,2089.429323,-728.9786869,411.6477586,-56.12966678,128.6635406,-216.4105742,195.8556106,320.2820601,381.9647473,359.9987586,-6.08154814,-31.486157,140.1540632,112.7286053,-296.8804644,98.32845792,174.7566636,106.9858699,3.60E-12
C_19_94_A.wav_Ruficollis_simple_855,H:\Sporophila_vocalizations\M-F consolidated\converted_sound_files\C_19_94_A.wav,Ruficollis_final_kjochecked_CecilasImageCorrections.txt,Ruficollis,Entre_Rios,No year,simple,855,C_19_94,C_19_94_A.wav,D:/Sporophila_vocalizations/Entre_Rios/No year/Ruficollis,C_19_94_A.wav_3517,NANANA,C_19_94_A.wav,1,1,7729.648122,7729.717782,7729.607487,7729.777766,0.292523,0.17028,0.06966,7729.684887,7729.684887,7729.682952,3215.6,3359.166667,3273.033333,1147.133333,143.5333333,430.6666667,3273.033333,-1.473478117,0.479594769,2985.933333,-19.76666667,3560.133333,14.8,3.666666667,107.1333333,1.723666667,2.437,1.309,3.071333333,0.292523364,3.239376987,-0.675745592,3.242536163,-1.410044278,-1.454869758,-0.845177889,-0.413735108,-0.37033865,0.17042195,0.099691097,1.12950063,0.905677413,0.880847114,-0.276561978,0.78863338,0.490659551,-1.588491771,-0.649223409,-1.240416988,0.882,69.05555556,3.185,2.989,-0.660714495,3.479,144.175,2.3482,144.175,145.5182523,5.2227,0.332378761,0.107851984,2.8745,0.356402441,-0.489748036,-0.005406953,0.240082901,Ruficollis_Entre_Rios,NA,0.396746998,-3359.14292,237.5041123,-184.2665508,761.8972684,-1275.768863,-487.1579595,3.304510232,595.5527351,651.2058037,544.2698927,835.8095958,185.6010396,230.4716038,-52.31468963,-206.9015364,-110.5454535,-26.21817749,-387.2301306,0.760055753,279.3672403,-8.227540889,-3.82E-13
C_19_94_A.wav_Ruficollis_simple_856,H:\Sporophila_vocalizations\M-F consolidated\converted_sound_files\C_19_94_A.wav,Ruficollis_final_kjochecked_CecilasImageCorrections.txt,Ruficollis,Entre_Rios,No year,simple,856,C_19_94,C_19_94_A.wav,D:/Sporophila_vocalizations/Entre_Rios/No year/Ruficollis,C_19_94_A.wav_3521,NANA,C_19_94_A.wav,1,1,7736.549286,7736.639264,7736.517359,7736.697313,0.312617,0.179955,0.0899775,7736.552189,7736.552189,7736.595726,3402.2,3660.65,3531.45,1518.2,258.4,559.85,3617.55,-0.464366265,0.213169152,3229.95,-14.8,4091.3,14.8,6,106.85,1.7185,3.0175,1.3095,3.4995,0.312616822,3.501819648,-0.33942537,3.505104187,-0.662861783,-0.593587554,-0.168319439,0.288693558,0.261874597,0.195282702,0.113065645,-0.479082447,-0.416447663,0.892458148,-0.076848477,1.06795651,0.431976528,-0.947247736,-0.192175291,-0.537701419,1.176,57.08333333,3.087,2.94,-0.416111111,3.675,151.329,2.4696,151.329,152.175271,5.3441,-1.154578853,0.460295396,2.8745,-0.90063648,0.511451235,-0.119031439,-0.07587129,Ruficollis_Entre_Rios,NA,-0.145534311,-911.251872,972.2835459,-953.1088128,978.0276787,1024.219248,615.0118542,-778.5261406,551.7828272,476.8422955,175.2772908,542.5205256,263.6467493,31.85433093,-50.61077556,-249.4486451,197.5904472,20.48290462,-247.5967945,64.89097464,89.15493931,24.11492819,-2.62E-11
C_19_94_A.wav_Ruficollis_simple_857,H:\Sporophila_vocalizations\M-F consolidated\converted_sound_files\C_19_94_A.wav,Ruficollis_final_kjochecked_CecilasImageCorrections.txt,Ruficollis,Entre_Rios,No year,simple,857,C_19_94,C_19_94_A.wav,D:/Sporophila_vocalizations/Entre_Rios/No year/Ruficollis,C_19_94_A.wav_3523,NANANA,C_19_94_A.wav,1,1,7742.728696,7742.806096,7742.688061,7742.869951,0.286916,0.18189,0.0774,7742.765461,7742.765461,7742.769331,3100.8,3330.466667,3186.9,1160.6,229.6666667,459.4,3186.9,-1.725768284,0.570940695,3014.633333,-14.8,3560.133333,4.933333333,1.666666667,102.8666667,1.531666667,2.450666667,1.248666667,2.664,0.286915888,3.206361177,-0.765959911,3.19161283,-1.610247658,-1.59467579,-0.795960462,-0.00951711,0.052965026,0.180026588,0.101605051,0.117230831,-0.084262094,0.845412511,-0.280049753,-0.03752806,0.373526308,-1.555700552,-0.649223409,-1.240416988,0.882,40.5,3.479,2.891,-1.67913072,3.381,157.214,2.3887,157.214,158.6214486,5.2227,0.332378761,0.009495683,2.834,0.51877716,-0.664861024,0.384541842,0.240082901,Ruficollis_Entre_Rios,NA,0.554179172,-3663.837868,147.2567302,423.8585116,1192.658895,-245.45667,-107.126764,-129.3604127,-49.64870716,-17.85191003,292.0194744,210.6698369,258.6858818,170.1358663,216.2954677,-53.30076452,-186.466688,-40.95741285,-157.7078873,-34.26927583,47.62648952,-4.231031965,-1.33E-11
C_19_94_A.wav_Ruficollis_simple_858,H:\Sporophila_vocalizations\M-F consolidated\converted_sound_files\C_19_94_A.wav,Ruficollis_final_kjochecked_CecilasImageCorrections.txt,Ruficollis,Entre_Rios,No year,simple,858,C_19_94,C_19_94_A.wav,D:/Sporophila_vocalizations/Entre_Rios/No year/Ruficollis,C_19_94_A.wav_3526,NANANA,C_19_94_A.wav,1,1,7762.678507,7762.752037,7762.630132,7762.829437,0.309345667,0.199305,0.07353,7762.703662,7762.703662,7762.719142,3158.2,3301.733333,3215.633333,1228.1,143.5333333,488.1,3244.333333,-1.557542294,0.570940695,3014.633333,-19.76666667,3588.833333,9.866666667,2.666666667,102.9666667,1.599,2.478333333,1.256666667,3.034,0.309345794,3.209307162,-0.667939532,3.204758937,-1.590066839,-1.601147788,-0.853046222,0.103753876,-0.033355622,0.190751245,0.113898002,0.441801512,0.23547767,0.846858232,-0.123454992,0.002624082,0.409157953,-1.758744879,-0.953922154,-1.084257973,1.078,50.69047619,2.695,2.891,0.6131694,3.381,177.157,2.4291,177.157,178.5700561,5.2632,0.332378761,0.402920886,2.8341,0.532960421,-0.664861024,0.087660763,0.397968309,Ruficollis_Entre_Rios,NA,0.242573547,-3636.106712,-107.5413373,-93.05066006,1133.411145,-569.4569536,-2.50168463,88.21695315,-85.19605418,104.0058063,286.0056985,522.9200068,506.7064132,376.6894679,100.7046035,54.36761787,42.88051154,-41.82280252,-191.1132029,104.2971293,28.62896998,54.88860009,1.77E-11
C_19_94_B.wav_Ruficollis_simple_554,H:\Sporophila_vocalizations\M-F consolidated\converted_sound_files\C_19_94_B.wav,Ruficollis_final_kjochecked_CecilasImageCorrections.txt,Ruficollis,Entre_Rios,No year,simple,554,C_19_94,C_19_94_B.wav,D:/Sporophila_vocalizations/Entre_Rios/No year/Ruficollis,C_19_94_B.wav_2504,very faintvery faintvery faint,C_19_94_B.wav,1,1,7794.56531,7794.663995,7794.53822,7794.73946,0.307294,0.20124,0.098685,7794.571115,7794.571115,7794.602075,3100.766667,3359.166667,3244.333333,1658.4,258.4,488.1,3387.866667,-1.137123772,0.616613658,3014.633333,-19.76666667,3560.133333,9.866666667,2,109.4,1.458,2.508333333,1.251333333,2.768333333,0.307294068,3.203631115,-0.280173865,3.196161348,-1.65075221,-1.546044777,-0.591046188,-0.257741627,-0.494213305,0.193167497,0.12468723,1.11709009,0.867362977,0.810295786,-0.126463881,-0.849914595,0.274451891,-1.581606196,-1.258620899,-0.928098958,1.274,19.25,3.283,2.793,-1.590531177,3.283,18.117,1.99,18.117,19.56884017,5.4229,0.332378761,0.366933187,3.4329,0.631058916,-0.717678761,0.303956722,0.397968309,Ruficollis_Entre_Rios,NA,0.547900607,-3540.142872,-419.2387534,-353.2990894,598.1778102,-1614.024865,-373.8598162,115.9705855,-12.79106115,-559.3197752,-185.7986458,347.768844,664.0285253,105.4589824,84.20724383,29.8259188,114.5514222,69.79919032,133.0679418,-39.5687329,51.26150151,64.91548403,5.82E-12
C_19_94_B.wav_Ruficollis_simple_555,H:\Sporophila_vocalizations\M-F consolidated\converted_sound_files\C_19_94_B.wav,Ruficollis_final_kjochecked_CecilasImageCorrections.txt,Ruficollis,Entre_Rios,No year,simple,555,C_19_94,C_19_94_B.wav,D:/Sporophila_vocalizations/Entre_Rios/No year/Ruficollis,C_19_94_B.wav_2507,very faintvery faintNA,C_19_94_B.wav,1,1,7821.533352,7821.632037,7821.500457,7821.699762,0.298033667,0.199305,0.098685,7821.568182,7821.568182,7821.583662,3072.033333,3359.166667,3186.9,1525.666667,287.1,488.1,3158.2,-1.809832462,0.555716374,3043.333333,-14.8,3588.833333,14.8,1.666666667,108.3666667,1.377666667,2.429,1.244666667,2.669333333,0.298033656,3.219744296,-0.609040144,3.193430169,-1.629130167,-1.525204298,-0.581809224,0.123016053,-0.252772932,0.192104887,0.119238072,1.265333132,1.06156833,0.797499377,-0.208083404,-1.1518039,0.251651468,-1.522617851,-1.258620899,-0.928098958,1.274,26.54761905,3.675,2.989,-2.148980507,3.283,45.104,2.1891,45.104,46.49002402,5.3234,0.332378761,0.204503634,3.1343,0.464586928,-0.614926083,0.120891939,0.397968309,Ruficollis_Entre_Rios,NA,0.366368855,-3919.334803,-383.7392546,-600.5801387,276.7223628,-1521.043683,-58.57486973,212.113274,-71.02956129,-727.1784748,221.9665344,76.7557786,385.1386125,241.2920794,85.13776626,189.3066219,-197.4697356,-133.5761559,-18.20183742,241.9530191,41.03787685,68.17244377,1.50E-11
C_19_94_B.wav_Ruficollis_simple_859,H:\Sporophila_vocalizations\M-F consolidated\converted_sound_files\C_19_94_B.wav,Ruficollis_final_kjochecked_CecilasImageCorrections.txt,Ruficollis,Entre_Rios,No year,simple,859,C_19_94,C_19_94_B.wav,D:/Sporophila_vocalizations/Entre_Rios/No year/Ruficollis,C_19_94_B.wav_3529,NANANA,C_19_94_B.wav,1,1,7782.252929,7782.330329,7782.208424,7782.398054,0.299065333,0.18963,0.0774,7782.268409,7782.268409,7782.291629,3158.2,3301.733333,3215.633333,1147.1,143.5333333,488.1,3244.333333,-1.557542294,0.555716374,3014.633333,-14.8,3588.866667,19.76666667,2.333333333,107.1333333,1.395,2.414333333,0.888666667,2.928666667,0.29906542,3.219610949,-1.004591757,3.209780711,-1.524575719,-1.579102841,-0.929189604,0.062532049,0.082167608,0.183272642,0.104320546,-0.38942017,-0.583329199,0.833828846,-0.214759591,-0.304881721,0.323840914,-1.708022886,-0.344524664,-1.240416988,0.784,30.57142857,2.891,2.989,0.329748428,3.381,5.81,2.5101,5.81,7.203448598,5.2227,0.332378761,0.222600999,2.7126,0.483366281,-0.630104982,0.141729109,0.397968309,Ruficollis_Entre_Rios,NA,0.207193248,-3563.436589,379.6219266,683.9351889,1124.763915,312.3216134,196.2155101,-69.70155452,-360.8101747,66.9501075,251.7564911,75.67270766,678.3081378,413.1955687,143.5879128,149.4070935,94.19750297,22.49398318,-183.6935881,36.04720371,-119.2407656,39.20414579,1.97E-11
C_19_94_B.wav_Ruficollis_simple_860,H:\Sporophila_vocalizations\M-F consolidated\converted_sound_files\C_19_94_B.wav,Ruficollis_final_kjochecked_CecilasImageCorrections.txt,Ruficollis,Entre_Rios,No year,simple,860,C_19_94,C_19_94_B.wav,D:/Sporophila_vocalizations/Entre_Rios/No year/Ruficollis,C_19_94_B.wav_3532,NANANA,C_19_94_B.wav,1,1,7801.182997,7801.260397,7801.146232,7801.316512,0.285046667,0.17028,0.0774,7801.212022,7801.212022,7801.219762,3215.633333,3416.6,3301.766667,1525,200.9666667,459.4,3387.9,-1.137026137,0.205556991,2842.366667,-44.5,3617.566667,9.866666667,1,107.4,1.479666667,2.399333333,1.253,2.868333333,0.285046729,3.231908265,-0.513590272,3.24419774,-1.444035202,-1.432241744,-0.719302996,-0.192082501,-0.149338134,0.172676414,0.09793037,0.133166112,-0.222693374,0.800702504,-0.32254051,-1.081489711,0.254831238,-1.487181817,-1.258620899,-1.240416988,1.078,32.64285714,3.577,2.793,-2.370807036,3.479,24.76,1.9838,24.76,26.12284112,5.3036,0.332378761,-0.023289741,3.3198,0.405949308,-0.565695165,0.19683203,0.555853717,Ruficollis_Entre_Rios,NA,0.538117939,-3315.152568,189.6198415,399.6135758,924.9422089,-612.1626837,218.3111605,170.5825052,-353.4973515,-974.1083711,-240.7439155,198.5927438,511.3052985,311.4613475,-132.7313057,53.05718838,-48.05695827,370.3519894,99.56382375,-112.7478254,-123.985813,8.760910109,2.20E-12
C_19_95.wav_Hypoxantha_simple_205,H:\Sporophila_vocalizations\M-F consolidated\converted_sound_files\C_19_95.wav,Hypoxantha_final_kjochecked_CecilasImageCorrections.txt,Hypoxantha,Entre_Rios,No year,simple,205,C_19_95,C_19_95.wav,D:/Sporophila_vocalizations/Entre_Rios/No year/Hypoxantha,C_19_95.wav_1434,NANANANA,C_19_95.wav,1,1,3748.774592,3748.897948,3748.722347,3748.987926,0.342056,0.265578,0.12335625,3748.850057,3748.850057,3748.834093,3380.675,3832.9,3596.025,2068.525,452.2,1205.85,3531.45,-0.716558797,-0.848727238,3122.3,-37.1,4457.4,11.1,2.5,99.15,2.04275,3.6305,1.402,3.217,0.342056074,3.65713135,1.65394009,3.601277034,-0.509537612,0.098595874,1.277056526,0.767012735,0.152399011,0.238159572,0.157931494,-0.729788218,-0.616609923,0.927227973,0.435161789,1.902026085,0.589917123,-0.095566298,-0.192175291,0.282133412,1.6905,34.26515152,4.3365,3.1605,-3.566139203,3.675,1.709,2.335,1.709,4.151719626,5.9391,1.819336374,0.976665966,3.6041,3.137338373,-1.463716721,1.200979791,0.7139225,Hypoxantha_Entre_Rios,NA,0.683219859,578.330111,-2988.900091,1605.916643,3581.646622,-598.6683263,-922.614979,585.9536028,-410.0745325,786.416893,1218.371741,-255.0847215,456.2046558,-613.1448835,365.575441,424.2417898,-579.9359421,-30.10364522,-93.13348782,-189.8162043,-326.8010811,209.7433836,1.30E-12
C_19_95.wav_Hypoxantha_simple_206,H:\Sporophila_vocalizations\M-F consolidated\converted_sound_files\C_19_95.wav,Hypoxantha_final_kjochecked_CecilasImageCorrections.txt,Hypoxantha,Entre_Rios,No year,simple,206,C_19_95,C_19_95.wav,D:/Sporophila_vocalizations/Entre_Rios/No year/Hypoxantha,C_19_95.wav_1438,NANANANANA,C_19_95.wav,1,1,3759.184098,3759.331544,3759.137658,3759.43139,0.3762616,0.2937322,0.147447,3759.220088,3759.220088,3759.246791,3514.2,3927.66,3772.6,1817.24,413.46,1033.6,3789.8,0.040165252,-0.202454812,3083.54,-41.54,4341.08,26.68,5.2,105.14,2.1922,3.6176,1.467,3.8196,0.376261682,3.643307193,1.142884608,3.662015551,-0.509678376,0.059205406,1.177498607,1.564603996,0.319545755,0.25966073,0.176395889,-0.210001772,0.268404927,0.940719082,0.614969347,2.22588781,0.653433924,-0.065947626,-0.283584915,-0.022376668,1.5288,43.15888889,3.7338,3.087,-1.623312847,3.8514,11.642,2.4873,11.642,15.01209346,5.1777,3.306293988,1.576639404,2.6904,5.482989976,-1.727613908,1.336045681,-0.549710889,Hypoxantha_Entre_Rios,150.074665,-0.28054881,18.57400191,-4599.496441,1493.863865,3475.022425,-712.3776978,-2292.568263,2234.512964,-1435.748699,2422.286547,1351.130013,-537.5293846,130.3249485,-1290.929554,-491.5247466,814.4223321,37.86125732,-262.9985415,377.1449526,-35.87913518,-83.47703031,801.0167832,-6.63E-12
C_19_95.wav_Hypoxantha_simple_268,H:\Sporophila_vocalizations\M-F consolidated\converted_sound_files\C_19_95.wav,Hypoxantha_final_kjochecked_CecilasImageCorrections.txt,Hypoxantha,Entre_Rios,No year,simple,268,C_19_95,C_19_95.wav,D:/Sporophila_vocalizations/Entre_Rios/No year/Hypoxantha,C_19_95.wav_1849,NANANA,C_19_95.wav,1,1,3847.02596,3847.09949,3846.993065,3847.19237,0.330841,0.199304667,0.07353,3847.03757,3847.03757,3847.054985,3617.6,3818.533333,3732.4,2500.033333,200.9666667,1091,3761.133333,-0.04380129,-0.342518565,3186.9,-168.1333333,4651.166667,133.5333333,2.666666667,111.8666667,1.940333333,2.994666667,1.296666667,3.745333333,0.330841121,3.77375273,1.750957158,3.691036609,0.062293979,0.806675593,1.919078126,-0.059244344,-0.00262265,0.192496641,0.115085034,0.863403546,0.331298748,0.844317178,0.09982543,-0.04724944,0.368517782,-0.045050182,-0.953922154,0.633491196,2.156,19.4,4.459,3.185,-3.425790435,3.773,100.546,2.0833,100.546,101.9562523,6.131,0.332378761,0.779953368,4.0477,0.525868793,-0.664861024,-0.236209492,1.661601698,Hypoxantha_Entre_Rios,NA,0.806873647,1195.498578,-2095.702895,-310.4598901,1207.25392,-1920.269354,710.0521167,88.97135812,991.2118851,-907.3351375,-138.7889078,-451.7415607,590.3952554,366.3189312,113.896072,297.8851818,-250.3727543,320.0767814,-402.4387044,-301.8153066,-47.22679436,-58.43174657,8.22E-12
C_19_95.wav_Hypoxantha_simple_269,H:\Sporophila_vocalizations\M-F consolidated\converted_sound_files\C_19_95.wav,Hypoxantha_final_kjochecked_CecilasImageCorrections.txt,Hypoxantha,Entre_Rios,No year,simple,269,C_19_95,C_19_95.wav,D:/Sporophila_vocalizations/Entre_Rios/No year/Hypoxantha,C_19_95.wav_1852,NANANA,C_19_95.wav,1,1,3886.035484,3886.122559,3885.994849,3886.217373,0.337383,0.222524667,0.087075,3886.043224,3886.043224,3886.066444,3502.733333,3818.533333,3675,2043.633333,315.8333333,717.7666667,3818.533333,0.124327064,1.377829708,2871.1,-14.8,4191.8,173.1,2,112.4,1.778,3.068333333,1.251333333,3.620333333,0.337383178,3.617537992,0.810642161,3.633493063,-0.173370008,-0.262553533,-0.315998406,0.350613816,0.460891423,0.213093372,0.127260528,0.480332852,0.196002867,0.856024571,0.163915032,0.228541722,0.391958861,-0.23396685,-0.649223409,0.321173166,1.862,20.58095238,3.185,3.479,0.927964601,3.577,139.473,1.8452,139.473,141.0032336,5.5357,0.332378761,0.894702389,3.6905,0.829343333,-0.956667564,0.246807013,-0.549710889,Hypoxantha_Entre_Rios,NA,-0.23400264,-659.7415447,-1658.522078,-760.7257221,444.4352672,77.09104175,-759.7470715,562.057931,-238.416742,679.1362189,-861.7675053,225.0082532,26.01226683,203.2278912,751.6926685,73.00208289,253.2776023,-120.1783794,107.8387829,-288.2626588,-78.91018412,13.86075632,4.75E-13
C_19_96.wav_Ruficollis_simple_559,H:\Sporophila_vocalizations\M-F consolidated\converted_sound_files\C_19_96.wav,Ruficollis_final_kjochecked_CecilasImageCorrections.txt,Ruficollis,Entre_Rios,No year,simple,559,C_19_96,C_19_96.wav,D:/Sporophila_vocalizations/Entre_Rios/No year/Ruficollis,C_19_96.wav_2513,NANANA,C_19_96.wav,1,1,7935.467865,7935.556875,7935.436905,7935.597509,0.231775667,0.160605,0.08901,7935.49302,7935.49302,7935.5085,3244.3,3445.3,3359.133333,977.3333333,200.9666667,430.6666667,3445.266667,-0.968995418,0.464370448,3100.766667,-14.83333333,3675,9.866666667,1.666666667,106.0333333,1.620333333,2.305333333,1.270666667,2.408666667,0.231775701,3.356018694,-0.807619168,3.377775522,-1.071314032,-1.123859084,-0.689004136,-0.54088479,-0.467347603,0.165688954,0.096720584,1.312884588,1.194161342,0.834374724,-0.429098984,-0.301396049,0.445285712,-1.064453414,0.264872827,-1.240416988,0.588,22.26666667,3.675,3.577,-0.336089744,3.479,83.574,2.5654,83.574,84.74058879,5.2356,0.332378761,-0.957674597,2.6702,-0.090441245,-0.077066837,0.021447288,0.082197493,Ruficollis_Entre_Rios,NA,0.709680654,-2850.45733,772.7764732,313.8033215,-682.3535664,-1491.594696,-425.990759,-241.451357,731.6936659,162.6453926,499.0863869,37.31918739,-363.8972628,-85.35149005,42.18097073,-293.5658799,26.77003431,230.085522,83.2430153,-46.05560105,261.2367218,22.29595445,4.81E-12
C18_10_Hypoxantha.wav_Hypoxantha_simple_271,H:\Sporophila_vocalizations\M-F consolidated\converted_sound_files\C18_10_Hypoxantha.wav,Hypoxantha_final_kjochecked_CecilasImageCorrections.txt,Hypoxantha,E_Ibera,2018,simple,271,C18_10,C18_10_Hypoxantha.wav,D:/Sporophila_vocalizations/E_Ibera/2018/Hypoxantha,C18_10_Hypoxantha.wav_1862,NANANA,C18_10_Hypoxantha.wav,1,1,4219.253443,4219.350193,4219.218613,4219.404373,0.303738333,0.185759667,0.09675,4219.278598,4219.278598,4219.288273,3646.266667,4048.233333,3847.233333,2321.433333,401.9333333,775.2,3933.4,0.460779045,0.068538102,3330.466667,-19.76666667,4536.333333,69.23333333,1.333333333,128.3666667,1.452666667,3.141666667,1.228333333,3.054333333,0.303738318,3.836439501,-0.194317723,3.852887468,0.440221197,0.454485176,0.264550327,0.616824689,1.019235899,0.210447031,0.114470048,-0.851449422,-0.852467643,0.823366344,-0.077065182,-0.542393091,0.145380332,0.736007218,-1.258620899,0.321173166,2.058,14.12777778,3.381,3.479,0.199138889,3.871,18.172,2.0238,18.172,20.34714953,6.4286,0.332378761,0.304564585,4.4048,2.460560362,-1.694846382,3.836638989,1.029876691,Hypoxantha_E_Ibera,NA,0.8248073,-29.42839536,-3428.087527,1932.271476,1524.88241,1287.273412,-1910.114138,-894.6110482,-928.0263196,-2198.21593,-548.5265383,104.1218411,-518.1966714,-624.8628791,-695.4508496,670.9282992,20.61169902,-326.5817851,37.4276167,-196.537484,118.4008685,198.7868422,6.79E-12
C18_10_Hypoxantha.wav_Hypoxantha_simple_274,H:\Sporophila_vocalizations\M-F consolidated\converted_sound_files\C18_10_Hypoxantha.wav,Hypoxantha_final_kjochecked_CecilasImageCorrections.txt,Hypoxantha,E_Ibera,2018,simple,274,C18_10,C18_10_Hypoxantha.wav,D:/Sporophila_vocalizations/E_Ibera/2018/Hypoxantha,C18_10_Hypoxantha.wav_1875,NANANA,C18_10_Hypoxantha.wav,1,1,4244.243919,4244.330994,4244.212959,4244.392914,0.300000333,0.179954667,0.087075,4244.251659,4244.251659,4244.282619,3732.4,4076.966667,3904.666667,2638.866667,344.5666667,746.5,4048.233333,0.797133389,0.03808946,3330.466667,-29.66666667,4565.066667,54.4,1.333333333,126.9666667,1.459,3.215333333,1.231333333,3.425666667,0.3,3.836011163,-0.027811813,3.834945122,0.470203381,0.429372739,0.140459247,0.273894465,0.389269174,0.198570698,0.114039105,-0.572584195,-0.718124412,0.816629867,-0.108389421,-0.701025191,0.137856242,0.567231106,-2.172717135,0.477332181,2.45,19.35555556,3.871,3.577,-0.344511639,3.969,43.478,2.0833,43.478,44.97234579,6.6667,0.332378761,0.23899372,4.5834,0.738570451,-0.698720137,0.613859977,1.029876691,Hypoxantha_E_Ibera,NA,0.816995803,422.0181363,-1698.888404,814.5575536,829.2562499,224.6000245,406.2038503,419.0660376,-449.4100955,-1749.38435,-1425.361584,636.4017009,-162.3201943,223.1769526,-710.9906644,19.5699384,-115.6493421,-203.2764152,122.0477681,78.87135839,195.0442346,105.9304128,1.44E-11
C18_10_Hypoxantha.wav_Hypoxantha_simple_277,H:\Sporophila_vocalizations\M-F consolidated\converted_sound_files\C18_10_Hypoxantha.wav,Hypoxantha_final_kjochecked_CecilasImageCorrections.txt,Hypoxantha,E_Ibera,2018,simple,277,C18_10,C18_10_Hypoxantha.wav,D:/Sporophila_vocalizations/E_Ibera/2018/Hypoxantha,C18_10_Hypoxantha.wav_1894,NANANA,C18_10_Hypoxantha.wav,1,1,4272.487124,4272.585809,4272.448424,4272.643859,0.3,0.195434667,0.098685,4272.514214,4272.514214,4272.521954,3646.3,4048.233333,3904.666667,2440.466667,401.9333333,890.0333333,3904.666667,0.376617232,-0.068480787,3330.466667,-19.76666667,4593.766667,34.6,0.666666667,128.1333333,1.473333333,3.264666667,1.253333333,3.261666667,0.3,3.838456889,0.02485864,3.854095206,0.421732094,0.443549977,0.274104419,0.183981316,0.417616704,0.203710716,0.118664098,-0.675944802,-0.746235054,0.830754106,-0.095970955,-0.37067705,0.17720625,0.771287195,-0.953922154,0.321173166,1.96,9.811111111,4.263,2.989,-3.797201855,3.969,71.725,1.9643,71.725,73.16875701,6.6071,0.332378761,0.238993726,4.6428,0.610613787,-0.549769744,0.370372514,1.50371629,Hypoxantha_E_Ibera,NA,1.206017951,588.7549655,-1518.696915,1419.0869,598.5559718,222.4541365,789.8531424,-82.02171203,89.55501507,-1207.78011,-739.769632,351.9918248,106.7424431,118.6154568,-402.7484989,121.3896131,-382.7960461,-230.6770006,25.07803062,-135.5134957,59.58109009,-34.43433138,-2.66E-12
C18_10_Hypoxantha.wav_Hypoxantha_simple_279,H:\Sporophila_vocalizations\M-F consolidated\converted_sound_files\C18_10_Hypoxantha.wav,Hypoxantha_final_kjochecked_CecilasImageCorrections.txt,Hypoxantha,E_Ibera,2018,simple,279,C18_10,C18_10_Hypoxantha.wav,D:/Sporophila_vocalizations/E_Ibera/2018/Hypoxantha,C18_10_Hypoxantha.wav_1902,NANANA,C18_10_Hypoxantha.wav,1,1,4286.024358,4286.105627,4285.991463,4286.177222,0.299065333,0.185759667,0.08127,4286.043707,4286.043707,4286.061122,3675,4076.966667,3904.666667,2797.633333,401.9666667,775.1666667,3990.8,0.628907399,-0.281621281,3359.166667,-29.66666667,4565.033333,9.866666667,0.666666667,129.1333333,1.417,3.229666667,1.221333333,3.103,0.299065421,3.862423465,-0.037736205,3.873012457,0.562142135,0.552114849,0.266235202,0.642382831,1.031133807,0.209845837,0.113652689,-0.722884298,-0.785241895,0.815852187,-0.11149211,-0.71943292,0.122970653,0.706076456,-2.172717135,0.633491196,2.548,14.32222222,3.381,2.989,-1.529208332,4.067,85.26,2.0833,85.26,86.70173832,6.7857,0.332378761,0.222601005,4.7024,0.605507811,-0.581436478,0.374151002,1.029876691,Hypoxantha_E_Ibera,NA,0.503349667,672.1071512,-1806.468913,550.1640263,824.5283146,642.554103,860.913322,634.3662247,-633.2323621,-1855.333143,-950.7910591,505.3021354,-428.7816537,378.1983701,-730.5949525,67.85687628,-155.9532925,-264.1771454,35.67758236,20.17389474,178.6431693,52.31415225,1.22E-11
C18_10_Hypoxantha.wav_Hypoxantha_simple_285,H:\Sporophila_vocalizations\M-F consolidated\converted_sound_files\C18_10_Hypoxantha.wav,Hypoxantha_final_kjochecked_CecilasImageCorrections.txt,Hypoxantha,E_Ibera,2018,simple,285,C18_10,C18_10_Hypoxantha.wav,D:/Sporophila_vocalizations/E_Ibera/2018/Hypoxantha,C18_10_Hypoxantha.wav_1947,NANANA,C18_10_Hypoxantha.wav,1,1,4339.050994,4339.114849,4339.023904,4339.155484,0.248598333,0.13158,0.063855,4339.066474,4339.066474,4339.076149,3416.566667,3588.866667,3531.433333,1600.9,172.3,401.9333333,3560.133333,-0.632543438,0.129435386,3273.033333,-29.66666667,3904.666667,4.933333333,0.666666667,125.6,1.425,2.565333333,1.223333333,2.733666667,0.248598131,3.525175373,-1.060189576,3.532479735,-0.4192127,-0.636479553,-0.76819515,-0.201036288,0.567012243,0.170252353,0.08249148,-0.581299144,-0.734799082,0.794355483,-0.618114729,-1.24160436,0.116850385,-0.344798519,-1.258620899,-0.771939942,1.372,13.58333333,3.969,3.185,-3.195886346,3.577,138.242,2.0833,138.242,139.5878879,4.2262,0.332378761,-0.662605695,2.1429,0.363068575,-0.801870574,0.641523892,-2.129115094,Hypoxantha_E_Ibera,NA,-1.425403656,-1925.595441,903.6265559,-370.3490857,232.3963474,1391.359984,-1420.006484,1301.706365,-1871.472924,-793.112827,-525.9964567,-725.5725888,-780.8473113,493.7641178,-421.6920534,-271.58881,-204.4538172,-30.99981623,-11.55018768,-152.4834018,80.86154531,-14.5744612,-1.70E-11
C18_10_Hypoxantha.wav_Hypoxantha_simple_288,H:\Sporophila_vocalizations\M-F consolidated\converted_sound_files\C18_10_Hypoxantha.wav,Hypoxantha_final_kjochecked_CecilasImageCorrections.txt,Hypoxantha,E_Ibera,2018,simple,288,C18_10,C18_10_Hypoxantha.wav,D:/Sporophila_vocalizations/E_Ibera/2018/Hypoxantha,C18_10_Hypoxantha.wav_1976,NANA,C18_10_Hypoxantha.wav,1,1,4361.795907,4361.85686,4361.766882,4361.906202,0.2555775,0.13932,0.0609525,4361.836542,4361.836542,4361.824932,3402.2,3574.5,3488.4,1815.45,172.3,430.65,3445.3,-0.968897782,0.304515078,3186.9,-14.8,3789.85,7.4,1.5,126.15,1.4285,2.5,1.2385,3.1465,0.255577476,3.475218339,-0.969058296,3.487691874,-0.572085266,-0.789900067,-0.84889748,0.18993205,0.957824141,0.17402361,0.07916237,-0.031206712,-0.432398085,0.781882653,-0.600158531,-1.531542709,0.110448927,-0.464256655,-1.563319645,-0.537701419,1.617,12.33333333,3.822,2.94,-3.576478365,3.528,161.25,2.0238,161.25,162.0915849,4.3452,-1.154578853,-0.540186531,2.3214,-0.912489435,-0.207373185,0.933996732,-2.129115094,Hypoxantha_E_Ibera,NA,-1.881255386,-2145.227943,1353.225345,-2112.938231,-243.9229031,1840.160973,-1063.17376,374.7756492,-1487.143718,-1500.897041,-451.0543105,-434.0838494,-977.4950198,601.8421862,-132.2253558,-46.22383071,-164.6827914,-62.13790874,-34.86992182,-62.39600081,186.6903292,-68.8366111,2.57E-12
C18_11_Iberaensis.wav_Iberaensis_simple_73,H:\Sporophila_vocalizations\M-F consolidated\converted_sound_files\C18_11_Iberaensis.wav,Iberaensis_final_kjochecked_CecilasImageCorrections.txt,Iberaensis,E_Ibera,2018,simple,73,C18_11,C18_11_Iberaensis.wav,D:/Sporophila_vocalizations/E_Ibera/2018/Iberaensis,C18_11_Iberaensis.wav_408,NANANA,C18_11_Iberaensis.wav,1,1,209.4323697,209.5349247,209.3859297,209.7032693,0.403117,0.317339667,0.102555,209.4343047,209.4343047,209.4671997,3387.9,3617.566667,3531.433333,2757.333333,229.6666667,947.4666667,3474,-0.884833605,1.484399955,2784.966667,-178.0333333,4019.5,173.1,12.33333333,122.5666667,1.886,3.042666667,1.286,3.630666667,0.40311695,3.441019267,2.046029186,3.572000384,-1.665127369,-0.288300668,2.625893047,0.871239516,0.507119172,0.280462545,0.193789824,0.972518083,0.764142863,0.827270224,1.205810205,-0.394736849,0.288684783,-1.204509991,-3.696210861,-0.303462896,2.45,61.41666667,1.911,3.871,4.877086628,3.675,208.681,0.8456,208.681,210.73882,4.7794,0.332378761,2.047686359,3.9338,2.163793089,-1.216382514,1.836973981,-0.075687915,Iberaensis_E_Ibera,NA,3.38909534,-2153.822791,-4669.455275,-1410.427779,3715.983863,-2469.761146,234.0663937,-743.8330009,-6.469779145,-1202.114223,-2180.386917,-858.333509,215.9159116,-2044.111138,209.4565829,-840.2709271,-670.0869826,25.32660099,-57.67264958,-425.9452115,341.5670625,72.20789287,7.25E-12
C18_11_Iberaensis.wav_Iberaensis_simple_74,H:\Sporophila_vocalizations\M-F consolidated\converted_sound_files\C18_11_Iberaensis.wav,Iberaensis_final_kjochecked_CecilasImageCorrections.txt,Iberaensis,E_Ibera,2018,simple,74,C18_11,C18_11_Iberaensis.wav,D:/Sporophila_vocalizations/E_Ibera/2018/Iberaensis,C18_11_Iberaensis.wav_405,NANANA,C18_11_Iberaensis.wav,1,1,204.2620597,204.3684847,204.2136847,204.5252193,0.405760333,0.311534667,0.106425,204.2717347,204.2717347,204.3046297,3330.466667,3646.266667,3531.433333,2289.2,315.8,746.5,3531.433333,-0.716607615,1.301708103,2670.133333,-187.9333333,3962.066667,187.9333333,9.666666667,122.8333333,1.707,2.910666667,1.271,3.152,0.40576034,3.485356437,1.195635251,3.592193945,-0.989988247,-0.20809669,1.468207415,1.184091894,0.908922541,0.285772545,0.191799762,1.341337849,1.421480337,0.816226602,1.139017106,-0.654584408,0.299943379,-1.237957297,-1.563319645,-0.303462896,1.764,47.65555556,3.185,2.989,-0.274619322,3.675,203.518,1.7145,203.518,205.5757153,4.6691,0.332378761,2.094051955,2.9546,2.16352815,-1.197877517,1.798301362,-0.707596297,Iberaensis_E_Ibera,NA,3.157934213,-2301.373503,-4560.374782,-1042.363251,1589.042885,-1687.10818,-276.4569538,-852.3867986,-228.9788998,-279.861639,-1011.022171,-882.3923066,295.372752,-2410.618508,491.3111596,-1092.481409,-292.4269561,262.492296,-313.2065375,-254.9712937,97.28807938,177.1965166,9.08E-12
C18_11_Iberaensis.wav_Iberaensis_simple_86,H:\Sporophila_vocalizations\M-F consolidated\converted_sound_files\C18_11_Iberaensis.wav,Iberaensis_final_kjochecked_CecilasImageCorrections.txt,Iberaensis,E_Ibera,2018,simple,86,C18_11,C18_11_Iberaensis.wav,D:/Sporophila_vocalizations/E_Ibera/2018/Iberaensis,C18_11_Iberaensis.wav_1079,NANA,C18_11_Iberaensis.wav,1,1,68.466927,68.5801245,68.435,68.6149545,0.256542,0.179955,0.1131975,68.5685145,68.5685145,68.5162695,3057.7,3273.05,3186.9,1961.2,215.3,516.8,3100.75,-1.97810727,1.172301374,2928.5,-81.6,3574.5,81.6,2,126.35,1.4345,2.4415,1.2365,2.933,0.256542056,3.305349497,-0.233244563,3.313152036,-1.389436612,-1.133593732,-0.072392357,-0.190946566,-0.361664661,0.187723331,0.116834888,3.224133043,5.328567077,0.727373784,-0.146003228,-2.784012429,0.214739959,-1.462955279,-2.020367762,-0.771939942,1.617,25.44642857,2.793,3.234,1.690633256,3.381,68.117,1.9828,68.117,68.86004673,4.6983,-1.154578853,-0.523267607,2.7155,-1.161726705,0.068753073,-0.033115852,-1.339504678,Iberaensis_E_Ibera,NA,0.201601442,-4381.799061,-60.74381039,-4277.846523,-2555.442919,-3820.061306,-748.5528724,-179.0240046,709.8227809,-1648.179271,-52.25129923,-603.0289424,-1098.994838,-429.9714176,-185.1624088,-1089.314705,-30.80196811,-911.7795451,179.2667831,348.9268818,-705.1086956,51.09181484,1.50E-11
C18_12_Iberaensis.wav_Iberaensis_simple_106,H:\Sporophila_vocalizations\M-F consolidated\converted_sound_files\C18_12_Iberaensis.wav,Iberaensis_final_kjochecked_CecilasImageCorrections.txt,Iberaensis,E_Ibera,2018,simple,106,C18_12,C18_12_Iberaensis.wav,D:/Sporophila_vocalizations/E_Ibera/2018/Iberaensis,C18_12_Iberaensis.wav_1239,NANA,C18_12_Iberaensis.wav,1,1,304.9244335,305.0173125,304.875091,305.0695575,0.2705605,0.1944675,0.09288,304.959263,304.959263,304.9534585,3143.85,3445.3,3359.15,2155.15,301.45,602.95,3445.3,-0.968897782,1.492012115,2799.3,-111.3,3746.8,81.6,1.5,115.85,1.4915,2.9045,1.2565,3.905,0.270560747,3.38527455,0.273127881,3.412993631,-1.218039908,-0.867014936,0.257786622,0.083127131,0.337954126,0.197164977,0.113565688,0.331608468,0.30954599,0.808582079,-0.164796676,-0.890240164,0.289503832,-1.483193438,-2.020367762,-0.303462896,1.911,30.02380952,3.087,2.793,-1.456388888,3.381,73.941,2.069,73.941,74.72586916,4.4397,-1.154578853,-0.277376859,2.3707,-1.055943205,-0.07523043,0.099580995,-1.181435896,Iberaensis_E_Ibera,NA,-0.105822851,-2399.144313,607.3478349,-2368.535455,810.6791999,-108.581432,160.4641781,-186.0561542,64.83387052,-962.8883978,-1434.893985,-512.0817862,-636.193501,249.9918627,641.0682719,-566.3688133,252.779992,-136.7118967,-12.07350877,-10.12998636,3.282747664,104.1093154,-1.47E-11
C18_12_Iberaensis.wav_Iberaensis_simple_109,H:\Sporophila_vocalizations\M-F consolidated\converted_sound_files\C18_12_Iberaensis.wav,Iberaensis_final_kjochecked_CecilasImageCorrections.txt,Iberaensis,E_Ibera,2018,simple,109,C18_12,C18_12_Iberaensis.wav,D:/Sporophila_vocalizations/E_Ibera/2018/Iberaensis,C18_12_Iberaensis.wav_1243,NANANA,C18_12_Iberaensis.wav,1,1,314.065355,314.154365,313.999565,314.216285,0.302803667,0.216719667,0.08901,314.127275,314.127275,314.115665,3273.033333,3675,3445.266667,2150.433333,401.9333333,775.2,3531.433333,-0.716607615,0.616613658,2985.933333,-133.5,4105.666667,44.5,4.333333333,118.6666667,1.570666667,3.22,1.266,2.888,0.302803738,3.576709755,1.033289717,3.613683534,-0.676998819,-0.122092271,1.055261665,1.007197599,0.877897325,0.213900395,0.120491286,0.438253216,1.221430509,0.881256788,0.002155951,0.811394692,0.449350459,-0.809639109,-1.86801839,-0.147303881,1.96,18.68253968,3.773,3.185,-1.956112,3.479,82.849,1.8103,82.849,84.19850467,4.6983,0.332378761,0.288171864,2.888,0.372216781,-0.394615793,-0.12375454,-1.023550488,Iberaensis_E_Ibera,NA,-0.227181035,-933.2188786,-1375.340364,-2119.917653,1685.353511,-665.3230376,-33.74163525,898.5762657,196.8957719,355.1367539,-22.47688565,-398.8525765,-1134.047314,-76.16209511,23.51148723,-618.2325084,-11.24754756,-248.1930101,26.67870397,101.1615325,-157.2986639,-10.34896465,-1.88E-13
C18_12_Iberaensis.wav_Iberaensis_simple_38,H:\Sporophila_vocalizations\M-F consolidated\converted_sound_files\C18_12_Iberaensis.wav,Iberaensis_final_kjochecked_CecilasImageCorrections.txt,Iberaensis,E_Ibera,2018,simple,38,C18_12,C18_12_Iberaensis.wav,D:/Sporophila_vocalizations/E_Ibera/2018/Iberaensis,C18_12_Iberaensis.wav_506,NANANA,C18_12_Iberaensis.wav,1,1,474.350767,474.422362,474.290782,474.509437,0.294738333,0.218654667,0.071595,474.391402,474.391402,474.385597,3359.166667,3789.833333,3646.266667,2034.3,430.6333333,861.3333333,3847.266667,0.208488877,1.377829708,3043.366667,-49.46666667,4105.666667,14.8,1.666666667,120,1.418333333,3.209333333,1.232333333,2.481333333,0.294737967,3.669167826,0.641431414,3.720171893,-0.161864468,0.1150972,0.618026653,0.259902478,0.392616891,0.198936277,0.114343861,1.097140668,1.760965784,0.836641187,0.296288365,-0.218167297,0.38460426,-0.502661232,-0.649223409,-0.303462896,1.47,19.18730159,3.479,3.871,0.783223011,3.479,243.036,1.9853,243.036,244.5788925,4.8897,0.332378761,0.146696578,2.9044,0.8613621,-0.927269144,0.923498604,-0.707596297,Iberaensis_E_Ibera,NA,0.25834956,-984.8886652,-2007.754914,-1034.743526,-49.89961457,-1161.336017,-1257.480998,-65.22875689,203.2334839,303.4024254,-627.1735164,-643.3974888,-835.1833725,-321.5959873,-20.42967717,-434.9939508,538.572698,-58.22864206,175.8303098,-203.2437404,-197.7885697,110.8516182,4.45E-13
C18_12_Iberaensis.wav_Iberaensis_simple_42,H:\Sporophila_vocalizations\M-F consolidated\converted_sound_files\C18_12_Iberaensis.wav,Iberaensis_final_kjochecked_CecilasImageCorrections.txt,Iberaensis,E_Ibera,2018,simple,42,C18_12,C18_12_Iberaensis.wav,D:/Sporophila_vocalizations/E_Ibera/2018/Iberaensis,C18_12_Iberaensis.wav_496,NANANA,C18_12_Iberaensis.wav,1,1,461.9106763,462.003556,461.8487567,462.053866,0.263017333,0.20511,0.09288,461.947441,461.947441,461.947441,3244.333333,3789.833333,3531.433333,1691.166667,545.5333333,947.4333333,3818.533333,0.124327064,1.179913535,2985.933333,-103.8666667,4163.066667,64.3,2,121.6666667,1.624,3.500666667,1.239666667,3.091,0.263017289,3.679061932,0.656495335,3.717001885,-0.346934299,0.251192464,1.336054802,-0.092082273,-0.152167909,0.187659648,0.112965016,-0.812949542,-0.336518229,0.949745761,-0.136870188,2.401699175,0.637266899,-0.533323576,0.569571572,-0.303462896,1.078,16.9,3.283,3.185,-0.561721342,3.479,230.714,2.5,230.714,231.9822417,4.8897,0.332378761,-0.409690681,2.3897,0.166674392,-0.346124461,0.05960603,-0.707596297,Iberaensis_E_Ibera,NA,-0.437004455,584.6676297,245.5144585,40.23637277,1970.317816,374.0939265,-770.8128345,-113.148543,1081.312158,2024.724244,-207.1414671,-914.1661022,-660.9317828,248.6476765,284.3704315,-346.3429112,527.002438,-219.2217578,-18.61020372,-81.65468698,89.52578733,37.77259568,-2.31E-11
C18_12_Iberaensis.wav_Iberaensis_simple_52,H:\Sporophila_vocalizations\M-F consolidated\converted_sound_files\C18_12_Iberaensis.wav,Iberaensis_final_kjochecked_CecilasImageCorrections.txt,Iberaensis,E_Ibera,2018,simple,52,C18_12,C18_12_Iberaensis.wav,D:/Sporophila_vocalizations/E_Ibera/2018/Iberaensis,C18_12_Iberaensis.wav_467,NANANA,C18_12_Iberaensis.wav,1,1,421.9936397,422.098129,421.9452647,422.161984,0.300024667,0.216719667,0.10449,422.0091193,422.0091193,422.045884,3301.733333,3675,3474,1629.9,373.2333333,746.5,3560.133333,-0.632543438,1.682316128,3043.366667,-89.03333333,4105.666667,39.53333333,2.333333333,114.3666667,1.551,3.000666667,1.278333333,3.225333333,0.300024746,3.619166981,0.311423732,3.643604154,-0.473587229,-0.030598944,0.877120416,0.715380282,0.329325128,0.215476832,0.132034317,-0.221466449,-0.091068201,0.869542055,0.18133233,0.54585747,0.458805458,-0.586813895,-0.344524664,-0.459621911,1.274,33.04444444,3.871,3.479,-0.998615717,3.479,190.675,2.5735,190.675,192.146137,4.7059,0.332378761,0.239427776,2.1324,0.679867197,-0.836594087,0.501796823,-0.865481705,Iberaensis_E_Ibera,NA,0.410745577,-1119.33377,-1237.279309,-305.4141752,1299.304398,306.7217019,-445.7657188,-148.4424658,167.7241371,972.301955,-815.6095324,-1148.295634,-516.8168363,-176.2352835,420.5506758,-321.0432359,-82.79133388,-197.5579486,-11.04527234,161.6359336,11.54431192,127.7291829,-1.45E-11
C18_12_Iberaensis.wav_Iberaensis_simple_54,H:\Sporophila_vocalizations\M-F consolidated\converted_sound_files\C18_12_Iberaensis.wav,Iberaensis_final_kjochecked_CecilasImageCorrections.txt,Iberaensis,E_Ibera,2018,simple,54,C18_12,C18_12_Iberaensis.wav,D:/Sporophila_vocalizations/E_Ibera/2018/Iberaensis,C18_12_Iberaensis.wav_463,NANANA,C18_12_Iberaensis.wav,1,1,409.1046297,409.224599,409.05819,409.280714,0.302668,0.222524667,0.11997,409.1433297,409.1433297,409.1530047,3244.333333,3646.3,3416.566667,1862.766667,401.9333333,746.5,3675,-0.296091457,1.301708103,2928.5,-128.6,4019.533333,64.26666667,2.666666667,116.1,1.468666667,3.052333333,1.248666667,3.107,0.302668137,3.571486951,0.480092177,3.574143446,-0.607027768,-0.226729585,0.648990228,0.427465691,0.20880953,0.215222998,0.13397004,0.48000435,0.927811003,0.850964448,0.129313301,0.110864846,0.41997681,-0.975581125,-0.953922154,-0.303462896,1.568,32.3,3.479,2.989,-1.355281649,3.479,177.832,2.3897,177.832,179.2509973,4.5956,0.332378761,0.285793389,2.2059,0.547987824,-0.681900513,0.212676399,-1.023550488,Iberaensis_E_Ibera,NA,0.50547861,-1396.450772,-1218.465797,-1031.726522,818.8187412,-726.0018035,-488.295195,295.9492624,156.4205172,508.3337579,-783.8421136,-674.7092387,-475.870483,-365.4683061,273.1351547,-731.9913174,276.4318206,-83.36995127,30.66599808,96.34578247,-51.72374867,133.9377106,1.07E-11
C18_12_Iberaensis.wav_Iberaensis_simple_59,H:\Sporophila_vocalizations\M-F consolidated\converted_sound_files\C18_12_Iberaensis.wav,Iberaensis_final_kjochecked_CecilasImageCorrections.txt,Iberaensis,E_Ibera,2018,simple,59,C18_12,C18_12_Iberaensis.wav,D:/Sporophila_vocalizations/E_Ibera/2018/Iberaensis,C18_12_Iberaensis.wav_457,NANA,C18_12_Iberaensis.wav,1,1,380.7259755,380.815952,380.6853405,380.874002,0.2537655,0.1886625,0.0899775,380.737585,380.737585,380.7579025,3273,3445.3,3359.15,1360.3,172.25,602.95,3402.2,-1.095140502,1.195137856,3014.65,-37.1,3789.85,22.25,1.5,114.5,1.404,2.692,1.241,2.6735,0.253765425,3.42850467,-0.218812308,3.438726839,-0.977271782,-0.691380249,0.217610619,-0.495475553,-0.578432147,0.174071482,0.107121323,-0.259671161,-0.035471782,0.841671766,-0.240526047,-0.122695637,0.415573047,-1.322015708,-1.106271527,-1.006178465,1.176,36.91666667,3.087,2.94,-0.181968111,3.381,149.765,2.4632,149.765,150.5422892,4.5588,-1.154578853,-0.571970298,2.0956,-1.075115682,-0.07523043,0.349963159,-1.181435896,Iberaensis_E_Ibera,NA,-0.269245007,-2074.851291,1661.598343,-1387.293471,967.1615627,105.455457,-525.4098727,-709.7202179,303.7221726,-241.4333925,-1161.320864,-626.858342,-383.5288812,308.6658801,111.6597129,-548.9580574,-75.00392913,-100.9329882,-167.646377,179.9114525,-165.7791393,72.21907615,-8.44E-12
C18_12_Iberaensis.wav_Iberaensis_simple_63,H:\Sporophila_vocalizations\M-F consolidated\converted_sound_files\C18_12_Iberaensis.wav,Iberaensis_final_kjochecked_CecilasImageCorrections.txt,Iberaensis,E_Ibera,2018,simple,63,C18_12,C18_12_Iberaensis.wav,D:/Sporophila_vocalizations/E_Ibera/2018/Iberaensis,C18_12_Iberaensis.wav_452,NANA,C18_12_Iberaensis.wav,1,1,361.195091,361.2444335,361.142846,361.302483,0.2656605,0.1596375,0.0493425,361.218311,361.218311,361.218311,3402.2,3703.7,3531.4,1599.2,301.45,689.1,3660.65,-0.338123546,1.10379193,3014.65,-103.85,3832.9,51.9,5,117.85,1.412,2.712,1.248,2.5705,0.265660679,3.560465188,-0.129272172,3.596965745,-0.360378345,-0.366205346,-0.201741276,0.450895035,1.306465862,0.191217313,0.090021865,0.224140919,0.176273156,0.809705232,-0.066648223,-0.860413718,0.353564424,-1.035294364,-0.649223409,-0.537701419,1.323,37.5,2.793,3.234,1.641067041,3.675,130.174,2.5368,130.174,130.974359,4.6691,-1.154578853,-0.363325074,2.1323,-1.016764039,-0.237486237,0.343025809,-0.707596297,Iberaensis_E_Ibera,NA,0.072096941,-1699.447273,4.343316264,-1419.19686,-293.4814058,876.4042438,335.0315464,-706.4300121,46.45979556,-672.6945713,-646.6851447,-415.6544639,-897.6192436,282.5146093,395.0284809,-643.170627,473.598627,365.3765125,-143.1756225,-296.4017541,-100.8734756,81.13771978,1.83E-11
C18_12_Iberaensis.wav_Iberaensis_simple_67,H:\Sporophila_vocalizations\M-F consolidated\converted_sound_files\C18_12_Iberaensis.wav,Iberaensis_final_kjochecked_CecilasImageCorrections.txt,Iberaensis,E_Ibera,2018,simple,67,C18_12,C18_12_Iberaensis.wav,D:/Sporophila_vocalizations/E_Ibera/2018/Iberaensis,C18_12_Iberaensis.wav_443,NANA,C18_12_Iberaensis.wav,1,1,245.2520525,245.371054,245.1998075,245.440714,0.325137,0.2409075,0.1190025,245.301395,245.301395,245.29559,3402.25,3875.95,3617.6,2224.25,473.75,990.55,4091.3,0.923278473,-0.060868626,3057.7,-229.95,4565.05,140.95,4.5,117.75,1.5595,3.8585,1.2565,3.8385,0.32513695,3.819746949,0.910914327,3.847969794,0.065525285,0.742610937,1.750181812,0.872505998,0.818578902,0.235900344,0.143568946,-1.818906195,-1.087914998,0.921681424,0.047800494,1.755355688,0.424354741,-0.437656267,-1.106271527,0.16501415,1.911,41.07142857,4.41,3.234,-3.617475411,3.675,14.063,2.3529,14.063,15.36817187,4.7426,-1.154578853,0.679901023,2.3897,0.26008366,-1.384883303,4.057372967,-1.655275495,Iberaensis_E_Ibera,NA,-2.12925,1560.162687,-1193.055128,-1616.113042,3501.595439,2915.914015,-3204.307795,-1343.81798,-769.0931924,-611.0323384,-193.5877069,-815.9852204,-748.9633775,31.09624311,-664.9526258,-174.8440544,1043.120337,91.69276728,59.89098766,215.748219,-73.83177999,-331.2073862,1.29E-11
C18_12_Iberaensis.wav_Iberaensis_simple_99,H:\Sporophila_vocalizations\M-F consolidated\converted_sound_files\C18_12_Iberaensis.wav,Iberaensis_final_kjochecked_CecilasImageCorrections.txt,Iberaensis,E_Ibera,2018,simple,99,C18_12,C18_12_Iberaensis.wav,D:/Sporophila_vocalizations/E_Ibera/2018/Iberaensis,C18_12_Iberaensis.wav_1223,NANANA,C18_12_Iberaensis.wav,1,1,260.37308,260.471765,260.32277,260.53949,0.307476667,0.216719667,0.098685,260.3963,260.3963,260.41565,3244.3,3646.266667,3474,2284.466667,401.9333333,746.5,3646.266667,-0.38025327,1.301708103,3043.333333,-44.53333333,3990.833333,19.76666667,2.333333333,117.7,1.457,3.058,1.254,2.972666667,0.307476636,3.558636492,0.430908429,3.582440683,-0.570873079,-0.225735265,0.578628242,0.708851216,0.869101897,0.220669506,0.127420194,0.380851186,0.596840115,0.821587989,0.154423592,-0.573694927,0.272397622,-0.947388345,-2.172717135,-0.303462896,1.96,22.375,2.695,3.283,1.223718312,3.479,29.148,2.0259,29.148,30.52513084,4.6552,0.332378761,0.370135456,2.6293,0.442092987,-0.418267082,-0.058260784,-1.023550488,Iberaensis_E_Ibera,NA,0.143032248,-1656.759791,-1374.483431,-1628.746172,977.4338541,-392.8405796,218.2502305,847.0164723,-446.9977517,-224.9893701,-1240.848212,-561.9686309,-835.0708769,-112.7711929,-46.22126137,-457.3411615,219.3160515,-68.92571565,-14.47144252,11.34895482,-28.55079833,72.07936249,-8.10E-12
C18_16_Hypoxantha.wav_Hypoxantha_simple_290,H:\Sporophila_vocalizations\M-F consolidated\converted_sound_files\C18_16_Hypoxantha.wav,Hypoxantha_final_kjochecked_CecilasImageCorrections.txt,Hypoxantha,E_Ibera,2018,simple,290,C18_16,C18_16_Hypoxantha.wav,D:/Sporophila_vocalizations/E_Ibera/2018/Hypoxantha,C18_16_Hypoxantha.wav_1979,NANA,C18_16_Hypoxantha.wav,1,1,4393.595635,4393.679807,4393.53178,4393.726247,0.3154205,0.1944675,0.0841725,4393.668197,4393.668197,4393.64788,3832.9,4177.45,3962.1,2053.55,344.55,904.4,3875.95,0.292504237,0.6470623,3316.1,-74.15,4608.1,178.05,4.5,117.2,2.0585,3.5785,1.3045,4.072,0.315420561,3.956346022,0.737121617,3.969796722,0.908526177,0.868581897,0.370116856,1.044764247,0.744853729,0.201281008,0.110289067,-0.501325683,-0.588783005,0.906414425,0.077329167,1.400121411,0.470396503,0.79669194,-0.192175291,0.633491196,1.911,35.20238095,3.969,3.822,0.38512412,4.116,26.485,2.2024,26.485,27.6233271,5.9524,-1.154578853,0.509473541,3.75,-0.161924887,-0.767281421,2.638364002,1.029693316,Hypoxantha_E_Ibera,NA,-0.100945129,1469.607833,-1981.502863,-155.7826048,1119.8161,1808.034429,-1037.927143,-1988.164274,817.9840124,-544.2068684,-214.0099578,651.9066348,-678.3501976,236.767473,185.0821246,627.2190524,-59.81250541,-209.7066336,-101.6224885,326.278693,-60.72758861,-275.0413578,5.54E-12
C18_16_Hypoxantha.wav_Hypoxantha_simple_291,H:\Sporophila_vocalizations\M-F consolidated\converted_sound_files\C18_16_Hypoxantha.wav,Hypoxantha_final_kjochecked_CecilasImageCorrections.txt,Hypoxantha,E_Ibera,2018,simple,291,C18_16,C18_16_Hypoxantha.wav,D:/Sporophila_vocalizations/E_Ibera/2018/Hypoxantha,C18_16_Hypoxantha.wav_1981,NANANA,C18_16_Hypoxantha.wav,1,1,4399.428681,4399.496406,4399.386111,4399.575741,0.302804,0.18963,0.067725,4399.486731,4399.486731,4399.478991,3818.566667,4076.933333,3933.366667,2619.033333,258.4333333,746.5,3875.966667,0.292553055,0.129435386,3158.2,-49.46666667,4622.466667,79.1,2,115.6,1.838,3.204666667,1.291,4.024,0.302803738,3.810485269,1.142150577,3.831850945,0.414090244,0.428537164,0.25145674,-0.092699194,-0.365156651,0.188282014,0.117457014,0.24459728,-0.17886313,0.866357816,0.128763913,0.468296332,0.384166041,0.53884658,-1.258620899,0.633491196,2.254,13.61666667,3.479,4.067,2.165898091,4.165,32.088,2.0833,32.088,33.72518692,6.9643,0.332378761,0.28817187,4.881,1.099865428,-0.941080097,1.260880793,1.187762099,Hypoxantha_E_Ibera,NA,0.887704563,807.1741576,-1996.616303,758.9750799,1226.403683,-831.7116658,-752.2380016,-262.2415211,295.642721,-865.7005838,-823.3088527,851.8476029,-46.52008104,17.1473134,170.1571916,384.8741637,-422.3258673,-46.20309561,-13.30088486,-14.76152165,-35.90617891,39.49460199,1.18E-12
C18_19_Hypoxantha.wav_Hypoxantha_simple_292,H:\Sporophila_vocalizations\M-F consolidated\converted_sound_files\C18_19_Hypoxantha.wav,Hypoxantha_final_kjochecked_CecilasImageCorrections.txt,Hypoxantha,E_Ibera,2018,simple,292,C18_19,C18_19_Hypoxantha.wav,D:/Sporophila_vocalizations/E_Ibera/2018/Hypoxantha,C18_19_Hypoxantha.wav_2001,NANANA,C18_19_Hypoxantha.wav,1,1,4814.773685,4814.84528,4814.74466,4814.903329,0.311215,0.15867,0.071595,4814.79884,4814.79884,4814.81045,3818.533333,4048.233333,3933.4,2354.533333,229.6666667,631.6333333,3933.4,0.460779045,-0.220723997,3072.066667,-34.63333333,4364.066667,14.8,3.333333333,120.6666667,1.781,2.879,1.262666667,3.937,0.311214953,3.800572311,0.700534778,3.84126211,0.513086067,0.4103605,0.005824719,-0.042732458,0.409978155,0.180805885,0.095898046,0.129087639,-0.203110011,0.842222986,0.054016815,-0.09720941,0.335695871,0.488881611,-1.563319645,0.477332181,2.254,17.12777778,2.695,4.165,4.440045421,4.067,37.83,2.1825,37.83,39.41618692,6.627,0.332378761,0.435706321,4.4445,0.970868655,-0.836594087,0.893962774,1.029876691,Hypoxantha_E_Ibera,NA,0.682495569,577.2506907,-1978.280286,537.8242604,810.399829,-371.5196993,-248.3515949,176.1347211,-200.3700353,-1232.895816,-698.813843,898.4259927,-124.2141983,124.648656,-263.4477256,178.6436307,-257.7876535,51.02261585,-173.4311725,-301.1103916,-18.02923543,-35.28672922,-1.35E-11
C18_19_Hypoxantha.wav_Hypoxantha_simple_293,H:\Sporophila_vocalizations\M-F consolidated\converted_sound_files\C18_19_Hypoxantha.wav,Hypoxantha_final_kjochecked_CecilasImageCorrections.txt,Hypoxantha,E_Ibera,2018,simple,293,C18_19,C18_19_Hypoxantha.wav,D:/Sporophila_vocalizations/E_Ibera/2018/Hypoxantha,C18_19_Hypoxantha.wav_2004,NANANA,C18_19_Hypoxantha.wav,1,1,4830.180125,4830.245914,4830.145295,4830.319444,0.306542,0.17415,0.06579,4830.20141,4830.20141,4830.218825,3818.533333,4019.533333,3904.666667,2447.1,200.9666667,602.9333333,3990.8,0.628907399,0.266454275,3215.633333,-44.5,4507.633333,103.8333333,2.666666667,121.4666667,1.627333333,2.826333333,1.257666667,3.323333333,0.306542056,3.839919522,0.240228923,3.883792453,0.681775549,0.413531815,-0.326188931,0.085695787,0.265980797,0.188811255,0.106519595,0.836898575,0.428398676,0.817452013,0.116032545,-0.67319485,0.248493277,0.470440032,-1.258620899,0.321173166,2.058,17.77435897,3.969,3.969,-0.366038334,4.067,53.227,2.0635,53.227,54.81938318,6.8254,0.332378761,0.35374273,4.7619,0.986541158,-0.855703293,0.991258802,0.871807908,Hypoxantha_E_Ibera,NA,0.897377772,28.18271655,-2242.115329,469.3653031,-326.6145519,-693.5377127,-501.0323915,10.52235826,-148.7236833,-1130.239536,-886.2551326,816.8278406,-240.6031438,-66.75812314,-332.1790861,139.2833907,-116.1166036,122.0513263,-76.49594082,-75.72066844,105.6419491,101.6134632,5.13E-12
C18_19_Hypoxantha.wav_Hypoxantha_simple_295,H:\Sporophila_vocalizations\M-F consolidated\converted_sound_files\C18_19_Hypoxantha.wav,Hypoxantha_final_kjochecked_CecilasImageCorrections.txt,Hypoxantha,E_Ibera,2018,simple,295,C18_19,C18_19_Hypoxantha.wav,D:/Sporophila_vocalizations/E_Ibera/2018/Hypoxantha,C18_19_Hypoxantha.wav_2008,NANANA,C18_19_Hypoxantha.wav,1,1,4883.303511,4883.369301,4883.255136,4883.415741,0.312149667,0.160605,0.06579,4883.317056,4883.317056,4883.320926,3732.4,3962.1,3904.666667,2459.333333,229.6666667,631.6333333,3933.4,0.460779045,-0.175051034,3215.633333,-29.66666667,4478.933333,9.866666667,1.333333333,118.9,1.940666667,2.888333333,1.282,4.144333333,0.312149533,3.793557259,0.590935929,3.830276078,0.410335817,0.317275117,-0.022987037,0.661187401,1.032878101,0.200707351,0.104482513,0.437148535,0.159833512,0.822566097,0.041122619,-0.555854867,0.312441668,0.643689988,-1.563319645,0.477332181,2.254,15.43888889,3.577,3.087,-0.842437457,3.969,106.297,2.0635,106.297,107.9569907,6.627,0.332378761,0.452099042,4.5635,1.157544028,-0.97966452,1.235690878,0.871807908,Hypoxantha_E_Ibera,NA,0.910768011,165.4047481,-2769.160194,308.0614989,420.8137183,-142.0232627,-201.5412486,143.9012979,-362.6001501,-1538.27415,-402.5468071,714.9862129,-461.0731007,-171.9330123,-213.7648964,66.69423283,-269.9542294,90.29199957,136.5145661,-295.8486904,100.3619588,23.21546499,1.56E-11
C18_21_Hypoxantha.wav_Hypoxantha_simple_296,H:\Sporophila_vocalizations\M-F consolidated\converted_sound_files\C18_21_Hypoxantha.wav,Hypoxantha_final_kjochecked_CecilasImageCorrections.txt,Hypoxantha,E_Ibera,2018,simple,296,C18_21,C18_21_Hypoxantha.wav,D:/Sporophila_vocalizations/E_Ibera/2018/Hypoxantha,C18_21_Hypoxantha.wav_2013,NANANA,C18_21_Hypoxantha.wav,1,1,5091.592309,5091.673579,5091.536194,5091.721954,0.284112,0.18576,0.08127,5091.671644,5091.671644,5091.636814,3789.833333,4105.666667,3933.4,1679.9,315.8,602.9333333,3818.533333,0.124327064,-0.007583503,3445.266667,-39.53333333,4507.6,19.8,3,115.8666667,1.711666667,2.866333333,1.270666667,3.541333333,0.28411215,3.916167755,-0.120962491,3.919419461,0.907139058,0.561810653,-0.404649548,0.515140283,0.54124574,0.194190867,0.106898126,0.057284968,-0.227010916,0.855972402,-0.397192672,0.203693897,0.363727998,0.81891123,0.874270317,0.16501415,1.274,14.08333333,4.165,4.263,0.371843971,4.067,10.524,2.5397,10.524,11.67880374,6.5476,0.332378761,-0.039682461,4.0079,-0.120249736,0.009638719,-0.790972272,1.029693316,Hypoxantha_E_Ibera,NA,0.769789266,767.4911024,-677.0621224,1111.043572,-1010.610962,469.8447155,1061.115993,163.9947788,781.5992126,313.1318219,336.3944858,335.7899435,-163.1752043,225.7014133,152.9948266,79.13829975,-485.404205,158.5212136,-148.8676712,68.16680604,-35.61244834,-65.83926514,1.26E-11
C18_21_Hypoxantha.wav_Hypoxantha_simple_297,H:\Sporophila_vocalizations\M-F consolidated\converted_sound_files\C18_21_Hypoxantha.wav,Hypoxantha_final_kjochecked_CecilasImageCorrections.txt,Hypoxantha,E_Ibera,2018,simple,297,C18_21,C18_21_Hypoxantha.wav,D:/Sporophila_vocalizations/E_Ibera/2018/Hypoxantha,C18_21_Hypoxantha.wav_2016,NANANA,C18_21_Hypoxantha.wav,1,1,5103.84277,5103.910495,5103.81568,5103.976285,0.251402,0.160605,0.067725,5103.871795,5103.871795,5103.8776,3904.666667,4134.4,3990.8,1190.533333,229.7,631.6333333,4105.666667,0.965359379,0.220781312,3474.033333,-44.53333333,4364.066667,44.5,5.666666667,115.7333333,1.717666667,2.641333333,1.277666667,3.278333333,0.251401869,3.920139852,-0.381081653,3.953884335,0.845714882,0.650475246,-0.056092799,-1.017564679,-1.009827381,0.149275632,0.090163167,-0.742600865,-0.642505084,0.888049044,-0.579952405,0.943467378,0.513828744,0.522094317,1.178969063,-0.303462896,0.882,23.61111111,4.165,3.577,-2.001825311,4.165,22.862,2.6587,22.862,23.936,5.873,0.332378761,-0.613427551,3.2143,-0.324630548,0.342053852,-0.707575673,0.871807908,Hypoxantha_E_Ibera,NA,0.378843036,1401.404694,1176.090006,1925.147872,-437.5130668,99.33296035,138.2045806,-80.35469042,1227.187271,907.4868029,-535.6489817,200.7120716,217.6596044,330.7344987,-491.9088917,29.03116807,135.3743404,98.18321736,-108.6150527,14.86384223,-51.00409398,-47.94006324,-5.16E-12
C18_21_Hypoxantha.wav_Hypoxantha_simple_298,H:\Sporophila_vocalizations\M-F consolidated\converted_sound_files\C18_21_Hypoxantha.wav,Hypoxantha_final_kjochecked_CecilasImageCorrections.txt,Hypoxantha,E_Ibera,2018,simple,298,C18_21,C18_21_Hypoxantha.wav,D:/Sporophila_vocalizations/E_Ibera/2018/Hypoxantha,C18_21_Hypoxantha.wav_2019,NANANA,C18_21_Hypoxantha.wav,1,1,5122.283284,5122.352944,5122.256194,5122.434214,0.304673,0.17802,0.06966,5122.302634,5122.302634,5122.316179,3818.533333,4076.933333,3962.1,2050.233333,258.4,574.2333333,4019.533333,0.713069212,-0.068480787,3359.166667,-54.4,4507.633333,24.7,6.333333333,119.5333333,1.737333333,2.767333333,1.248333333,3.676666667,0.304672897,3.875124583,-0.025578014,3.90810053,0.736292175,0.561288606,-0.061571902,-0.153274029,-0.04624209,0.182489938,0.105870819,1.123626917,1.299863646,0.837131131,-0.205584713,-0.227723465,0.307535195,0.654454015,-0.344524664,0.321173166,1.764,20.47474747,3.773,3.087,-1.989214093,4.165,41.251,2.4603,41.251,42.43385981,6.5079,0.332378761,0.320957306,4.0476,-0.049286145,0.064746276,-0.952817438,0.7139225,Hypoxantha_E_Ibera,NA,0.789657285,656.3743155,-969.3459285,-81.27273654,-1419.311307,-1296.573792,579.6583561,590.6538834,792.2798804,-108.0134558,-226.7657075,665.2587654,11.46779409,-21.09686511,-526.0997418,-346.8858916,-141.9052587,-101.9924941,-101.3988111,-1.981811175,163.3897575,-44.9767855,2.62E-11
C18_21_Hypoxantha.wav_Hypoxantha_simple_299,H:\Sporophila_vocalizations\M-F consolidated\converted_sound_files\C18_21_Hypoxantha.wav,Hypoxantha_final_kjochecked_CecilasImageCorrections.txt,Hypoxantha,E_Ibera,2018,simple,299,C18_21,C18_21_Hypoxantha.wav,D:/Sporophila_vocalizations/E_Ibera/2018/Hypoxantha,C18_21_Hypoxantha.wav_2022,NANANA,C18_21_Hypoxantha.wav,1,1,5133.893262,5133.991946,5133.866172,5134.048061,0.286915667,0.18189,0.098685,5133.897132,5133.897132,5133.935831,3818.566667,4048.266667,3962.1,1640.233333,229.7,602.9333333,4019.533333,0.713069212,0.175108349,3416.6,-19.76666667,4421.5,34.63333333,2.333333333,116.9333333,1.699333333,2.887333333,1.256666667,3.527,0.286915888,3.906583329,-0.146787356,3.92572988,0.862737142,0.582006836,-0.263951584,-0.035351406,-0.04890364,0.189107599,0.112536837,-0.524558594,-0.623949328,0.870965981,-0.360591096,0.554622791,0.37793173,0.972013787,0.569571572,0.16501415,1.372,19.16666667,3.577,3.381,-0.713333334,4.067,52.88,2.5794,52.88,54.00682243,6.1508,0.332378761,0.009495683,3.5714,-0.191024215,0.180676249,-0.966132099,0.556037092,Hypoxantha_E_Ibera,NA,0.061718292,1345.583185,134.7240063,987.2097446,-566.0772733,666.8811392,652.9096264,479.0970894,531.5122535,692.546231,-348.8541932,355.5580039,65.30302266,416.3384439,-203.3266566,134.0466727,-225.3524348,-78.88184879,65.89581301,-0.245328841,16.72467614,-92.62516521,1.20E-11
C18_21_Hypoxantha.wav_Hypoxantha_simple_300,H:\Sporophila_vocalizations\M-F consolidated\converted_sound_files\C18_21_Hypoxantha.wav,Hypoxantha_final_kjochecked_CecilasImageCorrections.txt,Hypoxantha,E_Ibera,2018,simple,300,C18_21,C18_21_Hypoxantha.wav,D:/Sporophila_vocalizations/E_Ibera/2018/Hypoxantha,C18_21_Hypoxantha.wav_2025,NANANA,C18_21_Hypoxantha.wav,1,1,5150.005975,5150.079505,5149.95373,5150.125945,0.289330333,0.172215,0.07353,5150.056285,5150.056285,5150.036935,3761.133333,3933.4,3875.966667,1865.066667,172.2666667,545.5,3875.966667,0.292553055,0.251229954,3330.433333,-29.66666667,4478.9,49.43333333,1.666666667,122.1333333,1.686666667,2.758666667,1.237666667,3.588,0.289330151,3.87779486,-0.417580655,3.866463625,0.737980731,0.42589693,-0.408148438,0.560877523,1.10012644,0.194456442,0.09700982,1.013044462,1.135236063,0.834099441,-0.298456727,-0.302720445,0.269345042,0.78259015,0.569571572,0.477332181,1.568,18.41666667,3.969,4.165,0.893652585,3.969,69,2.5794,69,70.09166355,6.5476,0.332378761,0.051842361,3.9682,-0.27995327,0.488464984,-1.170214379,0.7139225,Hypoxantha_E_Ibera,NA,0.439983459,339.6980928,-964.1016498,-84.93600397,-2080.692096,-211.8849945,1251.116411,573.0938919,759.535056,264.2505416,538.6879809,380.9876692,-575.7575356,15.18489629,-32.78469185,42.83363701,49.25942855,-282.3863419,-109.4702426,-103.4889277,228.2097571,-100.6740381,1.24E-11
C18_21_Hypoxantha.wav_Hypoxantha_simple_301,H:\Sporophila_vocalizations\M-F consolidated\converted_sound_files\C18_21_Hypoxantha.wav,Hypoxantha_final_kjochecked_CecilasImageCorrections.txt,Hypoxantha,E_Ibera,2018,simple,301,C18_21,C18_21_Hypoxantha.wav,D:/Sporophila_vocalizations/E_Ibera/2018/Hypoxantha,C18_21_Hypoxantha.wav_2028,NANANA,C18_21_Hypoxantha.wav,1,1,5168.193005,5168.280079,5168.162045,5168.336194,0.289719333,0.17415,0.087075,5168.243314,5168.243314,5168.239444,3818.533333,4105.666667,3962.1,2288.4,287.1333333,574.2,4019.533333,0.713069212,-0.175051034,3387.866667,-59.33333333,4536.333333,54.4,4.666666667,122.5,1.676666667,2.873,1.259333333,3.994,0.289719626,3.896701944,-0.079950364,3.924504404,0.830254762,0.529507701,-0.331539905,-0.079439747,-0.187988066,0.183008621,0.108964778,0.315968588,-0.057384912,0.821886852,-0.273290285,-0.586064424,0.222953222,0.775544965,-0.344524664,0.477332181,1.862,13.01666667,3.675,3.283,-1.180798042,4.165,87.2,1.9444,87.2,88.32968224,6.5476,0.332378761,0.058673839,4.6032,-0.183790751,0.370421009,-0.992851401,0.871807908,Hypoxantha_E_Ibera,NA,0.409913243,977.3658625,-231.686138,505.7063449,-1087.533534,-395.5223797,959.9665327,711.6470188,273.5671067,-473.2522044,-572.9899695,612.896814,158.9290896,219.8002529,-300.2443516,228.7268983,-201.3626361,74.67981655,18.58067911,161.6584077,106.3888962,-16.97965625,-1.49E-11
C18_30_Hypoxantha.wav_Hypoxantha_simple_494,H:\Sporophila_vocalizations\M-F consolidated\converted_sound_files\C18_30_Hypoxantha.wav,Hypoxantha_final_kjochecked_CecilasImageCorrections.txt,Hypoxantha,E_Ibera,2018,simple,494,C18_30,C18_30_Hypoxantha.wav,D:/Sporophila_vocalizations/E_Ibera/2018/Hypoxantha,C18_30_Hypoxantha.wav_2867,"palustrispalustrispalustris, noice",C18_30_Hypoxantha.wav,1,1,5817.540971,5817.571931,5817.517751,5817.604826,0.231986,0.087075,0.03096,5817.550646,5817.550646,5817.554516,4478.9,4708.6,4622.466667,2535.7,229.7,689.0666667,4651.2,2.563262196,-0.951491405,3761.1,-54.4,5541.2,108.8333333,2,107.1666667,2.147666667,3.248,1.283333333,3.700333333,0.23198594,4.518217188,1.162026559,4.508601477,2.765212705,2.471291793,0.689658494,-1.687734551,-1.045315728,0.116150301,0.057682597,-0.532683174,-0.613613342,0.888365797,-0.802190286,0.941079281,0.387441567,2.707286047,1.483667808,1.882763319,2.156,10.08333333,4.557,4.851,1.264971297,4.753,50.28,2.8214,50.28,51.26807557,6.5714,0.332378761,-0.953986956,3.75,-0.541963371,0.53471895,-0.840785343,-1.497206712,Hypoxantha_E_Ibera,NA,-1.531208648,6065.35052,1501.666953,543.7334024,-1641.39517,469.7990461,-1600.172616,1569.821772,295.7756227,702.5632837,-748.5816174,-381.4380614,-570.7427381,208.3117737,4.575907317,-130.0171772,-145.4381732,6.961677968,-187.4592224,-315.3122209,14.70862314,-216.1924065,2.18E-13
C18_30_Hypoxantha.wav_Hypoxantha_simple_496,H:\Sporophila_vocalizations\M-F consolidated\converted_sound_files\C18_30_Hypoxantha.wav,Hypoxantha_final_kjochecked_CecilasImageCorrections.txt,Hypoxantha,E_Ibera,2018,simple,496,C18_30,C18_30_Hypoxantha.wav,D:/Sporophila_vocalizations/E_Ibera/2018/Hypoxantha,C18_30_Hypoxantha.wav_2877,palustrispalustris,C18_30_Hypoxantha.wav,1,1,5857.158084,5857.192914,5857.134864,5857.219037,0.177944,0.0841725,0.03483,5857.184207,5857.184207,5857.175499,4435.85,4780.4,4608.1,2589.3,344.55,775.2,4565,2.310776758,-0.928654923,3919,-22.25,5124.9,59.35,2,115.7,2.377,3.456,1.365,4.215,0.177943761,4.552939749,0.909416166,4.528407208,3.048601213,2.458433703,0.085800181,-2.162524099,-1.895029736,0.097747611,0.05471772,-0.028898116,-0.389013982,0.86522508,-0.110902732,0.432020895,0.380414039,2.994947914,1.178969063,1.804683812,2.205,14.89285714,5.292,4.263,-6.729896519,4.704,90.118,2.9643,90.118,90.53389982,5.9286,-1.154578853,-1.90189796,2.9643,-1.989195233,3.834989235,-1.669082034,-1.971046311,Hypoxantha_E_Ibera,NA,-1.845494341,6454.293743,4409.103249,-999.8763358,-3016.281268,-89.50261883,-263.3671241,814.0704164,229.0412619,602.5634931,-1397.474718,353.0428938,-1397.05585,-953.6261532,-197.1612396,865.5900481,-408.968519,-54.25239298,-196.4911285,-33.09532518,5.860620938,111.6350807,-1.44E-11
C18_30_Hypoxantha.wav_Hypoxantha_simple_498,H:\Sporophila_vocalizations\M-F consolidated\converted_sound_files\C18_30_Hypoxantha.wav,Hypoxantha_final_kjochecked_CecilasImageCorrections.txt,Hypoxantha,E_Ibera,2018,simple,498,C18_30,C18_30_Hypoxantha.wav,D:/Sporophila_vocalizations/E_Ibera/2018/Hypoxantha,C18_30_Hypoxantha.wav_2887,palustrispalustris,C18_30_Hypoxantha.wav,1,1,5863.764161,5863.825114,5863.746746,5863.851236,0.181898,0.10449,0.0609525,5863.781576,5863.781576,5863.804796,4392.8,4866.5,4565,2267.9,473.75,904.4,4737.3,2.815454728,-2.595718073,3832.9,-37.1,5340.25,14.8,1.5,112.3,2.249,3.6955,1.3895,4.0175,0.181898067,4.520897271,0.815560109,4.498735615,2.887222954,2.427431562,0.332533693,-1.802069401,-2.002360995,0.109647952,0.068568082,-0.632448063,-0.735046493,0.893319195,0.542972822,1.115552988,0.466107847,2.719221058,1.63601718,1.570445289,1.911,12.69047619,5.292,3.969,-7.578202851,4.704,96.718,3.1786,96.718,97.1474464,5.6786,-1.154578853,-1.832538624,2.5,-1.954931232,3.062223789,-1.61481021,-1.655275495,Hypoxantha_E_Ibera,NA,-1.870646267,7182.082729,4399.579031,-418.1824441,-2162.723289,46.55467562,-218.7560389,328.8203114,-380.9255808,701.4812978,-148.7482733,560.3272933,-766.7300374,-552.9219775,-658.1159869,59.08886756,-271.6847697,483.5883316,49.62711129,144.3128949,27.78343671,308.3674745,-3.60E-12
C18_30_Hypoxantha.wav_Hypoxantha_simple_499,H:\Sporophila_vocalizations\M-F consolidated\converted_sound_files\C18_30_Hypoxantha.wav,Hypoxantha_final_kjochecked_CecilasImageCorrections.txt,Hypoxantha,E_Ibera,2018,simple,499,C18_30,C18_30_Hypoxantha.wav,D:/Sporophila_vocalizations/E_Ibera/2018/Hypoxantha,C18_30_Hypoxantha.wav_2889,"alustrisalustris, faint",C18_30_Hypoxantha.wav,1,1,5866.094864,5866.132597,5866.071644,5866.170329,0.2557115,0.098685,0.0377325,5866.112279,5866.112279,5866.115182,4306.65,4651.2,4521.95,3517.85,344.55,732.15,4521.95,2.184680492,-0.129378071,3488.35,-140.95,5383.3,133.5,4.5,121.75,2.483,3.467,1.2645,4.836,0.255711776,4.368181107,1.808333713,4.36896399,2.18938868,2.061401005,0.811494345,-1.850067727,-1.450974727,0.116848276,0.065750685,-0.080237123,-0.416994103,0.865277675,-0.63423673,0.410500975,0.321609623,2.324318962,-0.649223409,2.507399381,3.234,18.7008547,5.586,5.292,-1.312047057,4.557,99.047,2.4643,99.047,99.60334622,6.3571,-1.154578853,-0.537830899,3.8928,-1.633957351,3.676091136,-1.814337004,-2.129115094,Hypoxantha_E_Ibera,NA,-1.811762047,5820.731643,3253.61084,-2451.15045,-1418.86499,-138.6536799,103.873651,1814.200619,525.4382543,68.89940501,-2372.878783,379.6424694,-810.8621933,-1136.886052,203.36567,910.4538005,-55.97846426,-503.3164973,-231.0564065,-234.6951072,102.7608586,-59.03568193,-7.91E-12
C18_30_Hypoxantha.wav_Hypoxantha_simple_501,H:\Sporophila_vocalizations\M-F consolidated\converted_sound_files\C18_30_Hypoxantha.wav,Hypoxantha_final_kjochecked_CecilasImageCorrections.txt,Hypoxantha,E_Ibera,2018,simple,501,C18_30,C18_30_Hypoxantha.wav,D:/Sporophila_vocalizations/E_Ibera/2018/Hypoxantha,C18_30_Hypoxantha.wav_2903,"alustris, faintalustris, faint",C18_30_Hypoxantha.wav,1,1,5894.873095,5894.931145,5894.844071,5894.992098,0.20826,0.1480275,0.05805,5894.875998,5894.875998,5894.881803,4177.4,4651.2,4565,2517.8,473.7,1292,4608.1,2.437019477,-1.979133072,3531.4,-192.9,5426.35,140.95,4,109.65,2.7935,3.8575,1.5635,4.3105,0.208260105,4.396023187,2.168831385,4.340774654,1.816033495,2.322706056,2.226441594,-1.495308149,-1.569215946,0.136821779,0.087872423,-0.571326392,-0.568537775,0.928990079,-0.570316705,1.897966081,0.601266692,1.952549123,1.178969063,1.804683812,2.205,16.95535714,4.998,4.41,-2.386211706,4.557,127.828,3.1429,127.828,128.2910791,5.8571,-1.154578853,-1.370143007,2.7142,-1.869862441,3.702080066,-1.798586668,-0.707596297,Hypoxantha_E_Ibera,NA,-1.823217306,7135.227085,3820.080666,-1349.026233,-270.6343485,-436.7451074,578.3637785,714.9820958,1598.140917,537.0862788,50.88302939,-240.0052152,-652.751141,-802.4461838,-311.4251794,765.1998005,304.8334557,361.9514481,117.8971414,-268.6471626,60.62335197,116.6870967,1.88E-11
C18_31_Hypoxantha.wav_Hypoxantha_simple_502,H:\Sporophila_vocalizations\M-F consolidated\converted_sound_files\C18_31_Hypoxantha.wav,Hypoxantha_final_kjochecked_CecilasImageCorrections.txt,Hypoxantha,E_Ibera,2018,simple,502,C18_31,C18_31_Hypoxantha.wav,D:/Sporophila_vocalizations/E_Ibera/2018/Hypoxantha,C18_31_Hypoxantha.wav_2907,noicenoice,C18_31_Hypoxantha.wav,1,1,5999.876633,6000.062393,5999.835998,6000.132053,0.374341,0.296054,0.18576,6000.021758,6000.021758,5999.998538,3919,4306.6,4177.45,2236.35,387.6,990.55,4091.3,0.923278473,0.898263596,3445.3,-170.65,4780.35,178.05,7.5,112.65,2.413,3.566,1.4145,3.7715,0.374340949,4.00660331,1.868414416,4.017804922,0.88611504,1.288161508,1.47878838,2.344430851,0.528451821,0.285562849,0.198502551,-0.116287385,-0.222353393,0.939198866,0.578567199,2.188352247,0.642181532,1.358962364,-0.649223409,0.399252673,1.911,46.2,4.704,4.557,-0.401165467,4.851,86.068,2.5091,86.068,87.53624956,5.7818,-1.154578853,1.542949352,3.2727,0.672563984,-1.563717566,4.679892777,0.871807908,Hypoxantha_E_Ibera,NA,-0.023072318,2219.085462,-4365.76405,-892.1364748,2404.605612,1809.875475,-2470.691623,-2892.122355,916.1472903,-353.2855795,-339.2236045,432.0424306,-712.0209842,-410.7342644,-197.6611187,832.6572811,-288.4867675,162.1149025,791.1963473,717.4670055,46.79402945,-460.2549935,-9.41E-12
C18_38.wav_Hypoxantha_simple_303,H:\Sporophila_vocalizations\M-F consolidated\converted_sound_files\C18_38.wav,Hypoxantha_final_kjochecked_CecilasImageCorrections.txt,Hypoxantha,E_Ibera,2019,simple,303,C18_38,C18_38.wav,D:/Sporophila_vocalizations/E_Ibera/2019/Hypoxantha,C18_38.wav_2037,NANA,C18_38.wav,1,1,6343.114002,6343.18076,6343.082075,6343.23881,0.3392525,0.156735,0.0667575,6343.166247,6343.166247,6343.148832,3703.7,3919,3832.9,1666.65,215.35,602.9,3789.85,0.040311705,0.121823226,3273,-66.75,4263.55,66.75,3.5,126.75,1.6265,2.972,1.256,3.4365,0.339252336,3.783931007,-0.483496842,3.803032959,0.363320381,0.177133889,-0.283422392,1.163233047,1.997711163,0.211395817,0.097641656,-0.584986538,-0.574810839,0.874252776,0.161437284,0.653302294,0.300555965,0.498158817,0.264872827,-0.069224373,1.323,25.625,3.822,3.675,-0.297074351,3.969,3.727,2.3413,3.727,4.638700934,5.4365,-1.154578853,0.927487813,3.0952,-0.735141446,0.206568924,-0.001988319,-0.07587129,Hypoxantha_E_Ibera,NA,-0.438629592,322.5019435,-602.4832471,-975.2988802,-166.7541091,2499.802303,1021.932453,-672.4351392,-78.31128331,387.5422138,529.1108212,402.9713367,-283.813061,189.8904726,-212.0615805,-104.9110732,-72.02448285,-149.3939453,-242.0700878,-391.0053327,174.4809884,-169.7785559,1.02E-11
C18_38.wav_Hypoxantha_simple_304,H:\Sporophila_vocalizations\M-F consolidated\converted_sound_files\C18_38.wav,Hypoxantha_final_kjochecked_CecilasImageCorrections.txt,Hypoxantha,E_Ibera,2019,simple,304,C18_38,C18_38.wav,D:/Sporophila_vocalizations/E_Ibera/2019/Hypoxantha,C18_38.wav_2039,NANA,C18_38.wav,1,1,6346.422846,6346.509921,6346.385114,6346.559263,0.2621495,0.17415,0.087075,6346.425749,6346.425749,6346.469286,3316.1,3488.4,3402.25,1329.35,172.25,387.6,3402.25,-1.094994048,0.715571744,3057.7,-14.8,3660.65,22.25,3,125.6,1.4345,2.475,1.24,2.4575,0.262149532,3.374460336,-0.952352773,3.388354631,-0.852772073,-1.100403329,-1.07009838,-0.447970223,-0.752561938,0.166848621,0.103062095,0.125983728,-0.230273893,0.802043014,-0.476940581,-1.057266885,0.220913079,-1.086693647,-0.649223409,-1.006178465,1.029,11.91666667,2.94,3.087,0.73930421,3.528,6.955,2.3016,6.955,8.048785046,4.0079,-1.154578853,-0.424911319,1.7063,-0.274587272,-0.96149629,3.235184925,-2.287000502,Hypoxantha_E_Ibera,NA,-1.997153513,-2831.82964,1427.529163,-1358.16916,272.8391969,1378.320669,-3704.94966,-987.1476403,-1348.044244,-1128.950934,-502.1778697,-505.226311,-301.4095033,169.9043446,12.45748372,337.5904836,133.6691014,117.2984547,46.90633852,464.4081111,-49.06583947,-184.820761,1.44E-12
C18_38.wav_Hypoxantha_simple_306,H:\Sporophila_vocalizations\M-F consolidated\converted_sound_files\C18_38.wav,Hypoxantha_final_kjochecked_CecilasImageCorrections.txt,Hypoxantha,E_Ibera,2019,simple,306,C18_38,C18_38.wav,D:/Sporophila_vocalizations/E_Ibera/2019/Hypoxantha,C18_38.wav_2049,NANANA,C18_38.wav,1,1,6360.781485,6360.851145,6360.74472,6360.947895,0.322335,0.203174667,0.06966,6360.816315,6360.816315,6360.816315,3761.133333,4019.533333,3933.4,1865.066667,258.4,660.3666667,3875.966667,0.292553055,0.34257588,3215.633333,-39.53333333,4421.466667,14.83333333,1.666666667,133.8,1.388,2.824,1.25,2.711333333,0.32233506,3.827054918,-0.565774728,3.844928348,0.530452369,0.31303015,-0.275882978,0.071014525,0.374211012,0.193635797,0.109377784,1.477019957,2.711304539,0.795731154,0.082171865,-1.179572062,0.196020144,0.449443149,-0.039825918,0.321173166,1.666,20.01851852,3.871,3.479,-0.417166934,3.969,21.202,2.4603,21.202,22.53173832,6.4286,0.332378761,0.630755292,3.9683,0.32222078,-0.253962781,-0.500908404,0.871807908,Hypoxantha_E_Ibera,NA,0.944478521,-515.6734511,-1917.880821,-323.4778344,-2426.219833,-1715.50408,371.463805,207.1950686,575.5980848,-341.8993737,200.9524648,360.7494661,60.60749107,-266.7201275,-620.9546309,-383.0781573,216.7772442,-740.0967552,-110.7361234,2.89054562,-218.4016055,-32.76237953,-4.83E-12
C18_38.wav_Hypoxantha_simple_307,H:\Sporophila_vocalizations\M-F consolidated\converted_sound_files\C18_38.wav,Hypoxantha_final_kjochecked_CecilasImageCorrections.txt,Hypoxantha,E_Ibera,2019,simple,307,C18_38,C18_38.wav,D:/Sporophila_vocalizations/E_Ibera/2019/Hypoxantha,C18_38.wav_2052,NANANA,C18_38.wav,1,1,6364.405733,6364.506353,6364.372838,6364.587623,0.340186667,0.214784667,0.10062,6364.423148,6364.423148,6364.450238,3675,4048.266667,3875.966667,1851.833333,373.2333333,689.0666667,3962.1,0.544843222,0.875427115,3186.9,-24.7,4277.933333,54.4,1.666666667,130.4,1.476666667,2.905,1.073666667,3.562333333,0.340186916,3.795464423,0.142548507,3.767995512,0.296350712,0.23657561,0.002242994,0.437851866,0.038677496,0.20944284,0.131280882,0.702542796,1.017416368,0.819538781,0.231840353,-0.617270538,0.309250565,0.289495006,0.264872827,0.321173166,1.568,13.83333333,3.871,3.479,-0.925916115,3.871,24.795,2.381,24.795,26.21636449,6.746,0.332378761,0.943880539,4.365,0.55397529,-0.472919214,-0.317671866,1.029876691,Hypoxantha_E_Ibera,NA,1.269897584,-111.4655298,-2041.287898,376.2173703,-1081.800473,-870.3937287,567.6329836,-146.3283082,628.0162873,170.3018579,-507.9047058,143.5540309,641.2630557,-269.3811252,101.1117691,-87.24161043,173.020684,-210.8463543,217.2772688,51.91809931,-143.2840337,80.80238426,1.06E-11
C18_38.wav_Hypoxantha_simple_309,H:\Sporophila_vocalizations\M-F consolidated\converted_sound_files\C18_38.wav,Hypoxantha_final_kjochecked_CecilasImageCorrections.txt,Hypoxantha,E_Ibera,2019,simple,309,C18_38,C18_38.wav,D:/Sporophila_vocalizations/E_Ibera/2019/Hypoxantha,C18_38.wav_2056,NANANA,C18_38.wav,1,1,6372.592702,6372.697192,6372.538522,6372.772657,0.342990667,0.234134333,0.10449,6372.617857,6372.617857,6372.625597,3875.966667,4306.6,4163.1,2129.6,430.6666667,1119.733333,4220.5,1.301713724,-0.159826713,3387.866667,-84.06666667,4737.3,64.3,4.666666667,133.3666667,1.558,3.582333333,1.242666667,3.729333333,0.342990654,4.08594362,0.361518324,4.109224463,1.26676158,1.248145329,0.610036253,0.962430641,1.335786435,0.235625465,0.133897314,-0.876377489,-0.724217362,0.89029854,0.206104489,1.030335817,0.32452902,1.266579949,0.569571572,0.945809227,1.862,17.42261905,4.655,3.479,-3.25586939,4.361,32.98,2.3413,32.98,34.36987851,6.1111,0.332378761,0.993058684,3.7698,0.474336272,-0.563053801,-0.509699937,0.871807908,Hypoxantha_E_Ibera,NA,0.541970273,2602.387521,-2169.288779,902.1883801,133.802084,1396.495095,1070.488401,211.5374299,262.2876927,648.1522309,90.15355976,195.7276992,132.5719866,200.4383802,-150.0685723,-295.2647067,31.32861952,-157.3308432,-136.8971352,-233.8764117,122.5555103,-8.449869865,-1.83E-11
C18_38.wav_Hypoxantha_simple_311,H:\Sporophila_vocalizations\M-F consolidated\converted_sound_files\C18_38.wav,Hypoxantha_final_kjochecked_CecilasImageCorrections.txt,Hypoxantha,E_Ibera,2019,simple,311,C18_38,C18_38.wav,D:/Sporophila_vocalizations/E_Ibera/2019/Hypoxantha,C18_38.wav_2066,NANANA,C18_38.wav,1,1,6389.814169,6389.918658,6389.777404,6389.990253,0.313084,0.212849667,0.10449,6389.823844,6389.823844,6389.860608,3646.266667,3962.1,3847.266667,2010.566667,315.8,689.0666667,3875.966667,0.292553055,0.555716374,3158.2,-49.43333333,4364.066667,39.56666667,3.333333333,128.9333333,1.452,3.019,1.229333333,3.181666667,0.313084112,3.797793122,-0.265287333,3.798756951,0.441547738,0.276568832,-0.18908227,0.542572938,0.432284441,0.208624309,0.123311203,0.719615974,1.259752223,0.81929846,0.00372062,-0.633786743,0.230329381,0.44343919,-0.039825918,0.321173166,1.666,15.42222222,3.969,3.283,-1.515389719,3.969,50.275,2.5,50.275,51.49470093,6.627,0.332378761,0.468491745,4.127,0.043897889,0.040904889,-0.896949811,0.871807908,Hypoxantha_E_Ibera,NA,0.928887251,-133.6334159,-1406.746288,4.277813676,-1484.717199,-727.3134994,1111.61371,307.4251832,610.1970896,15.99322072,-160.5034946,300.4172845,1.247462614,-92.28708417,-174.2220562,-164.5687516,42.07400705,-408.1422679,93.99256995,158.6347337,-69.26622031,4.356088729,8.06E-12
C18_38.wav_Hypoxantha_simple_312,H:\Sporophila_vocalizations\M-F consolidated\converted_sound_files\C18_38.wav,Hypoxantha_final_kjochecked_CecilasImageCorrections.txt,Hypoxantha,E_Ibera,2019,simple,312,C18_38,C18_38.wav,D:/Sporophila_vocalizations/E_Ibera/2019/Hypoxantha,C18_38.wav_2069,NANANA,C18_38.wav,1,1,6394.914819,6395.030918,6394.881924,6395.108318,0.329906667,0.226394667,0.1161,6394.907079,6394.907079,6394.967063,3646.266667,3990.8,3818.533333,2050.233333,344.5333333,746.4666667,4019.533333,0.713069212,0.433921806,3100.766667,-29.66666667,4364.066667,24.73333333,1.333333333,127.5666667,1.461333333,3.076,1.250666667,3.673666667,0.329906542,3.781599443,-0.245923193,3.769843345,0.320888739,0.211491078,-0.110802778,0.564280456,0.341242369,0.217825378,0.134166347,0.025192582,0.006919082,0.823300708,0.120126466,-0.535638826,0.251296033,0.161547376,0.264872827,0.633491196,1.764,36.97979798,4.165,3.283,-2.323287035,3.871,55.348,2.5794,55.348,56.67373832,6.8254,0.332378761,0.763560659,4.246,0.312103386,-0.240795842,-0.62948696,1.029693316,Hypoxantha_E_Ibera,NA,0.87201078,259.7835937,-1382.318187,689.0327307,-736.0177376,57.30262561,1094.141576,164.8428534,206.9166086,-15.70073627,-355.4950814,210.3776051,701.3096203,1.86254716,132.8268364,-21.82008501,423.2157748,-151.5592863,90.8174233,163.2004358,108.7306527,150.500833,-2.12E-11
C18_38.wav_Hypoxantha_simple_313,H:\Sporophila_vocalizations\M-F consolidated\converted_sound_files\C18_38.wav,Hypoxantha_final_kjochecked_CecilasImageCorrections.txt,Hypoxantha,E_Ibera,2019,simple,313,C18_38,C18_38.wav,D:/Sporophila_vocalizations/E_Ibera/2019/Hypoxantha,C18_38.wav_2072,NANANA,C18_38.wav,1,1,6399.5472,6399.640079,6399.5085,6399.723284,0.343045,0.214784667,0.09288,6399.560745,6399.560745,6399.587834,3674.966667,3962.133333,3818.533333,2261.9,287.1,631.6666667,3933.4,0.460779045,0.570940695,3129.466667,-39.53333333,4364.066667,29.7,2.333333333,124.7,1.481666667,2.893,1.246,3.428,0.343044979,3.768034108,-0.068236835,3.7759418,0.365763429,0.204909888,-0.217944323,0.46097735,0.464014576,0.213945527,0.128055941,0.086588463,-0.235718163,0.820271657,0.233513476,-0.602850793,0.218361296,-0.300598627,-0.649223409,0.321173166,1.862,42.76666667,3.969,3.381,-1.436438358,3.871,59.913,1.9841,59.913,61.35934579,6.5476,0.332378761,0.994011562,4.5635,0.617161724,-0.578825575,-0.238703227,0.7139225,Hypoxantha_E_Ibera,NA,0.487841896,-250.8750718,-1645.908601,247.2184965,-90.82345711,125.3187367,637.841683,342.9125443,-295.8346756,-216.4043731,-798.0503772,325.1740425,567.3061813,227.3830889,-67.82419254,96.29609331,365.5136249,107.6840704,-276.4369742,120.4200424,-38.62454181,160.3724215,-1.43E-11
C18_38.wav_Hypoxantha_simple_314,H:\Sporophila_vocalizations\M-F consolidated\converted_sound_files\C18_38.wav,Hypoxantha_final_kjochecked_CecilasImageCorrections.txt,Hypoxantha,E_Ibera,2019,simple,314,C18_38,C18_38.wav,D:/Sporophila_vocalizations/E_Ibera/2019/Hypoxantha,C18_38.wav_2075,NANANA,C18_38.wav,1,1,6404.57819,6404.688485,6404.537555,6404.762014,0.324766667,0.224459667,0.110295,6404.5898,6404.5898,6404.626565,3617.566667,3962.1,3818.566667,2142.8,344.5333333,746.4666667,3990.833333,0.629005035,0.327351559,3129.466667,-29.66666667,4450.2,14.83333333,0.666666667,126.8333333,1.537,3.188,1.271,4.027666667,0.324766356,3.796169561,0.016786538,3.796946864,0.358705144,0.291114022,0.014782769,0.909769058,0.752839206,0.222047436,0.130910413,-0.370345063,-0.423011204,0.846263723,0.08663932,-0.001693925,0.293241678,0.320250446,-0.039825918,0.633491196,1.862,32.88636364,3.381,3.283,-0.455826874,3.871,64.991,2.381,64.991,66.31993458,6.746,0.332378761,0.673400721,4.365,0.320187847,-0.260503685,-0.539882856,1.345830881,Hypoxantha_E_Ibera,NA,1.105497937,532.644513,-1670.320924,896.984741,-15.08571438,478.2274876,1486.418716,80.13654446,362.9467051,-83.22029074,-282.9134481,431.379678,360.1544647,66.03686615,168.9513182,-35.49984754,208.9640036,-120.7896654,120.2913354,109.9802047,109.9989497,103.822876,-6.54E-12
C18_38.wav_Hypoxantha_simple_319,H:\Sporophila_vocalizations\M-F consolidated\converted_sound_files\C18_38.wav,Hypoxantha_final_kjochecked_CecilasImageCorrections.txt,Hypoxantha,E_Ibera,2019,simple,319,C18_38,C18_38.wav,D:/Sporophila_vocalizations/E_Ibera/2019/Hypoxantha,C18_38.wav_2087,NANANA,C18_38.wav,1,1,6434.835726,6434.938281,6434.804766,6434.994395,0.339252667,0.18963,0.102555,6434.855076,6434.855076,6434.895711,3818.533333,4191.8,3990.8,1878.3,373.2333333,717.7666667,4134.366667,1.049423557,-0.144602392,3416.566667,-93.96666667,4651.166667,98.93333333,6.333333333,121.6,1.54,3.29,1.237,3.208666667,0.339252337,4.00089065,-0.19506278,4.0039256,1.095552709,0.965283298,0.238206074,2.087756431,2.346913346,0.240121726,0.120023174,-0.86337359,-0.751974359,0.869306687,0.217043453,0.540929197,0.304683948,1.315399721,0.569571572,0.477332181,1.568,20,4.459,3.773,-2.205861692,4.067,95.164,2.1825,95.164,96.66407477,5.5556,0.332378761,0.927487825,3.3731,0.753061018,-0.832306765,0.074660968,0.7139225,Hypoxantha_E_Ibera,NA,0.681529709,1577.601626,-2989.754503,940.3044788,-109.2909706,2341.675411,1215.202897,33.33589985,-240.6042781,352.2505318,609.3143665,44.87997782,-400.9636883,14.03145751,-307.4230782,-348.6215735,-93.83374103,29.41400297,213.1755303,-149.4215862,238.0302616,89.04622604,-1.43E-11
C18_4- Hypoxantha.wav_Hypoxantha_simple_325,H:\Sporophila_vocalizations\M-F consolidated\converted_sound_files\C18_4- Hypoxantha.wav,Hypoxantha_final_kjochecked_CecilasImageCorrections.txt,Hypoxantha,E_Ibera,2018,simple,325,C18_4,C18_4- Hypoxantha.wav,D:/Sporophila_vocalizations/E_Ibera/2018/Hypoxantha,C18_4- Hypoxantha.wav_2135,NANA,C18_4- Hypoxantha.wav,1,1,6674.970692,6675.040352,6674.930057,6675.089694,0.2439255,0.1596375,0.06966,6674.996814,6674.996814,6675.005522,3273.05,3488.4,3359.15,972.15,215.35,344.55,3402.2,-1.095140502,0.213169152,3143.85,-14.8,3703.7,0,0,108.8,1.3445,2.3675,1.24,2.808,0.243925233,3.416455309,-1.446060569,3.4136768,-0.743452149,-1.034650653,-1.12380935,0.259863608,0.791277167,0.177632725,0.085797352,-0.914602265,-0.854878951,0.819179992,-0.628056404,-0.663571561,0.201141353,-0.667788054,0.264872827,-1.006178465,0.735,29.83333333,3.381,3.381,0,3.528,46.711,2.8175,46.711,47.50131776,4.0476,-1.154578853,-0.744569284,1.2301,-1.042161802,0.105249761,0.664824566,-2.287000502,Hypoxantha_E_Ibera,NA,-1.922910821,-2155.798746,2414.881153,-1176.235197,-268.7337518,2732.428126,-966.1724778,-87.11644172,-1222.868341,-169.377517,430.0671214,-713.5279863,-669.0323395,384.0950788,64.23710935,-183.8671846,20.1870959,-29.66010319,64.09959389,-18.76495974,-37.01266765,-19.23049199,-2.45E-11
C18_4- Hypoxantha.wav_Hypoxantha_simple_326,H:\Sporophila_vocalizations\M-F consolidated\converted_sound_files\C18_4- Hypoxantha.wav,Hypoxantha_final_kjochecked_CecilasImageCorrections.txt,Hypoxantha,E_Ibera,2018,simple,326,C18_4,C18_4- Hypoxantha.wav,D:/Sporophila_vocalizations/E_Ibera/2018/Hypoxantha,C18_4- Hypoxantha.wav_2137,NANANA,C18_4- Hypoxantha.wav,1,1,6679.686277,6679.798507,6679.641772,6679.854622,0.298131,0.212849667,0.11223,6679.717237,6679.717237,6679.736587,3617.566667,3990.833333,3818.533333,1812.166667,373.2666667,689.0666667,3875.933333,0.292455419,-0.098929429,3359.166667,-19.76666667,4335.333333,0,0,112.9666667,1.349666667,3.072666667,1.251,2.476666667,0.298130841,3.832853691,-0.571866783,3.827869633,0.530340874,0.333511929,-0.223743754,1.019000233,1.026714486,0.220650408,0.124537552,-0.839531631,-0.749602,0.834020189,-0.079438415,-0.294215432,0.184968664,0.03906682,0.569571572,0.321173166,1.47,42.22222222,3.577,3.185,-0.977715619,3.871,51.231,2.5,51.231,52.53693458,6.4683,0.332378761,0.20620829,3.9683,0.262012829,-0.183537844,-0.265987574,0.556037092,Hypoxantha_E_Ibera,NA,0.632552047,260.1852507,-922.5754592,1120.621494,-277.0708311,1350.079527,1136.302041,144.953202,-234.776322,-91.06558009,277.5797968,-124.3805518,32.07286288,-59.10260367,70.40899263,-176.1040785,243.8951565,100.8061556,-147.0659135,281.2000076,-58.68580745,157.9220162,-4.34E-12
C18_4- Hypoxantha.wav_Hypoxantha_simple_327,H:\Sporophila_vocalizations\M-F consolidated\converted_sound_files\C18_4- Hypoxantha.wav,Hypoxantha_final_kjochecked_CecilasImageCorrections.txt,Hypoxantha,E_Ibera,2018,simple,327,C18_4,C18_4- Hypoxantha.wav,D:/Sporophila_vocalizations/E_Ibera/2018/Hypoxantha,C18_4- Hypoxantha.wav_2140,NANANA,C18_4- Hypoxantha.wav,1,1,6685.781515,6685.86472,6685.742816,6685.94212,0.307476667,0.199304667,0.083205,6685.78345,6685.78345,6685.816345,3761.1,3933.4,3818.533333,1653.433333,172.2666667,660.3333333,3962.133333,0.544940857,-0.083705108,3416.566667,-54.36666667,4507.6,39.53333333,1.666666667,111.2,1.540666667,2.941333333,1.240666667,2.832666667,0.307476635,3.862240583,-0.53701745,3.857580111,0.711494574,0.388786856,-0.448818088,0.853877,1.431479413,0.210318697,0.106851973,-0.938139706,-0.860848654,0.855075158,0.00847111,0.200139298,0.289204675,-0.1129898,1.178969063,0.321173166,1.274,73.55555556,3.675,3.479,-0.806187699,3.969,57.321,2.8175,57.321,58.64757944,6.4286,0.332378761,0.37013545,3.6111,0.314230875,-0.138279709,-0.301568314,0.397968309,Hypoxantha_E_Ibera,NA,0.483896594,516.0592506,-898.1338122,1231.507272,-367.9497877,1762.937853,1030.541787,81.95737866,-236.4051611,524.7732586,539.2084832,29.79619617,36.97763432,-112.5778916,206.6414886,-259.45889,584.3841837,249.2582424,-412.9537446,-44.35683883,-100.3986134,102.8851992,3.56E-12
C18_4- Hypoxantha.wav_Hypoxantha_simple_329,H:\Sporophila_vocalizations\M-F consolidated\converted_sound_files\C18_4- Hypoxantha.wav,Hypoxantha_final_kjochecked_CecilasImageCorrections.txt,Hypoxantha,E_Ibera,2018,simple,329,C18_4,C18_4- Hypoxantha.wav,D:/Sporophila_vocalizations/E_Ibera/2018/Hypoxantha,C18_4- Hypoxantha.wav_2152,NANA,C18_4- Hypoxantha.wav,1,1,6702.161259,6702.236724,6702.120624,6702.277359,0.246729,0.156735,0.075465,6702.172869,6702.172869,6702.193186,3316.1,3488.4,3402.2,1071.45,172.3,344.55,3445.3,-0.968897782,0.395861004,3186.9,-14.8,3703.7,7.4,0.5,117.6,1.3095,2.373,1.245,2.187,0.246728972,3.406232879,-1.239970716,3.411956039,-0.786845932,-1.019117767,-0.996963526,0.073970299,0.484918762,0.17667917,0.090409792,-0.830723001,-0.818551604,0.825828332,-0.600211384,-0.507421843,0.219501189,-0.808559426,0.264872827,-1.006178465,0.735,49.08333333,3.087,3.234,0.631686748,3.528,73.952,2.7381,73.952,74.64771028,4.0476,-1.154578853,-0.69539114,1.3095,-1.281457081,0.757697031,-0.299858995,-2.287000502,Hypoxantha_E_Ibera,NA,-1.832942048,-1940.814848,2974.122574,-1445.514885,-349.7628957,2295.812276,-268.364943,233.8775059,-889.3942166,314.2638485,133.4397605,-663.0399228,-502.9436852,271.1773071,113.6116397,-146.5825795,89.09625288,21.94071863,55.22485597,-44.7801023,-62.05375811,73.28403068,1.04E-11
C18_4- Hypoxantha.wav_Hypoxantha_simple_330,H:\Sporophila_vocalizations\M-F consolidated\converted_sound_files\C18_4- Hypoxantha.wav,Hypoxantha_final_kjochecked_CecilasImageCorrections.txt,Hypoxantha,E_Ibera,2018,simple,330,C18_4,C18_4- Hypoxantha.wav,D:/Sporophila_vocalizations/E_Ibera/2018/Hypoxantha,C18_4- Hypoxantha.wav_2154,NANANA,C18_4- Hypoxantha.wav,1,1,6708.072672,6708.148137,6708.026232,6708.200382,0.325233667,0.17415,0.075465,6708.113307,6708.113307,6708.111372,3732.4,3933.366667,3818.566667,1851.833333,200.9666667,574.2333333,3818.566667,0.1244247,-0.190275355,3387.866667,-69.23333333,4565.033333,29.66666667,0.666666667,114.9,1.441666667,2.730333333,1.243333333,3.510333333,0.325233645,3.836236304,-0.728366365,3.824484433,0.605908673,0.284564052,-0.500143251,1.616151851,2.388743317,0.222312048,0.101453518,-0.511012701,-0.653530896,0.821931785,0.082628764,-0.569415809,0.1512435,-0.139695708,0.264872827,0.321173166,1.568,58.48888889,3.185,3.087,-0.346072607,3.969,79.605,2.6587,79.605,80.92579439,6.5079,0.332378761,0.681597067,3.8492,0.299598475,-0.077066837,-0.585809453,0.240082901,Hypoxantha_E_Ibera,NA,0.249748177,-176.2990525,-1583.172159,275.0653901,-589.3397385,1971.196254,1737.768025,597.2238887,-814.1650863,-64.41732499,702.5387459,-15.75727746,-304.3128372,-8.857488274,16.98185994,-165.232985,383.8066858,252.614999,-468.234641,-17.62015975,42.40425795,91.37835868,2.00E-12
C18_4- Hypoxantha.wav_Hypoxantha_simple_333,H:\Sporophila_vocalizations\M-F consolidated\converted_sound_files\C18_4- Hypoxantha.wav,Hypoxantha_final_kjochecked_CecilasImageCorrections.txt,Hypoxantha,E_Ibera,2018,simple,333,C18_4,C18_4- Hypoxantha.wav,D:/Sporophila_vocalizations/E_Ibera/2018/Hypoxantha,C18_4- Hypoxantha.wav_2166,NANANA,C18_4- Hypoxantha.wav,1,1,6733.465627,6733.539157,6733.419187,6733.603012,0.307477,0.183825,0.07353,6733.490782,6733.490782,6733.500457,3703.7,3962.1,3847.266667,2169.266667,258.4,602.9333333,3875.966667,0.292553055,0.129435386,3416.566667,-89,4507.6,54.4,1.666666667,118,1.429333333,2.945,1.241666667,2.611333333,0.307476636,3.871711302,-0.564899605,3.86264815,0.7236342,0.424754743,-0.382123115,1.119789131,1.704637402,0.212948099,0.104518573,-0.574132849,-0.727291261,0.806912041,-0.072255235,-0.926082808,0.121934248,0.134066198,-0.649223409,0.477332181,1.96,25.53636364,3.283,3.087,-1.027813618,3.969,104.96,2.381,104.96,106.3311495,6.5476,0.332378761,0.370135456,4.1666,0.426964175,-0.358398987,-0.087049249,0.240082901,Hypoxantha_E_Ibera,NA,0.21330646,-27.44750422,-1537.085006,386.5462778,-332.0209873,1551.275104,1060.628905,679.1326888,-866.1197491,-780.4751809,-290.3941965,20.35577659,-439.8389658,170.5161351,-141.7080557,-25.83934597,223.6445434,19.75062456,-332.035776,105.0597978,19.12037571,117.8781767,2.44E-12
C18_4- Hypoxantha.wav_Hypoxantha_simple_335,H:\Sporophila_vocalizations\M-F consolidated\converted_sound_files\C18_4- Hypoxantha.wav,Hypoxantha_final_kjochecked_CecilasImageCorrections.txt,Hypoxantha,E_Ibera,2018,simple,335,C18_4,C18_4- Hypoxantha.wav,D:/Sporophila_vocalizations/E_Ibera/2018/Hypoxantha,C18_4- Hypoxantha.wav_2174,NANANA,C18_4- Hypoxantha.wav,1,1,6748.276088,6748.361228,6748.227713,6748.413473,0.312149667,0.18576,0.08514,6748.289633,6748.289633,6748.318658,3675,3933.366667,3818.533333,2248.666667,258.4,660.3666667,3904.666667,0.376617232,-0.083705108,3387.866667,-19.76666667,4536.333333,9.866666667,0.666666667,116.9333333,1.399666667,2.883,1.240333333,3.002666667,0.312149532,3.837350682,-0.391710665,3.81449957,0.554620281,0.343883201,-0.246399568,1.410751689,1.799679894,0.218640851,0.10848457,-0.299581964,-0.542797267,0.807034031,0.02304321,-0.919061545,0.138364533,0.648804827,-0.344524664,0.633491196,1.96,21.44444444,3.087,3.087,0.158703908,3.969,119.819,2.3016,119.819,121.1479907,7.0635,0.332378761,0.45209903,4.7619,0.320329678,-0.116943394,-0.357435932,0.7139225,Hypoxantha_E_Ibera,NA,0.690446753,267.0039588,-1830.650838,480.6222499,-611.0051062,1264.549164,1651.653035,506.5026185,-553.2082805,-794.8929753,68.89642096,140.0948061,-313.4854255,-45.35651448,5.883131327,26.54228492,-16.72220457,-33.91244131,68.9897857,-16.79231109,224.7245319,54.65532221,1.92E-11
C18_4- Hypoxantha.wav_Hypoxantha_simple_336,H:\Sporophila_vocalizations\M-F consolidated\converted_sound_files\C18_4- Hypoxantha.wav,Hypoxantha_final_kjochecked_CecilasImageCorrections.txt,Hypoxantha,E_Ibera,2018,simple,336,C18_4,C18_4- Hypoxantha.wav,D:/Sporophila_vocalizations/E_Ibera/2018/Hypoxantha,C18_4- Hypoxantha.wav_2177,NANANA,C18_4- Hypoxantha.wav,1,1,6754.098492,6754.202982,6754.050117,6754.261032,0.326168333,0.210914667,0.10449,6754.142997,6754.142997,6754.144932,3617.566667,3962.133333,3818.533333,2301.6,344.5333333,689.0666667,3761.1,-0.043898926,-0.129378071,3359.166667,-34.6,4507.6,0,0,116.2666667,1.423,3.049333333,1.254333333,2.773333333,0.326168224,3.84168903,-0.175470749,3.815606221,0.520628544,0.341747895,-0.183289779,1.596077036,1.831425333,0.235515453,0.124782413,-0.452624839,-0.605426929,0.817566573,0.129267794,-0.669142345,0.147506613,0.348378895,-0.344524664,0.633491196,1.96,33.74786325,3.969,2.891,-2.433459917,3.969,125.637,2.4603,125.637,126.9659907,7.1429,0.332378761,0.697989782,4.6826,0.320329678,-0.116943394,-0.559854847,0.7139225,Hypoxantha_E_Ibera,NA,1.068420952,124.5679158,-1958.753773,437.8229736,-217.5174277,1230.044403,2010.876954,446.5287245,-464.4426656,-589.3163201,174.0636663,144.3735851,-174.9160792,-204.0407826,253.4843724,-163.6677672,-224.4546887,14.08334932,-189.8913682,120.2496808,24.28319349,44.33895574,4.64E-12
C18_40.wav_Hypoxantha_simple_342,H:\Sporophila_vocalizations\M-F consolidated\converted_sound_files\C18_40.wav,Hypoxantha_final_kjochecked_CecilasImageCorrections.txt,Hypoxantha,E_Ibera,2019,simple,342,C18_40,C18_40.wav,D:/Sporophila_vocalizations/E_Ibera/2019/Hypoxantha,C18_40.wav_2191,NANANA,C18_40.wav,1,1,6776.056829,6776.140034,6776.021999,6776.201954,0.3,0.179955,0.083205,6776.070374,6776.070374,6776.095529,3560.133333,3875.966667,3703.7,2301.533333,315.8333333,660.3666667,3818.533333,0.124327064,-0.26639696,3215.6,-34.6,4364.033333,24.7,1.666666667,118.0333333,1.472666667,3.094666667,1.259333333,3.677,0.3,3.678270268,-0.130509872,3.672257362,-0.062883667,-0.046760598,0.00824124,0.336243651,0.55565647,0.192759199,0.105204641,-0.773476672,-0.832651695,0.836020565,-0.096342238,-0.248843594,0.220545613,-0.075484127,-0.649223409,0.633491196,2.058,23.48717949,3.773,3.283,-1.647569051,3.773,16.662,2.381,16.662,18.07548598,6.9444,0.332378761,0.23899372,4.5634,0.534047805,-0.609827863,0.224675878,0.7139225,Hypoxantha_E_Ibera,NA,0.617154586,28.80083617,-944.6472572,937.3483575,837.9393227,577.8187646,552.4203137,269.036219,-393.4675384,-905.6164854,-173.364523,228.8193084,283.8634314,139.4211346,163.0490584,-136.5903619,138.1881998,-213.7879981,-104.1661018,36.7878556,122.0667277,92.65090165,1.36E-11
C18_40.wav_Hypoxantha_simple_346,H:\Sporophila_vocalizations\M-F consolidated\converted_sound_files\C18_40.wav,Hypoxantha_final_kjochecked_CecilasImageCorrections.txt,Hypoxantha,E_Ibera,2019,simple,346,C18_40,C18_40.wav,D:/Sporophila_vocalizations/E_Ibera/2019/Hypoxantha,C18_40.wav_2203,NANA,C18_40.wav,1,1,6788.48144,6788.545295,6788.440805,6788.612052,0.2859815,0.1712475,0.063855,6788.50466,6788.50466,6788.510465,3445.3,3574.5,3488.4,1627.05,129.2,344.5,3574.5,-0.590462531,0.829754152,3057.7,-14.8,3660.65,22.25,1.5,117.7,1.387,2.397,1.2375,2.27,0.285981309,3.485482173,-0.934754534,3.503575957,-0.501966716,-0.758164263,-0.909805958,-0.256266648,0.05848122,0.171667947,0.09314619,0.171634701,-0.157267105,0.796548273,-0.347308736,-1.18033346,0.175982056,-0.951962877,-1.106271527,-0.537701419,1.47,15.83333333,2.793,3.087,0.970925924,3.675,29.382,2.4206,29.382,30.21680374,4.6429,-1.154578853,-0.006897029,2.2223,-0.92964125,0.232850963,0.283377369,-1.655275495,Hypoxantha_E_Ibera,NA,-1.431298613,-2056.074402,1589.155836,-1929.732842,-496.5036479,1048.234149,-718.9973747,147.1906597,-863.9352698,-627.1514336,-953.9409142,-98.81154084,-152.3474814,364.3637444,-115.8962558,38.89854197,265.3143573,-35.51380836,-232.111404,136.2677048,57.98971211,60.19434589,7.41E-12
C18_40.wav_Hypoxantha_simple_351,H:\Sporophila_vocalizations\M-F consolidated\converted_sound_files\C18_40.wav,Hypoxantha_final_kjochecked_CecilasImageCorrections.txt,Hypoxantha,E_Ibera,2019,simple,351,C18_40,C18_40.wav,D:/Sporophila_vocalizations/E_Ibera/2019/Hypoxantha,C18_40.wav_2225,NANANA,C18_40.wav,1,1,6806.097646,6806.17698,6806.060881,6806.240835,0.293458,0.179955,0.079335,6806.097646,6806.097646,6806.136346,3359.2,3531.433333,3416.6,1547.6,172.2666667,401.9666667,3531.433333,-0.716607615,0.677510942,2899.8,-14.8,3675,9.9,0.333333333,114.2666667,1.498666667,2.56,1.261333333,2.805333333,0.293457944,3.392737368,-0.713187361,3.414013145,-0.850381297,-0.977574829,-0.763588602,0.385108863,0.600373102,0.191319777,0.102952796,1.146575541,1.876615306,0.816659775,-0.28436994,-0.70892564,0.271227894,-1.099687897,-1.258620899,-0.928098958,1.274,23,2.989,2.891,-0.45574074,3.577,46.907,2.381,46.907,47.94180374,4.6825,0.332378761,0.124244699,2.3015,-0.423771555,0.550389692,-1.503486845,-1.655275495,Hypoxantha_E_Ibera,NA,-1.640685155,-2646.260564,762.5933245,-2671.420922,-969.4997448,-599.5406014,175.3884613,1799.199177,-563.6704148,733.7218664,223.0497726,-29.69202337,-720.6400995,389.8388394,-613.9076536,-228.2925712,465.7395394,-237.3929059,156.3940033,94.3809606,-136.1538033,-83.03128671,1.36E-11
C18_40.wav_Hypoxantha_simple_353,H:\Sporophila_vocalizations\M-F consolidated\converted_sound_files\C18_40.wav,Hypoxantha_final_kjochecked_CecilasImageCorrections.txt,Hypoxantha,E_Ibera,2019,simple,353,C18_40,C18_40.wav,D:/Sporophila_vocalizations/E_Ibera/2019/Hypoxantha,C18_40.wav_2232,NANANA,C18_40.wav,1,1,6812.347683,6812.430888,6812.308983,6812.488938,0.311215,0.179955,0.083205,6812.365098,6812.365098,6812.384448,3617.6,3933.366667,3789.833333,2248.7,315.8333333,717.8,3847.233333,0.208391242,-0.494761775,3129.466667,-39.56666667,4478.9,4.933333333,1,117.2666667,1.445333333,3.193333333,1.242,3.101,0.311214953,3.725797798,-0.176908282,3.714462529,0.084083166,0.090871593,0.060830487,0.553798664,0.738992331,0.197905066,0.107019617,-0.897725356,-0.830516849,0.84819616,0.032350629,0.040517457,0.210383731,0.32119189,-0.649223409,0.321173166,1.862,14.55555556,4.165,3.283,-2.299951889,3.871,52.944,2.3413,52.944,54.44436449,7.0635,0.332378761,0.435706315,4.7222,0.753793821,-0.679479861,0.480893247,0.871807908,Hypoxantha_E_Ibera,NA,0.994417149,223.879364,-1411.533468,1212.109048,980.9751752,752.3137031,598.8309908,0.624008712,-379.0488877,-814.4362589,-20.53399644,396.5023111,219.1517561,-102.6557123,-218.4688592,-257.4989679,-206.0339761,-163.4365219,-14.30458238,-60.68474478,131.6145872,40.72906059,1.44E-11
C18_40.wav_Hypoxantha_simple_355,H:\Sporophila_vocalizations\M-F consolidated\converted_sound_files\C18_40.wav,Hypoxantha_final_kjochecked_CecilasImageCorrections.txt,Hypoxantha,E_Ibera,2019,simple,355,C18_40,C18_40.wav,D:/Sporophila_vocalizations/E_Ibera/2019/Hypoxantha,C18_40.wav_2237,NANANA,C18_40.wav,1,1,6818.052052,6818.135257,6818.011417,6818.195242,0.3,0.183825,0.083205,6818.073337,6818.073337,6818.092687,3560.166667,3847.233333,3703.7,2275.133333,287.1,660.3666667,3789.833333,0.040262887,-0.372967207,3158.166667,-44.5,4421.466667,24.73333333,1,118.6666667,1.421,3.068,1.238,3.384333333,0.3,3.697105747,-0.336767175,3.686522365,0.047803497,-0.066593637,-0.265157071,0.699624166,1.056569014,0.200746854,0.104091594,-0.41712615,-0.618223573,0.822385957,-0.094585326,-0.566789164,0.17277571,-0.381804777,-0.344524664,0.633491196,1.96,23.47863248,3.087,3.185,0.002082854,3.871,58.634,2.3016,58.634,60.0858972,7.0238,0.332378761,0.23899372,4.7222,0.631203154,-0.684316677,0.40955182,0.7139225,Hypoxantha_E_Ibera,NA,0.789997427,-385.2998708,-1368.653931,930.8273113,351.1129694,731.7412228,616.1842374,180.6955567,-507.7244544,-1042.642587,256.88031,222.1267474,128.2742763,-24.03468324,298.2104441,-212.6163006,326.7208594,57.71311554,-289.6857618,95.54338561,134.872477,181.9371727,1.28E-11
C18_40.wav_Hypoxantha_simple_358,H:\Sporophila_vocalizations\M-F consolidated\converted_sound_files\C18_40.wav,Hypoxantha_final_kjochecked_CecilasImageCorrections.txt,Hypoxantha,E_Ibera,2019,simple,358,C18_40,C18_40.wav,D:/Sporophila_vocalizations/E_Ibera/2019/Hypoxantha,C18_40.wav_2286,NANA,C18_40.wav,1,1,6863.290329,6863.368696,6863.255499,6863.458674,0.344962,0.203175,0.0783675,6863.296134,6863.296134,6863.328062,3876,4263.55,4091.3,2539.7,387.6,861.35,4220.5,1.301713724,-0.449088812,3230,-51.9,4909.55,66.75,1.5,117.6,1.6055,3.408,1.253,4.022,0.344962374,4.003468177,0.349760122,3.993287531,0.98460785,0.989513627,0.523269519,0.985591025,1.326013231,0.219565385,0.118014796,-0.946298146,-0.88612676,0.85314547,0.242002655,0.164783737,0.225441079,0.714406307,0.264872827,0.867729719,1.911,29.6,3.528,3.675,0.049776599,4.263,103.824,2.2222,103.824,105.4425783,7.2222,-1.154578853,1.027643061,5,1.052797768,-1.765695086,6.692583705,1.187762099,Hypoxantha_E_Ibera,NA,0.627587046,1557.513151,-3855.274577,1264.296182,1414.788916,2733.160697,-3289.336371,-3597.854752,-393.2704636,-2738.455133,269.4371188,344.596821,-246.9489553,-1198.633372,-285.0161594,615.8198432,877.5706635,271.62716,-58.65092946,72.84274761,95.37322369,-701.6955307,4.74E-12
C18_40.wav_Hypoxantha_simple_359,H:\Sporophila_vocalizations\M-F consolidated\converted_sound_files\C18_40.wav,Hypoxantha_final_kjochecked_CecilasImageCorrections.txt,Hypoxantha,E_Ibera,2019,simple,359,C18_40,C18_40.wav,D:/Sporophila_vocalizations/E_Ibera/2019/Hypoxantha,C18_40.wav_2288,NANA,C18_40.wav,1,1,6866.90974,6867.011327,6866.866202,6867.092597,0.3528925,0.2263945,0.1015875,6866.941667,6866.941667,6866.953277,3746.8,4220.5,4005.15,2817.45,473.75,947.5,4091.3,0.923278473,-0.88298196,3186.9,-51.9,4909.6,7.4,1,118.8,1.43,3.6185,1.242,3.144,0.352892543,3.944678704,0.511428423,3.907229837,0.667021024,0.838621703,0.781014763,1.25378239,1.270267672,0.231782392,0.131244602,-0.576012985,-0.568754976,0.852891506,0.346197879,0.163207116,0.204757266,0.807219471,0.264872827,1.804683812,2.499,15.025,4.557,3.381,-2.783390122,3.969,107.505,2.3413,107.505,109.0164386,7.381,-1.154578853,1.166739857,5.0397,0.781804226,-1.596445405,5.508568012,1.187762099,Hypoxantha_E_Ibera,NA,0.526830713,1900.384327,-3703.015365,597.5547049,1244.319796,2158.337394,-2460.086241,-2994.255871,-370.5664092,-2696.805534,843.7633395,337.981763,116.0180149,-1007.918223,327.2101301,471.4114137,698.4785426,-190.8532401,-49.81481077,287.1090192,362.5620788,-513.6941786,2.51E-12
C18_40.wav_Hypoxantha_simple_361,H:\Sporophila_vocalizations\M-F consolidated\converted_sound_files\C18_40.wav,Hypoxantha_final_kjochecked_CecilasImageCorrections.txt,Hypoxantha,E_Ibera,2019,simple,361,C18_40,C18_40.wav,D:/Sporophila_vocalizations/E_Ibera/2019/Hypoxantha,C18_40.wav_2262,NANANA,C18_40.wav,1,1,6841.922166,6841.999565,6841.883466,6842.06342,0.305607667,0.179955,0.0774,6841.949256,6841.949256,6841.956996,3588.866667,3904.666667,3732.433333,2156.1,315.8333333,689.0666667,3818.566667,0.1244247,-0.449088812,3158.2,-49.43333333,4421.466667,24.73333333,0.666666667,119.7,1.438666667,3.072666667,1.238,3.444,0.305607476,3.715823206,-0.428129018,3.706526068,0.092275849,0.0071336,-0.167932529,0.506189861,0.871398903,0.198834546,0.105543501,-0.53086978,-0.679650425,0.823257122,-0.057902229,-0.54471444,0.157345717,0.138772604,-0.039825918,0.321173166,1.666,22.8,3.283,3.283,-0.534009262,3.773,82.517,2.381,82.517,83.95050467,6.8254,0.332378761,0.337350015,4.4444,0.584682054,-0.625064532,0.240059722,0.871807908,Hypoxantha_E_Ibera,NA,0.889031563,-116.6773348,-1219.965102,1230.132177,142.7662984,715.8325449,711.9506322,31.04360474,-397.4570104,-835.0412562,246.1881301,128.0379648,350.6818974,-17.63073267,1.2031584,-164.8342948,-8.724335854,4.79191506,-105.1772709,-108.9348336,141.0900643,63.55772475,-1.92E-11
C18_40.wav_Hypoxantha_simple_362,H:\Sporophila_vocalizations\M-F consolidated\converted_sound_files\C18_40.wav,Hypoxantha_final_kjochecked_CecilasImageCorrections.txt,Hypoxantha,E_Ibera,2019,simple,362,C18_40,C18_40.wav,D:/Sporophila_vocalizations/E_Ibera/2019/Hypoxantha,C18_40.wav_2265,NANA,C18_40.wav,1,1,6845.599626,6845.660579,6845.567699,6845.733141,0.2958395,0.1654425,0.0609525,6845.625749,6845.625749,6845.628651,3488.4,3617.55,3531.45,1507.9,129.2,430.7,3574.5,-0.590462531,0.395861004,2670.1,-74.15,3703.7,14.85,0.5,116.25,1.4575,2.362,1.2435,3.265,0.295839377,3.494650036,-0.842835149,3.528089429,-0.450551378,-0.708263568,-0.886969727,-0.336553229,0.104031594,0.170219951,0.090870623,1.920542848,2.293496656,0.7997523,-0.296140034,-1.103740766,0.199516669,-0.804247392,-1.106271527,-0.771939942,1.323,24.5,2.646,3.381,2.361029157,3.675,86.463,2.4603,86.463,87.39130492,4.2857,-1.154578853,0.166015541,1.8254,-0.693144172,-0.252323138,0.993642842,-1.497390087,Hypoxantha_E_Ibera,NA,-1.624663224,-2427.965984,432.0179867,-2956.774422,-1566.303261,-577.4922447,-1957.61054,-121.3351935,-351.655821,-728.0567321,169.2346995,302.8063645,-508.9854473,284.8015904,-738.9228138,-182.0598324,326.5722896,-148.6351299,-190.9154445,17.14029679,22.51115648,-93.28333726,-1.40E-11
C18_40.wav_Hypoxantha_simple_362B,H:\Sporophila_vocalizations\M-F consolidated\converted_sound_files\C18_40.wav,Hypoxantha_final_kjochecked_CecilasImageCorrections.txt,Hypoxantha,E_Ibera,2019,simple,362B,C18_40,C18_40.wav,D:/Sporophila_vocalizations/E_Ibera/2019/Hypoxantha,C18_40.wav_2302,NANANA,C18_40.wav,1,1,6880.34732,6880.430525,6880.304751,6880.488575,0.314953,0.183825,0.083205,6880.387955,6880.387955,6880.387955,3617.6,3933.366667,3761.133333,2050.233333,315.8333333,689.0666667,3761.133333,-0.04380129,-0.296845602,3129.466667,-59.33333333,4536.333333,49.46666667,3,118.0666667,1.456333333,3.114,1.247,3.616333333,0.314953271,3.753163962,-0.367547523,3.743603546,0.210916586,0.113400985,-0.137741564,1.047512272,1.506838138,0.209741051,0.104905191,-0.86639927,-0.821819238,0.843706185,0.006864825,-0.065111127,0.184791603,-0.070330218,0.264872827,0.321173166,1.568,27.97222222,3.871,3.871,-0.253419112,3.871,120.885,2.381,120.885,122.4927383,7.1825,0.332378761,0.501277186,4.8015,1.025379661,-0.954730459,0.943712847,0.871807908,Hypoxantha_E_Ibera,NA,0.870514349,-198.4004332,-1999.878746,1407.845523,633.6021982,1471.66958,422.4540386,-297.3247397,-448.3338285,-581.5386243,643.9394922,33.92010329,65.62523497,-152.1905601,146.4895401,-115.8238797,164.129009,13.49250876,-298.6448933,-81.48907109,-27.22273255,122.0662408,-9.81E-12
C18_41.wav_Hypoxantha_simple_365,H:\Sporophila_vocalizations\M-F consolidated\converted_sound_files\C18_41.wav,Hypoxantha_final_kjochecked_CecilasImageCorrections.txt,Hypoxantha,E_Ibera,2019,simple,365,C18_41,C18_41.wav,D:/Sporophila_vocalizations/E_Ibera/2019/Hypoxantha,C18_41.wav_2320,NANA,C18_41.wav,1,1,6912.51373,6912.574683,6912.49051,6912.647245,0.23271,0.156735,0.0609525,6912.531145,6912.531145,6912.542755,3230,3402.25,3359.15,1468.25,172.25,473.75,3359.15,-1.221236767,0.510043411,2971.55,-14.8,3531.4,7.4,1,118.6,1.326,2.583,1.223,2.245,0.232710281,3.291558324,-1.150666085,3.286994142,-1.314141105,-1.316612068,-0.688066779,-1.24678435,-0.988029061,0.144521689,0.085013188,-0.81543155,-0.846600877,0.791971707,0.051762287,-1.271882403,0.12418524,-1.061155851,-0.649223409,-1.240416988,0.882,10.9,3.675,2.94,-2.405045869,3.528,12.205,2.5,12.205,12.83560748,4.6429,-1.154578853,-0.94128188,2.1429,-1.446124758,2.475962312,-0.656656072,-1.181435896,Hypoxantha_E_Ibera,NA,-0.730349826,-2279.743972,4282.758106,-980.5342605,-18.68983342,261.0733454,913.7416156,-378.913631,-728.1339471,-383.8733465,-1080.839121,-334.2678718,3.352087062,-601.67028,-271.038919,644.8045605,20.56838617,-214.7182433,24.75523221,-93.19341059,-130.5909119,-12.14288265,1.41E-11
C18_41.wav_Hypoxantha_simple_366,H:\Sporophila_vocalizations\M-F consolidated\converted_sound_files\C18_41.wav,Hypoxantha_final_kjochecked_CecilasImageCorrections.txt,Hypoxantha,E_Ibera,2019,simple,366,C18_41,C18_41.wav,D:/Sporophila_vocalizations/E_Ibera/2019/Hypoxantha,C18_41.wav_2322,NANANA,C18_41.wav,1,1,6919.0337,6919.12658,6918.99887,6919.20011,0.301869333,0.20124,0.09288,6919.04918,6919.04918,6919.070465,3617.6,3904.666667,3732.433333,2037.033333,287.1333333,631.6333333,3847.266667,0.208488877,-0.053256466,3129.466667,-14.8,4220.5,9.866666667,1,118.7333333,1.395,2.872333333,1.224666667,3.280666667,0.301869159,3.722789236,-0.469859194,3.726143544,0.254071194,-0.001356786,-0.515607183,0.119660972,0.3678537,0.20249753,0.118355019,1.013799787,0.990959797,0.814683108,0.226873588,-0.734087569,0.183817276,0.242708265,-0.649223409,-0.147303881,1.568,13.48333333,4.067,2.891,-3.400632182,3.871,18.442,2.2619,18.442,19.76273832,6.1111,0.332378761,0.271779155,3.8492,0.299456644,-0.224175633,-0.248714489,0.7139225,Hypoxantha_E_Ibera,NA,0.764380474,-648.7233718,-1193.709463,91.07973547,-1095.528215,-945.1057376,470.3981849,169.795348,-81.42164336,-477.1853284,-68.12667213,693.0081294,-88.37064764,-7.526530346,-565.9587541,-169.5787967,-126.1063699,-9.524676615,-35.74779536,-62.76461545,185.2386586,12.68788577,1.12E-11
C18_41.wav_Hypoxantha_simple_367,H:\Sporophila_vocalizations\M-F consolidated\converted_sound_files\C18_41.wav,Hypoxantha_final_kjochecked_CecilasImageCorrections.txt,Hypoxantha,E_Ibera,2019,simple,367,C18_41,C18_41.wav,D:/Sporophila_vocalizations/E_Ibera/2019/Hypoxantha,C18_41.wav_2325,NANANA,C18_41.wav,1,1,6929.979974,6930.055438,6929.949014,6930.161863,0.291589,0.212849667,0.075465,6929.995454,6929.995454,6930.007064,3646.266667,3875.966667,3818.533333,2010.533333,229.6666667,689.1,3847.266667,0.208488877,0.129435386,3244.333333,-14.8,4134.366667,9.866666667,1.333333333,120.1333333,1.332666667,2.924666667,1.239666667,2.316,0.291588785,3.721105098,-0.46597216,3.73264166,0.186608373,0.050867289,-0.247241998,-0.527903181,-0.334163524,0.206909563,0.135521472,-0.434211045,-0.618263833,0.806900577,0.362181878,-0.910592188,0.16261258,0.323671436,-0.649223409,0.008855135,1.666,10.38888889,4.263,2.989,-4.1421009,3.871,29.409,2.3016,29.409,30.68771963,5.873,0.332378761,0.091459275,3.5714,0.193176731,-0.127647552,-0.302512937,0.7139225,Hypoxantha_E_Ibera,NA,1.015490753,-119.5898399,-158.7445628,1182.654278,-165.5217568,-341.4193675,771.5701286,-33.2873386,-495.407351,-672.8457846,-1119.651291,229.4329289,475.1226411,40.5502303,-296.0924331,-60.10727442,-283.7542892,-181.5855501,-78.22349718,-51.23347789,65.59177503,-20.14403303,9.90E-12
C18_42_A.wav_Hypoxantha_simple_369,H:\Sporophila_vocalizations\M-F consolidated\converted_sound_files\C18_42_A.wav,Hypoxantha_final_kjochecked_CecilasImageCorrections.txt,Hypoxantha,E_Ibera,2019,simple,369,C18_42,C18_42_A.wav,D:/Sporophila_vocalizations/E_Ibera/2019/Hypoxantha,C18_42_A.wav_2338,NANANA,C18_42_A.wav,1,1,6967.352491,6967.43376,6967.307986,6967.46472,0.311215,0.156735,0.08127,6967.424086,6967.424086,6967.404736,3617.566667,3904.666667,3761.133333,2076.7,287.1,545.5,3674.966667,-0.296189093,-0.11415375,3330.433333,-54.4,4536.333333,9.866666667,1,110.7,1.815,2.764666667,1.318666667,3.511333333,0.311214953,3.796787813,0.037320404,3.794202909,0.36058035,0.247594831,-0.099303966,0.821848895,1.239813014,0.19629013,0.096305648,0.682792928,0.608957932,0.841258047,-0.039191397,-0.125389294,0.353327903,-0.033479069,0.264872827,0.633491196,1.764,20.91666667,4.459,3.185,-3.360458102,3.871,6.04,2.3413,6.04,7.250738318,6.5873,0.332378761,0.435706321,4.246,0.02122831,0.193574459,-0.913098346,0.240082901,Hypoxantha_E_Ibera,NA,0.211840477,55.26184631,-1095.384719,-511.2707558,-832.9810415,11.0135978,1131.025463,663.8777835,154.6338443,212.5797786,822.0798225,86.71654159,-275.4506566,-60.60843436,409.4956601,-44.38500894,70.74238174,-49.58585552,-473.5753012,26.52733429,65.88624114,-24.91392403,-6.57E-12
C18_42_A.wav_Hypoxantha_simple_370,H:\Sporophila_vocalizations\M-F consolidated\converted_sound_files\C18_42_A.wav,Hypoxantha_final_kjochecked_CecilasImageCorrections.txt,Hypoxantha,E_Ibera,2019,simple,370,C18_42,C18_42_A.wav,D:/Sporophila_vocalizations/E_Ibera/2019/Hypoxantha,C18_42_A.wav_2341,NANANA,C18_42_A.wav,1,1,7000.092627,7000.183571,7000.046187,7000.259036,0.314953333,0.212849667,0.090945,7000.100367,7000.100367,7000.131327,3588.866667,3875.966667,3789.833333,2063.533333,287.1,918.7666667,3875.966667,0.292553055,0.768856868,3158.2,-24.7,4392.766667,74.16666667,2,106.4333333,2.074,3.293333333,1.480333333,3.581,0.314953271,3.738300471,1.009987532,3.764966768,0.002652802,0.21435309,0.537965837,0.583828854,0.588290551,0.206473614,0.118326151,0.321975512,0.353027118,0.87444444,-0.021969016,0.650745867,0.483010009,-0.525918833,-0.344524664,0.16501415,1.666,34.81666667,2.891,3.871,2.803994997,3.773,38.795,2.2222,38.795,39.97811215,6.2302,0.332378761,0.501277181,4.008,-0.048647899,0.228443212,-1.100043457,1.503532915,Hypoxantha_E_Ibera,NA,0.748501578,199.330851,-1293.972433,-191.7608851,539.5655147,-718.4577343,1663.168155,204.2392505,1345.552443,517.1118731,-246.8626313,363.9169538,-18.25988891,293.7985633,281.9085731,190.0760272,527.2833936,232.0111948,-40.78001594,-117.9100756,-230.8876933,-28.99681666,-9.93E-12
C18_42_B.wav_Hypoxantha_simple_372,H:\Sporophila_vocalizations\M-F consolidated\converted_sound_files\C18_42_B.wav,Hypoxantha_final_kjochecked_CecilasImageCorrections.txt,Hypoxantha,E_Ibera,2019,simple,372,C18_42,C18_42_B.wav,D:/Sporophila_vocalizations/E_Ibera/2019/Hypoxantha,C18_42_B.wav_2345,NANANA,C18_42_B.wav,1,1,7092.459671,7092.546746,7092.415166,7092.629951,0.298131,0.214785,0.087075,7092.504176,7092.504176,7092.504176,3674.966667,3990.833333,3818.566667,1534.366667,315.8333333,861.3333333,3875.966667,0.292553055,0.510043411,3301.733333,-79.13333333,4335.333333,103.8333333,3,99.8,2.335,3.301,1.616,3.637,0.298130841,3.789639711,0.600630633,3.82194636,0.244906012,0.399770804,0.519592839,0.140397367,-0.088639179,0.195423403,0.119574565,0.045957942,0.311405302,0.92182845,-0.161289762,1.749411151,0.638281564,-0.074852789,0.569571572,-0.147303881,1.176,42.47222222,3.283,3.871,2.044111234,3.969,55.184,2.4206,55.184,56.32485981,5.5952,0.332378761,0.20620829,3.1746,-0.155518781,0.241699689,-1.060504302,1.029876691,Hypoxantha_E_Ibera,NA,-0.236722328,893.9400091,-217.4698926,47.30727633,489.0640598,-369.5940051,655.4964627,138.1242474,1505.527035,1579.049926,315.0730792,290.3254879,-41.61141946,608.9595088,-126.7294017,300.2627532,320.3349293,-5.381884603,-74.44479982,15.2097203,-171.7542156,-67.61583074,-1.06E-11
C18_42_B.wav_Hypoxantha_simple_373,H:\Sporophila_vocalizations\M-F consolidated\converted_sound_files\C18_42_B.wav,Hypoxantha_final_kjochecked_CecilasImageCorrections.txt,Hypoxantha,E_Ibera,2019,simple,373,C18_42,C18_42_B.wav,D:/Sporophila_vocalizations/E_Ibera/2019/Hypoxantha,C18_42_B.wav_2348,NANANA,C18_42_B.wav,1,1,7129.677389,7129.772203,7129.625144,7129.826383,0.297114,0.201239667,0.094815,7129.690934,7129.690934,7129.723828,3445.3,3732.4,3588.866667,2301.6,287.1,717.7666667,3674.966667,-0.296189093,-0.068480787,3244.333333,-29.66666667,4335.333333,19.76666667,1,101.5666667,1.613666667,3.066666667,1.283666667,3.750333333,0.297113727,3.658725719,0.557032618,3.651280836,-0.133928989,-0.121785906,-0.038706483,1.331865388,1.551923646,0.223002105,0.11734712,0.043108168,-0.309801108,0.839837919,-0.0569579,-0.157345979,0.335856281,-0.718214654,-0.953922154,0.477332181,2.058,27.46717172,2.989,2.891,-0.852058503,3.773,92.369,2.1032,92.369,93.50713084,6.4683,0.332378761,0.1883679,4.3651,-0.162421302,0.508883401,-1.058952712,0.555853717,Hypoxantha_E_Ibera,NA,0.702137858,-429.1922173,-986.621324,-529.405897,568.0293229,295.3523963,2209.0169,813.5437554,50.78023436,-423.7454251,225.866095,373.626934,-562.8736178,-91.65840413,620.8007326,-100.1378908,229.946655,415.8672565,-180.1728044,106.2007101,-12.40984144,30.39613837,3.74E-13
C18_42_B.wav_Hypoxantha_simple_375,H:\Sporophila_vocalizations\M-F consolidated\converted_sound_files\C18_42_B.wav,Hypoxantha_final_kjochecked_CecilasImageCorrections.txt,Hypoxantha,E_Ibera,2019,simple,375,C18_42,C18_42_B.wav,D:/Sporophila_vocalizations/E_Ibera/2019/Hypoxantha,C18_42_B.wav_2352,NANANA,C18_42_B.wav,1,1,7148.206912,7148.295922,7148.168212,7148.367517,0.306542,0.199304667,0.08901,7148.241742,7148.241742,7148.249482,3646.266667,4048.233333,3847.266667,2420.633333,401.9666667,861.3333333,3847.266667,0.208488877,-0.007583503,3273.033333,-34.6,4507.6,4.933333333,0.333333333,104.6666667,1.642666667,3.322666667,1.294666667,3.354333333,0.306542056,3.863380324,1.011363503,3.867046664,0.562966522,0.493360481,0.115650669,0.159823851,0.068384113,0.196583769,0.117882094,0.486414904,0.34851666,0.856635924,-0.088327897,0.232923498,0.377657873,0.054330404,-0.039825918,0.789650212,1.96,24.32222222,4.165,3.479,-1.612535212,3.969,110.926,2.5,110.926,112.1181308,7.0635,0.332378761,0.353742735,4.5635,-0.025836484,0.250592994,-0.935184499,1.029693316,Hypoxantha_E_Ibera,NA,1.011065023,952.0502821,-944.0159551,153.201499,-211.0896528,-934.5534533,1135.767103,384.6105872,923.3693851,24.94609013,-120.7159503,555.4289795,157.419638,-128.751372,608.4840171,-4.45082866,-52.75115685,198.3506622,-304.1962865,69.69045251,-260.6999798,-48.81942152,1.24E-11
C18_42_B.wav_Hypoxantha_simple_376,H:\Sporophila_vocalizations\M-F consolidated\converted_sound_files\C18_42_B.wav,Hypoxantha_final_kjochecked_CecilasImageCorrections.txt,Hypoxantha,E_Ibera,2019,simple,376,C18_42,C18_42_B.wav,D:/Sporophila_vocalizations/E_Ibera/2019/Hypoxantha,C18_42_B.wav_2355,NANANA,C18_42_B.wav,1,1,7155.490238,7155.619883,7155.437993,7155.670193,0.305607667,0.232199667,0.129645,7155.540548,7155.540548,7155.544418,3359.2,3904.7,3674.966667,2579.366667,545.5,947.4666667,3732.4,-0.127963103,-0.11415375,3215.6,-44.5,4450.2,14.83333333,1.333333333,103.7333333,1.629333333,3.439333333,1.326,3.730333333,0.305607477,3.701473768,1.213905989,3.688252591,-0.127163527,0.127220782,0.578804161,0.927271866,0.63607186,0.227580636,0.138565071,-0.588315471,-0.683119156,0.874541352,0.054633733,0.656706362,0.395597804,-0.388819197,-0.953922154,0.633491196,2.156,21.87777778,3.871,3.185,-1.448282826,3.871,118.172,2.0238,118.172,119.3861495,6.8651,0.332378761,0.337350021,4.8413,0.029856461,0.21528591,-0.815712357,1.50371629,Hypoxantha_E_Ibera,NA,1.722362659,500.1425869,-1251.428332,495.8145365,1678.424756,-263.7204348,2258.159756,148.3230106,816.7358943,-407.778704,-227.4146192,574.6213783,15.11625857,-203.5602755,705.2803405,-225.9643791,-141.4886115,231.4411474,-61.34867982,143.0781944,-188.6375503,-7.252612208,-4.01E-12
C18_42_C.wav_Hypoxantha_simple_379,H:\Sporophila_vocalizations\M-F consolidated\converted_sound_files\C18_42_C.wav,Hypoxantha_final_kjochecked_CecilasImageCorrections.txt,Hypoxantha,E_Ibera,2019,simple,379,C18_42,C18_42_C.wav,D:/Sporophila_vocalizations/E_Ibera/2019/Hypoxantha,C18_42_C.wav_2360,NANANA,C18_42_C.wav,1,1,7195.124766,7195.217645,7195.080261,7195.287305,0.314018667,0.207044667,0.09288,7195.17701,7195.17701,7195.169271,3761.1,4019.533333,3933.366667,2539.7,258.4333333,775.2,3933.4,0.460779045,0.129435386,3273.033333,-29.66666667,4565,9.866666667,1,111.5666667,1.581666667,3.169,1.264,3.470666667,0.314018692,3.895226011,0.692017507,3.918215301,0.765312659,0.606209737,-0.006212643,0.693301383,0.840992224,0.217359982,0.124621373,0.776421314,0.728716591,0.841087459,-0.02428434,-0.127399115,0.290541282,0.046954891,-0.649223409,0.945809227,2.254,26.47222222,3.381,3.381,0.166377142,4.067,1.323,2.1825,1.323,2.506130841,7.0635,0.332378761,0.484884477,4.881,-0.04860062,0.291173652,-1.086458908,0.7139225,Hypoxantha_E_Ibera,NA,0.130357374,834.6149094,-1399.508225,-793.2472414,-661.2355387,-534.1487609,1236.794223,929.1766901,417.6488097,-115.8181447,-76.14780343,609.9680895,-342.0772016,209.1250587,217.9047712,145.540358,349.6014562,71.39224008,-302.016808,153.7465381,-141.4584385,23.17208348,5.52E-12
C18_42_C.wav_Hypoxantha_simple_383,H:\Sporophila_vocalizations\M-F consolidated\converted_sound_files\C18_42_C.wav,Hypoxantha_final_kjochecked_CecilasImageCorrections.txt,Hypoxantha,E_Ibera,2019,simple,383,C18_42,C18_42_C.wav,D:/Sporophila_vocalizations/E_Ibera/2019/Hypoxantha,C18_42_C.wav_2371,NANANA,C18_42_C.wav,1,1,7219.652778,7219.739853,7219.606338,7219.801773,0.315888,0.195435,0.087075,7219.691478,7219.691478,7219.691478,3703.7,3990.8,3875.966667,2552.9,287.1,717.7666667,3933.4,0.460779045,-0.022807824,3301.733333,-59.33333333,4651.166667,34.6,1,113.2333333,1.417333333,3.159666667,1.241333333,2.669333333,0.315887851,3.852780723,0.157951024,3.871841591,0.60310548,0.443673808,-0.09120237,0.807328849,1.074942649,0.21192406,0.114934983,0.822062959,0.943353506,0.821409545,0.051767797,-0.583325151,0.204069542,0.48561406,-0.344524664,1.101968242,2.254,18.68333333,3.871,3.185,-1.631155554,3.969,25.8,2.2619,25.8,27.08656075,6.9444,0.332378761,0.517669907,4.6825,0.213009659,-0.04368707,-0.615632508,0.555853717,Hypoxantha_E_Ibera,NA,0.230038975,604.4476005,-1770.938709,-545.1044488,-1153.870488,-310.2666133,880.8500223,749.7042593,16.79245626,-424.2353015,257.7272483,405.8218103,-257.8997015,21.41146387,164.6091469,19.79523006,271.3237611,-298.6426549,-77.61930386,55.18675709,119.6326912,41.63321753,-7.32E-12
C18_42_C.wav_Hypoxantha_simple_389,H:\Sporophila_vocalizations\M-F consolidated\converted_sound_files\C18_42_C.wav,Hypoxantha_final_kjochecked_CecilasImageCorrections.txt,Hypoxantha,E_Ibera,2019,simple,389,C18_42,C18_42_C.wav,D:/Sporophila_vocalizations/E_Ibera/2019/Hypoxantha,C18_42_C.wav_2391,NANANA,C18_42_C.wav,1,1,7251.456376,7251.55119,7251.388651,7251.6015,0.291589,0.21285,0.094815,7251.500881,7251.500881,7251.502816,4048.233333,4392.766667,4220.5,2552.933333,344.5333333,832.6333333,4249.2,1.385777901,1.347381066,3588.833333,-128.5666667,4966.966667,153.3,3.333333333,114.8666667,1.772333333,3.289333333,1.359333333,3.861666667,0.291588785,4.320274961,0.867668134,4.331218194,2.113634719,1.931697659,0.635447947,0.841893442,0.884107078,0.208969356,0.115447426,0.141784645,-0.037783984,0.8418729,-0.287759455,-0.120744604,0.289942849,1.471054164,0.264872827,1.414286273,2.254,28.48888889,3.871,3.773,-0.288974359,4.361,57.549,2.0083,57.549,58.86358878,7.8175,0.332378761,0.091459269,5.8092,0.283902332,-0.54173698,-0.129872094,3.083120495,Hypoxantha_E_Ibera,NA,1.749376547,2587.692065,-3319.176859,1779.120661,-1125.76785,13.90724157,1540.136126,-491.4970379,1961.543104,-656.4635977,-1213.194493,319.1151135,-566.1732196,588.918813,296.4800282,669.0666414,192.9994239,-152.9589033,-199.8439602,174.3052794,-227.6015765,115.5590193,-1.75E-11
C18_42_C.wav_Hypoxantha_simple_391,H:\Sporophila_vocalizations\M-F consolidated\converted_sound_files\C18_42_C.wav,Hypoxantha_final_kjochecked_CecilasImageCorrections.txt,Hypoxantha,E_Ibera,2019,simple,391,C18_42,C18_42_C.wav,D:/Sporophila_vocalizations/E_Ibera/2019/Hypoxantha,C18_42_C.wav_2396,NANANA,C18_42_C.wav,1,1,7259.757509,7259.831039,7259.720745,7259.912309,0.321495333,0.191565,0.07353,7259.772989,7259.772989,7259.794274,3732.4,3962.1,3847.266667,2433.9,229.7,689.0666667,3847.266667,0.208488877,0.251229954,3244.3,-39.53333333,4593.733333,24.7,2.333333333,116.1666667,1.564,2.982333333,1.26,3.524,0.321495327,3.854217516,0.316787482,3.874278364,0.611492492,0.473093481,-0.033540244,0.620128495,1.05901132,0.202035493,0.10533586,1.255525418,1.314380456,0.825185805,0.012578081,-0.496945087,0.243956283,-0.029579071,-0.649223409,0.789650212,2.156,34.48585859,2.989,2.989,-0.220482363,3.871,65.928,2.1825,65.928,67.18654206,6.8651,0.332378761,0.616026208,4.6826,0.142140623,0.009638719,-0.831456055,0.240082901,Hypoxantha_E_Ibera,NA,0.182716171,138.1185794,-1720.428694,-1121.115582,-1118.102505,-747.3867882,792.3868538,921.3406657,204.3259827,-161.2637249,64.63123907,351.5311765,-407.8716854,24.05787814,106.6652158,-105.2016984,298.8693326,-86.84622447,-443.4940089,34.14437149,9.666103587,20.02321547,1.92E-11
C18_42_C.wav_Hypoxantha_simple_392,H:\Sporophila_vocalizations\M-F consolidated\converted_sound_files\C18_42_C.wav,Hypoxantha_final_kjochecked_CecilasImageCorrections.txt,Hypoxantha,E_Ibera,2019,simple,392,C18_42,C18_42_C.wav,D:/Sporophila_vocalizations/E_Ibera/2019/Hypoxantha,C18_42_C.wav_2399,NANANA,C18_42_C.wav,1,1,7265.657313,7265.757933,7265.608938,7265.843073,0.326168333,0.234134667,0.10062,7265.696013,7265.696013,7265.707623,3675,4048.233333,3847.266667,2698.4,373.2666667,832.6333333,3847.266667,0.208488877,0.144659707,3244.333333,-29.66666667,4507.6,14.8,1,118.6,1.475333333,3.302666667,1.25,3.526,0.326168224,3.845351495,0.519982942,3.83972557,0.498125365,0.496083086,0.253261297,0.990348854,0.719338954,0.218999571,0.128471189,0.694147053,0.625129844,0.825833463,0.103558308,-0.478125148,0.219043632,-0.250160528,-1.258620899,0.321173166,2.058,27.88888889,4.361,2.989,-3.938338731,3.871,71.813,1.8651,71.813,73.09714953,7.4206,0.332378761,0.697989782,5.5555,0.206910856,-0.066016807,-0.775678389,0.871807908,Hypoxantha_E_Ibera,NA,0.369584098,86.63263243,-1807.728894,-778.1112133,-122.113159,-633.3418272,1277.700339,714.3404373,203.9292328,-463.0595466,-299.9394271,371.4731789,-166.1405184,251.2478343,-272.8072801,95.78569628,123.1590094,274.8843604,-204.4236036,338.467379,-197.511231,110.8575498,-7.36E-12
C18_42_C.wav_Hypoxantha_simple_393,H:\Sporophila_vocalizations\M-F consolidated\converted_sound_files\C18_42_C.wav,Hypoxantha_final_kjochecked_CecilasImageCorrections.txt,Hypoxantha,E_Ibera,2019,simple,393,C18_42,C18_42_C.wav,D:/Sporophila_vocalizations/E_Ibera/2019/Hypoxantha,C18_42_C.wav_2402,NANANA,C18_42_C.wav,1,1,7272.979339,7273.083828,7272.930964,7273.163163,0.324299,0.232199667,0.10449,7272.989014,7272.989014,7273.014169,3703.733333,3962.1,3875.966667,2936.533333,258.4,861.3333333,3904.7,0.376714867,0.144659707,3244.333333,-44.5,4593.733333,29.66666667,2.333333333,115.7333333,1.564333333,3.235666667,1.276,3.742,0.324299065,3.861470731,0.952798827,3.86124614,0.542425515,0.487762613,0.142869432,0.78714621,0.852045239,0.221113388,0.128173965,1.193655674,1.148978539,0.822723565,0.069009337,-0.551998111,0.270831374,-0.06919069,-0.953922154,1.258127258,2.548,27.54444444,3.185,2.989,-0.664798696,3.969,79.154,2.0238,79.154,80.39654206,7.381,0.332378761,0.665204352,5.3572,0.101671047,0.072769455,-0.948948985,1.029693316,Hypoxantha_E_Ibera,NA,0.298574702,600.9783772,-1994.144586,-1076.233359,-697.2732476,-1113.778528,1257.519547,901.9909421,435.5924559,-595.2243516,-50.46493765,616.2498387,-166.5524174,215.0969701,422.2214712,219.2498537,447.7484233,-25.83470274,-215.2778731,153.1817305,-143.5044956,58.71292217,4.81E-12
C18_42_C.wav_Hypoxantha_simple_395,H:\Sporophila_vocalizations\M-F consolidated\converted_sound_files\C18_42_C.wav,Hypoxantha_final_kjochecked_CecilasImageCorrections.txt,Hypoxantha,E_Ibera,2019,simple,395,C18_42,C18_42_C.wav,D:/Sporophila_vocalizations/E_Ibera/2019/Hypoxantha,C18_42_C.wav_2411,NANA,C18_42_C.wav,1,1,7284.662846,7284.764433,7284.625113,7284.825386,0.278972,0.2002725,0.1015875,7284.715091,7284.715091,7284.709286,3402.2,3660.65,3574.5,1944.5,258.4,516.8,3617.6,-0.464219812,0.738408226,3186.9,-14.8,3789.8,14.8,1,117.95,1.373,2.854,1.2285,2.92,0.278971962,3.542102794,-0.405089898,3.549274677,-0.391454979,-0.524494871,-0.54030666,0.185150057,-0.071788412,0.195225189,0.119070203,-0.092030506,-0.250990752,0.817748302,-0.370897053,-0.68649164,0.207898418,-0.536305188,-0.649223409,-0.537701419,1.323,24.75,2.793,2.793,0,3.675,91.027,2.2222,91.027,91.7865514,5.0794,-1.154578853,-0.129842408,2.8572,-1.119980635,0.488464984,-0.30606651,-1.339504678,Hypoxantha_E_Ibera,NA,-1.447041489,-1212.499088,1664.064539,-1868.914697,-339.1503516,1097.654001,-151.5552974,166.0110617,-358.2507902,-135.213582,-684.7154939,-244.9613272,-193.7304006,475.217021,-0.104948265,148.4184791,34.50981509,53.35290857,180.4955579,223.6987185,-152.5861208,120.5147875,-2.41E-11
C18_42_C.wav_Hypoxantha_simple_397,H:\Sporophila_vocalizations\M-F consolidated\converted_sound_files\C18_42_C.wav,Hypoxantha_final_kjochecked_CecilasImageCorrections.txt,Hypoxantha,E_Ibera,2019,simple,397,C18_42,C18_42_C.wav,D:/Sporophila_vocalizations/E_Ibera/2019/Hypoxantha,C18_42_C.wav_2416,NANANA,C18_42_C.wav,1,1,7294.175287,7294.289452,7294.121107,7294.355242,0.339252333,0.234134667,0.114165,7294.188832,7294.188832,7294.231402,3646.266667,4019.5,3847.266667,2473.533333,373.2333333,861.3333333,3847.233333,0.208391242,0.19033267,3273.033333,-64.26666667,4651.166667,39.56666667,2,116,1.490666667,3.396666667,1.248,3.377666667,0.339252336,3.838215617,0.377811727,3.839168157,0.433518335,0.471711295,0.321724714,1.450541632,1.052025446,0.234662742,0.138090031,-0.109606155,-0.233197886,0.846138157,0.252548293,0.002131632,0.250411847,0.122478268,-0.649223409,0.789650212,2.156,28.80769231,3.185,2.989,-0.86975,3.969,100.297,2.2222,100.297,101.6405981,7.0635,0.332378761,0.927487819,4.8413,0.357277078,-0.148840589,-0.678472332,0.871807908,Hypoxantha_E_Ibera,NA,0.483452904,586.7604171,-1991.532852,-205.2372464,329.2088054,456.1750635,1569.665938,508.3703442,-5.08764635,-83.18107281,-87.49152452,242.6744823,58.23599413,128.3431658,174.1279892,136.8429065,62.55672253,-65.27390528,-86.10255782,379.4754833,5.535907594,136.4194385,7.28E-12
C18_42_C.wav_Hypoxantha_simple_398,H:\Sporophila_vocalizations\M-F consolidated\converted_sound_files\C18_42_C.wav,Hypoxantha_final_kjochecked_CecilasImageCorrections.txt,Hypoxantha,E_Ibera,2019,simple,398,C18_42,C18_42_C.wav,D:/Sporophila_vocalizations/E_Ibera/2019/Hypoxantha,C18_42_C.wav_2419,NANANA,C18_42_C.wav,1,1,7299.426867,7299.529422,7299.368817,7299.589407,0.328037333,0.220589667,0.102555,7299.508137,7299.508137,7299.481047,3646.266667,4019.5,3847.266667,2566.133333,373.2333333,832.6333333,3789.833333,0.040262887,0.114211065,3359.133333,-39.53333333,4507.6,9.866666667,1.333333333,117.1666667,1.467666667,3.302,1.261666667,3.298666667,0.328037383,3.824333635,0.429586443,3.830349709,0.459962454,0.416387828,0.12819096,0.957294942,0.720904622,0.216654578,0.126097751,0.617515367,0.736088683,0.833367237,0.127974766,-0.301053867,0.235415198,-0.435653291,-1.258620899,0.789650212,2.352,23.12857143,2.891,2.989,0.356666667,3.969,105.552,2.0635,105.552,106.922972,6.8651,0.332378761,0.730775217,4.8016,0.426515036,-0.305512326,-0.384784981,1.345647507,Hypoxantha_E_Ibera,NA,0.365103867,18.39124719,-2115.758949,-523.904868,90.99217039,-686.7546959,1071.244468,516.3052733,257.2755673,-696.6101423,-51.38477763,660.8957636,-64.12830327,369.8231326,-59.45040323,254.2561081,369.4981834,-81.97443601,-411.6399462,485.0275694,-227.9926693,176.222801,4.97E-12
C18_42_C.wav_Hypoxantha_simple_399,H:\Sporophila_vocalizations\M-F consolidated\converted_sound_files\C18_42_C.wav,Hypoxantha_final_kjochecked_CecilasImageCorrections.txt,Hypoxantha,E_Ibera,2019,simple,399,C18_42,C18_42_C.wav,D:/Sporophila_vocalizations/E_Ibera/2019/Hypoxantha,C18_42_C.wav_2422,NANANA,C18_42_C.wav,1,1,7305.599505,7305.688515,7305.533715,7305.746565,0.337383333,0.212849667,0.08901,7305.630465,7305.630465,7305.64014,3646.266667,3904.666667,3761.133333,2619.066667,258.4,717.7666667,3789.833333,0.040262887,0.205556991,3273.033333,-44.5,4565.033333,24.7,1.333333333,119.7666667,1.468666667,3.096,1.250666667,3.702,0.337383178,3.809913779,0.257060298,3.810085017,0.440824333,0.28228425,-0.173137323,1.956039288,2.466407852,0.239179213,0.116909655,1.332471614,1.442594999,0.81037658,0.204970185,-0.834536763,0.208364039,-0.477193164,-0.953922154,0.945809227,2.352,31.31965812,2.695,2.695,0,3.871,111.71,1.9048,111.71,113.0163832,7.1032,0.332378761,0.894702389,5.1984,0.26314749,-0.054890482,-0.830601398,0.7139225,Hypoxantha_E_Ibera,NA,0.326800082,-539.4839292,-2968.217479,-1546.8116,-1045.225991,-122.9611985,1831.995037,938.1498856,-72.05082784,-542.4958881,716.8556568,486.7996927,-785.1415946,50.13946489,267.3769436,-71.20107732,689.06996,66.44575372,-369.7990482,142.9908194,-14.70428097,140.0771662,9.82E-12
C18_43_A.wav_Hypoxantha_simple_401,H:\Sporophila_vocalizations\M-F consolidated\converted_sound_files\C18_43_A.wav,Hypoxantha_final_kjochecked_CecilasImageCorrections.txt,Hypoxantha,E_Ibera,2019,simple,401,C18_43,C18_43_A.wav,D:/Sporophila_vocalizations/E_Ibera/2019/Hypoxantha,C18_43_A.wav_2435,NANANA,C18_43_A.wav,1,1,7326.590344,7326.669679,7326.536164,7326.710314,0.259813,0.17415,0.079335,7326.613564,7326.613564,7326.627109,3560.133333,3818.533333,3703.7,1521.166667,258.4,602.9333333,3732.433333,-0.127865467,-0.053256466,3387.9,-14.8,4249.233333,4.933333333,0.666666667,104.8,1.647666667,2.915333333,1.276,3.033666667,0.259813084,3.73569734,-0.227907527,3.726625256,0.222352933,0.138957438,-0.0960184,0.572135437,0.558836597,0.193120645,0.105508309,-0.756732541,-0.747083515,0.871885851,-0.405125804,0.574619178,0.400217467,0.035325636,0.264872827,-0.303462896,1.176,26.66666667,3.283,3.283,0,3.871,12.976,2.4206,12.976,14.37503738,5.6746,0.332378761,-0.4658931,3.254,0.497502266,-0.664861024,0.735401292,0.397968309,Hypoxantha_E_Ibera,NA,0.10606971,-75.96122138,-550.9497598,1202.19409,734.9848986,1121.428259,-285.9779871,-127.8070194,102.1951861,-27.78594994,418.4247395,-85.78289798,-549.258886,289.4163809,-82.49996242,31.97941856,-87.71559162,170.0657121,-10.25335604,127.1017727,-82.89938934,87.52084766,5.28E-12
C18_43_A.wav_Hypoxantha_simple_403,H:\Sporophila_vocalizations\M-F consolidated\converted_sound_files\C18_43_A.wav,Hypoxantha_final_kjochecked_CecilasImageCorrections.txt,Hypoxantha,E_Ibera,2019,simple,403,C18_43,C18_43_A.wav,D:/Sporophila_vocalizations/E_Ibera/2019/Hypoxantha,C18_43_A.wav_2439,NANANA,C18_43_A.wav,1,1,7333.217706,7333.291236,7333.169331,7333.353156,0.296261667,0.183825,0.07353,7333.223511,7333.223511,7333.248666,3531.433333,3789.833333,3646.266667,1984.066667,258.4,545.5,3761.133333,-0.04380129,-0.007583503,3330.433333,-14.8,4191.8,9.866666667,1.333333333,108.8,1.634666667,2.956666667,1.27,3.858666667,0.296261682,3.699678636,0.004599129,3.683293499,0.071383581,-0.036813569,-0.237208345,0.761581626,1.292167983,0.204101372,0.103165691,-0.50774509,-0.649662959,0.857521012,-0.219472754,0.247256582,0.323733343,0.103673168,-0.344524664,0.16501415,1.666,21.70833333,3.381,3.283,-0.556240739,3.773,19.619,2.1429,19.619,20.9794486,5.9127,0.332378761,0.173422855,3.7698,0.399897781,-0.544419798,0.023381513,0.398151684,Hypoxantha_E_Ibera,NA,0.361298698,-164.3475505,-1134.373368,540.0417631,588.7965303,1071.30059,628.7096039,378.7095002,-160.470721,-206.906239,216.0249784,278.6307263,-354.3686755,243.5407221,196.5629331,-155.367769,-62.97028425,19.98471169,-60.60224925,-230.8449876,73.25557802,-31.53938561,-9.66E-12
C18_43_A.wav_Hypoxantha_simple_405,H:\Sporophila_vocalizations\M-F consolidated\converted_sound_files\C18_43_A.wav,Hypoxantha_final_kjochecked_CecilasImageCorrections.txt,Hypoxantha,E_Ibera,2019,simple,405,C18_43,C18_43_A.wav,D:/Sporophila_vocalizations/E_Ibera/2019/Hypoxantha,C18_43_A.wav_2449,NANANA,C18_43_A.wav,1,1,7348.568031,7348.701546,7348.527396,7348.755726,0.308411333,0.228329667,0.133515,7348.664781,7348.664781,7348.626081,3445.3,3904.7,3703.666667,1997.333333,459.3666667,746.4666667,3560.133333,-0.632543438,0.144659707,3301.733333,-14.8,4220.5,9.866666667,1.333333333,109.9333333,1.805333333,3.277333333,1.334333333,3.314666667,0.308411215,3.717579176,0.733156101,3.727425824,0.024034465,0.171123856,0.385292049,0.856229568,0.484411255,0.231067692,0.144807534,-0.664689561,-0.623784874,0.88746411,-0.010288106,0.955499091,0.469196375,0.250098199,-0.344524664,0.008855135,1.568,24.2037037,4.067,3.087,-2.898385965,3.871,35.002,2.2619,35.002,36.43214953,6.2302,0.332378761,0.386528171,3.9683,0.576195736,-0.528243831,0.183427404,1.029876691,Hypoxantha_E_Ibera,NA,0.979236275,169.2156951,-1450.935614,792.9258703,1526.892823,381.6647652,733.6171528,-222.7120684,544.888781,129.4449925,114.0585612,199.7956494,-104.3530955,40.75473025,328.421252,100.2623226,-729.0776594,-87.00529396,-40.01979703,81.35043647,-276.5884666,-75.87436966,-7.41E-13
C18_43_A.wav_Hypoxantha_simple_406,H:\Sporophila_vocalizations\M-F consolidated\converted_sound_files\C18_43_A.wav,Hypoxantha_final_kjochecked_CecilasImageCorrections.txt,Hypoxantha,E_Ibera,2019,simple,406,C18_43,C18_43_A.wav,D:/Sporophila_vocalizations/E_Ibera/2019/Hypoxantha,C18_43_A.wav_2452,NANAfaintfaint,C18_43_A.wav,1,1,7366.154728,7366.275182,7366.102483,7366.33178,0.278972,0.22929725,0.12045375,7366.191009,7366.191009,7366.214229,3531.45,4048.225,3832.875,2093.25,516.8,1184.325,3919.05,0.418746956,-0.11795983,3380.675,-70.475,4392.775,48.225,1.5,107.875,2.4595,3.77125,1.66825,4.03425,0.278971963,3.741874893,1.780096536,3.79968834,-0.108260024,0.448299307,1.354524424,0.519921883,-0.296035167,0.208776058,0.136695241,-0.389686028,-0.467154208,0.937270899,-0.338836017,2.101561541,0.651139625,-0.450543216,-0.649223409,0.16501415,1.764,35.13888889,3.675,3.528,-0.246082094,3.969,52.306,2.0635,52.306,54.19062617,5.9921,1.819336374,-0.129842403,3.9286,1.725725529,-0.894572924,0.219892796,1.345647507,Hypoxantha_E_Ibera,NA,0.719284226,1079.997428,-1965.467107,1511.952112,3022.65166,-1101.285088,-181.0811358,903.5843028,1074.017732,687.0938369,185.6135249,79.20772934,-318.0339835,164.5011505,148.9376491,218.0269623,221.3283407,505.8718349,215.4239823,188.8230952,-139.8749619,116.3629177,1.08E-11
C18_43_A.wav_Hypoxantha_simple_407,H:\Sporophila_vocalizations\M-F consolidated\converted_sound_files\C18_43_A.wav,Hypoxantha_final_kjochecked_CecilasImageCorrections.txt,Hypoxantha,E_Ibera,2019,simple,407,C18_43,C18_43_A.wav,D:/Sporophila_vocalizations/E_Ibera/2019/Hypoxantha,C18_43_A.wav_2456,NANANANA,C18_43_A.wav,1,1,7373.775227,7373.859399,7373.718628,7373.894229,0.24953275,0.175601,0.0841725,7373.821667,7373.821667,7373.82602,3660.625,4026.7,3789.85,2132.95,366.075,861.325,3832.9,0.166407971,-0.380579367,3316.1,-89.025,4371.25,77.9,1.5,110.175,2.151,3.279,1.4245,4.02675,0.249532711,3.85167814,1.400872291,3.864794067,0.387140761,0.690306107,0.969279545,-0.104608886,-0.617275414,0.177473462,0.111229018,-0.593580741,-0.645612997,0.908568602,-0.428021137,1.428695774,0.543329103,0.031795394,-0.192175291,0.399252673,1.764,22.37142857,4.116,3.087,-4.111383896,3.969,59.903,2.1032,59.903,61.82662617,6.0317,1.819336374,-0.646212977,3.9285,1.824370118,-0.952790133,0.722881303,1.503532915,Hypoxantha_E_Ibera,NA,1.280658579,1294.075387,-1650.420022,2613.508859,2284.195542,-1143.433146,-533.8327792,548.8937085,870.4598052,-5.860818223,67.8649049,5.262160316,-359.1981222,-94.28738924,295.8832629,251.8612518,-192.3398372,312.8637504,-109.7873017,195.7241196,-290.5951464,97.70556093,4.16E-12
C18_43_A.wav_Hypoxantha_simple_409,H:\Sporophila_vocalizations\M-F consolidated\converted_sound_files\C18_43_A.wav,Hypoxantha_final_kjochecked_CecilasImageCorrections.txt,Hypoxantha,E_Ibera,2019,simple,409,C18_43,C18_43_A.wav,D:/Sporophila_vocalizations/E_Ibera/2019/Hypoxantha,C18_43_A.wav_2467,NANANA,C18_43_A.wav,1,1,7397.51763,7397.61825,7397.480865,7397.678235,0.299065333,0.19737,0.10062,7397.531175,7397.531175,7397.550525,3617.566667,3990.8,3875.966667,2222.2,373.2666667,746.4666667,3933.4,0.460779045,-0.509986096,3158.2,-59.33333333,4536.3,24.7,3,110.1666667,2.053,3.187666667,1.356,4.058666667,0.29906542,3.770341992,1.189542448,3.771148185,0.095776955,0.386250766,0.785945146,0.511616455,0.272784532,0.20575778,0.123342508,-0.360631478,-0.423684109,0.88630597,-0.145957641,0.92239071,0.469612893,-0.410719062,-0.649223409,0.477332181,1.96,30.55909091,3.773,2.989,-2.469339967,4.067,83.961,2.3413,83.961,85.31270093,6.4286,0.332378761,0.222600999,4.0873,0.37777189,-0.409443285,-0.059205402,0.871807908,Hypoxantha_E_Ibera,NA,0.568763023,1039.631001,-1130.069523,277.5212338,1651.534763,-220.0731478,550.9979202,289.732876,577.9295882,-268.8612401,112.0079337,305.4151143,38.8411382,133.0915478,207.3247236,-240.6151668,241.9003948,478.5371979,-53.36948089,71.45583207,-144.5959353,98.66811604,-1.14E-11
C18_43_A.wav_Hypoxantha_simple_410,H:\Sporophila_vocalizations\M-F consolidated\converted_sound_files\C18_43_A.wav,Hypoxantha_final_kjochecked_CecilasImageCorrections.txt,Hypoxantha,E_Ibera,2019,simple,410,C18_43,C18_43_A.wav,D:/Sporophila_vocalizations/E_Ibera/2019/Hypoxantha,C18_43_A.wav_2470,NANANA,C18_43_A.wav,1,1,7403.465809,7403.537404,7403.427109,7403.607064,0.280374,0.179955,0.071595,7403.502574,7403.502574,7403.502574,3675,3933.4,3789.833333,1812.166667,258.4333333,631.6333333,3818.533333,0.124327064,0.19033267,3330.466667,-14.8,4249.233333,29.66666667,1,112.4666667,1.592666667,2.976666667,1.291,3.377333333,0.280373832,3.721618107,0.151728167,3.756337935,0.206461518,0.109747047,-0.13802235,-0.193432373,-0.026439091,0.182404985,0.105426081,-0.724919651,-0.787896541,0.869008411,-0.245726404,0.514522018,0.380321175,0.34045678,-0.344524664,-0.147303881,1.47,17.92592593,4.067,3.087,-3.115405797,3.969,89.92,2.381,89.92,91.27748598,5.754,0.332378761,-0.105253333,3.373,0.39240429,-0.458739843,0.23853033,0.556037092,Hypoxantha_E_Ibera,NA,0.254062938,266.6751356,-282.3794046,1066.349764,815.6585682,445.1936192,-106.2432355,94.10947683,149.4507912,-27.59823912,-491.5412643,334.1861949,-77.65280398,352.8382148,-117.0262957,124.6365717,-264.5912018,-57.5880051,21.76235855,-165.7460084,-122.8168476,-82.19431409,-7.31E-12
C18_43_B.wav_Hypoxantha_simple_412,H:\Sporophila_vocalizations\M-F consolidated\converted_sound_files\C18_43_B.wav,Hypoxantha_final_kjochecked_CecilasImageCorrections.txt,Hypoxantha,E_Ibera,2019,simple,412,C18_43,C18_43_B.wav,D:/Sporophila_vocalizations/E_Ibera/2019/Hypoxantha,C18_43_B.wav_2487,NANANA,C18_43_B.wav,1,1,7424.164463,7424.257343,7424.118023,7424.328938,0.323364333,0.210914667,0.09288,7424.207033,7424.207033,7424.212838,3560.133333,3847.266667,3703.7,2076.733333,287.1333333,689.1,3732.433333,-0.127865467,0.022865139,3273.033333,-64.26666667,4651.166667,39.56666667,2.666666667,113.0333333,1.411666667,3.116666667,1.249333333,3.542666667,0.323364486,3.736673158,-0.348759911,3.727833477,0.169053115,0.043855501,-0.229625857,1.298693202,1.511516141,0.219825954,0.114905103,-0.917832034,-0.834758453,0.842999165,0.140835221,-0.076294436,0.201154748,0.322283962,-0.039825918,0.633491196,1.862,23.91666667,4.557,3.381,-3.237979474,3.773,5.936,2.3413,5.936,7.25942056,7.0238,0.332378761,0.648811637,4.6825,0.306240969,-0.013428281,-0.546180332,0.555853717,Hypoxantha_E_Ibera,NA,0.805966925,71.38964015,-1313.997187,652.5598053,220.7306296,1455.83301,1758.822262,344.5254233,-421.0441226,-64.36795111,234.3956087,187.4203858,11.34365033,-187.4648376,355.307682,-114.7323968,-107.2187969,-361.5264622,-84.66691699,71.5778473,91.87495126,0.654859379,8.88E-13
C18_43_B.wav_Hypoxantha_simple_414,H:\Sporophila_vocalizations\M-F consolidated\converted_sound_files\C18_43_B.wav,Hypoxantha_final_kjochecked_CecilasImageCorrections.txt,Hypoxantha,E_Ibera,2019,simple,414,C18_43,C18_43_B.wav,D:/Sporophila_vocalizations/E_Ibera/2019/Hypoxantha,C18_43_B.wav_2494,NANA,C18_43_B.wav,1,1,7437.133776,7437.22085,7437.098946,7437.273095,0.2523365,0.17415,0.087075,7437.151191,7437.151191,7437.165703,3186.9,3445.3,3316.1,1726.2,258.4,473.7,3402.25,-1.094994048,0.418697485,3100.75,-14.8,3574.5,0,0,108.55,1.4545,2.713,1.291,2.4055,0.252336449,3.292282489,-0.381795168,3.31556886,-1.271331543,-1.216215539,-0.519892566,-0.517179786,-0.447327889,0.171951055,0.102618963,-0.228427766,-0.451763609,0.825115152,-0.545934931,-0.521894625,0.288382018,-1.384656994,-1.563319645,-1.006178465,1.323,15.85,2.499,2.793,1.13978261,3.528,19.16,2.1032,19.16,19.84372897,4.3651,-1.154578853,-0.597034833,2.2619,-1.311761984,0.998458176,-0.523149552,-1.813160903,Hypoxantha_E_Ibera,NA,-1.679123293,-2234.593783,3099.423149,-2291.488306,749.3203232,546.1399929,-139.6040057,540.0906198,-539.4919689,-383.1249826,-751.5974371,-143.7063943,-311.2926376,396.1919584,-83.74500216,62.66070534,31.37268794,116.8474417,44.5078873,35.6504444,-87.40561629,78.50032018,-8.45E-12
C18_43_B.wav_Hypoxantha_simple_416,H:\Sporophila_vocalizations\M-F consolidated\converted_sound_files\C18_43_B.wav,Hypoxantha_final_kjochecked_CecilasImageCorrections.txt,Hypoxantha,E_Ibera,2019,simple,416,C18_43,C18_43_B.wav,D:/Sporophila_vocalizations/E_Ibera/2019/Hypoxantha,C18_43_B.wav_2497,NANANA,C18_43_B.wav,1,1,7453.93051,7454.00404,7453.88407,7454.05435,0.280373667,0.17028,0.07353,7453.95373,7453.95373,7453.96534,3588.866667,3875.966667,3732.4,2169.333333,287.1333333,660.3333333,3789.833333,0.040262887,-0.388191528,3301.766667,-44.5,4478.933333,14.83333333,1,110.1333333,1.497,3.082333333,1.263,3.412666667,0.280373832,3.762125489,-0.134835227,3.752362735,0.22534018,0.15308908,-0.066221234,0.524942925,0.914306791,0.192055299,0.097984694,-0.866823961,-0.862293193,0.836612509,-0.183470581,-0.23873324,0.226000074,0.237113628,-0.344524664,0.477332181,1.862,19.87070707,4.263,3.479,-2.166225488,3.773,35.742,2.1825,35.742,36.85827103,6.8254,0.332378761,-0.105253333,4.6429,-0.217712388,0.394401109,-0.922454597,1.029876691,Hypoxantha_E_Ibera,NA,0.979465673,424.9521906,-286.2928424,964.5496215,220.0655626,634.4733056,2026.089107,429.1801534,70.13357056,-651.2009134,-12.74736126,306.2222949,-124.9723464,32.55722984,135.7651392,-131.4686264,-114.6866357,-78.60433023,-104.9574938,-7.839907107,19.35534099,-71.97881629,-9.01E-12
C18_43_B.wav_Hypoxantha_simple_421,H:\Sporophila_vocalizations\M-F consolidated\converted_sound_files\C18_43_B.wav,Hypoxantha_final_kjochecked_CecilasImageCorrections.txt,Hypoxantha,E_Ibera,2019,simple,421,C18_43,C18_43_B.wav,D:/Sporophila_vocalizations/E_Ibera/2019/Hypoxantha,C18_43_B.wav_2532,NANANANA,C18_43_B.wav,1,1,7509.823844,7509.90076,7509.791917,7509.961712,0.278972,0.16979625,0.07691625,7509.839807,7509.839807,7509.857222,3725.225,4112.825,3940.575,2182.525,387.6,839.8,4048.225,0.79710898,0.178914429,3316.1,-100.15,4586.575,129.8,2.5,109,1.99475,3.31975,1.373,4.02525,0.278971962,3.873626452,0.774253432,3.910344783,0.578456394,0.674739986,0.54416194,0.242220769,0.599921553,0.190330861,0.101972084,-0.704054634,-0.716769494,0.883777269,-0.242595604,0.858807741,0.435858932,0.327828643,-0.649223409,0.399252673,1.911,27.875,3.381,3.3075,-0.312083334,4.1895,91.308,2.1825,91.308,93.17880374,5.9127,1.819336374,-0.129842412,3.7302,1.690763784,-0.899153988,0.175540566,1.345647507,Hypoxantha_E_Ibera,NA,0.974953914,1052.147017,-2234.208879,2171.955569,1521.52962,-207.5290108,244.9631164,1006.101839,275.91802,61.64568322,-450.1906513,204.3748805,-539.9438234,185.5334253,-123.2692624,168.3143811,233.3827838,89.03540574,-29.9430989,-213.4324406,-50.43150011,-8.261149694,-7.69E-12
C18_43_B.wav_Hypoxantha_simple_422,H:\Sporophila_vocalizations\M-F consolidated\converted_sound_files\C18_43_B.wav,Hypoxantha_final_kjochecked_CecilasImageCorrections.txt,Hypoxantha,E_Ibera,2019,simple,422,C18_43,C18_43_B.wav,D:/Sporophila_vocalizations/E_Ibera/2019/Hypoxantha,C18_43_B.wav_2536,NANA,C18_43_B.wav,1,1,7521.541214,7521.605068,7521.474456,7521.645703,0.2327105,0.1712475,0.063855,7521.581849,7521.581849,7521.576044,3186.9,3359.15,3229.95,1388.85,172.25,732.1,3273.05,-1.473429299,1.651867486,2756.25,-14.8,3574.5,111.25,3,106.95,2.18,2.8935,1.5415,3.361,0.23271028,3.282002468,0.096602545,3.300425568,-1.535769652,-1.219853241,0.003953355,0.211504992,0.310308489,0.174664378,0.091567361,-0.391152253,-0.592631138,0.890769518,-0.615656293,1.005257118,0.526635568,-1.551059846,-1.106271527,-1.006178465,1.176,28.43333333,3.087,2.94,-0.616823529,3.381,103.531,2.1429,103.531,104.2123178,4.0476,-1.154578853,-0.941281888,1.9047,-1.317860787,0.940389548,-0.168511609,-1.181435896,Hypoxantha_E_Ibera,NA,-1.370689361,-2375.983188,2327.913625,-2122.962,1765.452897,1076.101301,173.8978694,-179.2513633,698.3156099,595.3556374,-556.7637772,-294.0312869,-1234.397541,553.887357,599.9515204,350.3531575,275.660607,-141.7344883,112.8723987,-19.97017237,51.07747646,58.19739836,2.29E-11
C18_43_B.wav_Hypoxantha_simple_423,H:\Sporophila_vocalizations\M-F consolidated\converted_sound_files\C18_43_B.wav,Hypoxantha_final_kjochecked_CecilasImageCorrections.txt,Hypoxantha,E_Ibera,2019,simple,423,C18_43,C18_43_B.wav,D:/Sporophila_vocalizations/E_Ibera/2019/Hypoxantha,C18_43_B.wav_2538,NANA,C18_43_B.wav,1,1,7530.605703,7530.675363,7530.567971,7530.730511,0.2285045,0.16254,0.06966,7530.634728,7530.634728,7530.634728,3229.95,3488.35,3316.1,1428.55,258.4,473.75,3359.2,-1.221090314,0.213169152,3143.85,-14.8,3660.65,0,0,105.35,1.594,2.7815,1.308,3.276,0.228504673,3.349486907,-0.478422885,3.350134492,-1.101797288,-1.135704396,-0.657578522,-0.805895563,-0.679425736,0.156133597,0.091018315,-0.836522124,-0.861246088,0.859019757,-0.605019155,0.265735499,0.376521555,-1.149285439,-0.649223409,-1.006178465,1.029,36.33333333,3.528,2.793,-3.253186739,3.528,112.642,2.4603,112.642,113.2897103,4.246,-1.154578853,-1.015049096,1.7857,-1.402865806,1.225742052,-0.411054463,-1.813344277,Hypoxantha_E_Ibera,NA,-1.816050018,-1662.770612,3891.78518,-1552.182914,915.0288397,1016.200369,-378.2981419,225.2740301,-345.7922928,193.0935223,-312.448814,-117.3458351,-419.1421693,351.5773726,86.71938337,157.1192291,-64.77200558,-27.49042518,-55.451423,25.63694966,-204.2043226,25.83692229,-7.76E-13
C18_43_B.wav_Hypoxantha_simple_424,H:\Sporophila_vocalizations\M-F consolidated\converted_sound_files\C18_43_B.wav,Hypoxantha_final_kjochecked_CecilasImageCorrections.txt,Hypoxantha,E_Ibera,2019,simple,424,C18_43,C18_43_B.wav,D:/Sporophila_vocalizations/E_Ibera/2019/Hypoxantha,C18_43_B.wav_2540,NANANANA,C18_43_B.wav,1,1,7538.319082,7538.413413,7538.279898,7538.468561,0.29299075,0.1886625,0.09433125,7538.349558,7538.349558,7538.351009,3682.175,4134.375,3962.075,2787.7,452.2,904.4,4048.25,0.797182207,-0.449088812,3165.4,-114.975,4651.175,114.975,2.5,110.7,1.8985,3.41725,1.31125,4.15725,0.292990654,3.899459156,1.421281698,3.908993667,0.587790212,0.83204901,0.92407223,0.767001171,0.977185703,0.213443994,0.118230989,-0.691804985,-0.748079953,0.882855073,-0.197460806,0.838853195,0.396319509,0.435466308,-0.877747468,1.219087504,2.499,24.83825758,3.087,3.675,1.938375392,4.1895,119.837,2.3016,119.837,121.6144299,6.6667,1.819336374,0.116048337,4.3651,1.454588823,-0.713555315,-0.303997339,1.345647507,Hypoxantha_E_Ibera,NA,0.779684858,1896.098547,-2518.233609,1489.979135,1780.830336,-214.6632146,904.3001962,1480.666372,140.4016255,-281.8866369,11.96430684,198.7864146,-468.5541742,202.2948463,320.712688,135.1064447,220.7489562,92.53814801,19.21827123,-97.11152025,-52.27045857,-65.17022354,-4.29E-12
C18_43_B.wav_Hypoxantha_simple_425,H:\Sporophila_vocalizations\M-F consolidated\converted_sound_files\C18_43_B.wav,Hypoxantha_final_kjochecked_CecilasImageCorrections.txt,Hypoxantha,E_Ibera,2019,simple,425,C18_43,C18_43_B.wav,D:/Sporophila_vocalizations/E_Ibera/2019/Hypoxantha,C18_43_B.wav_2544,NANANA,C18_43_B.wav,1,1,7547.309558,7547.375348,7547.266988,7547.433398,0.3,0.16641,0.06579,7547.334713,7547.334713,7547.338583,3732.4,3962.1,3875.966667,2460.3,229.6666667,602.9,3904.7,0.376714867,0.373024522,3244.333333,-54.36666667,4622.466667,118.7,1,112.7666667,1.704666667,3.095666667,1.289666667,3.807666667,0.3,3.823717767,0.476446422,3.831456379,0.488887189,0.368344145,-0.051891511,0.212819831,0.633743126,0.18495693,0.095983674,-0.518203855,-0.708290693,0.850247177,-0.040580002,0.084997374,0.303093121,-0.000378473,-0.649223409,0.789650212,2.156,18.84615385,2.989,3.185,0.832222221,3.969,129.119,2.1032,129.119,130.3661682,7.3016,0.332378761,0.238993726,5.1984,0.11337224,0.134189278,-0.575823455,0.871807908,Hypoxantha_E_Ibera,NA,0.64653082,696.5310293,-814.0855295,529.1498635,445.9614509,313.8312654,1244.92155,471.4518072,189.0160424,-287.0294971,-762.2385067,508.7163721,-100.5671173,142.3554337,408.8658169,138.3373158,260.1157065,-64.93954743,-324.6107914,-49.49226042,-111.4586887,-21.99340146,-4.77E-13
C18_43_B.wav_Hypoxantha_simple_426,H:\Sporophila_vocalizations\M-F consolidated\converted_sound_files\C18_43_B.wav,Hypoxantha_final_kjochecked_CecilasImageCorrections.txt,Hypoxantha,E_Ibera,2019,simple,426,C18_43,C18_43_B.wav,D:/Sporophila_vocalizations/E_Ibera/2019/Hypoxantha,C18_43_B.wav_2547,NANANA,C18_43_B.wav,1,1,7554.958598,7555.022453,7554.927638,7555.082438,0.280373667,0.1548,0.063855,7554.977948,7554.977948,7554.983753,3588.866667,3847.266667,3732.4,2539.666667,258.4,574.2333333,3789.833333,0.040262887,-0.205499676,3273.033333,-19.76666667,4277.933333,4.933333333,0.333333333,114.9333333,1.784,3.038,1.286666667,3.465333333,0.280373832,3.703299743,0.673879019,3.731888337,0.079241204,0.055384567,-0.019356622,0.355058875,1.146744662,0.192998944,0.09470535,-0.401362892,-0.543094531,0.85964416,-0.239644429,0.29531351,0.340815289,-0.250855376,-1.563319645,0.477332181,2.254,21.87222222,4.067,2.695,-3.510582631,3.871,136.715,2.1032,136.715,138.0268972,6.8651,0.332378761,-0.105253333,4.7619,0.277094365,-0.295980601,0.019108227,-0.07587129,Hypoxantha_E_Ibera,NA,-0.083333547,150.5892853,-760.0919888,-317.0148386,1275.332557,499.0908148,380.2738131,937.4966323,-401.2362457,-715.8991219,-269.6187586,498.3567599,-813.1678924,293.3142515,214.1766339,-199.9682754,110.8549213,108.3574876,-242.7425067,-259.6527703,-34.24763129,-63.1079871,1.09E-11
C18_43_B.wav_Hypoxantha_simple_428,H:\Sporophila_vocalizations\M-F consolidated\converted_sound_files\C18_43_B.wav,Hypoxantha_final_kjochecked_CecilasImageCorrections.txt,Hypoxantha,E_Ibera,2019,simple,428,C18_43,C18_43_B.wav,D:/Sporophila_vocalizations/E_Ibera/2019/Hypoxantha,C18_43_B.wav_2556,NANA,C18_43_B.wav,1,1,7580.99881,7581.196179,7580.955272,7581.262937,0.396729,0.3076645,0.19737,7580.995907,7580.995907,7581.05686,3703.7,4220.5,4048.25,2361.1,516.8,990.55,4220.5,1.301713724,-0.197887515,3316.1,-22.25,4651.15,7.4,1,108.25,1.789,3.641,1.3575,3.991,0.396728972,3.973626773,1.457246973,4.04243035,0.610761371,0.992776154,1.285155545,1.688709611,1.177233637,0.300472467,0.201624942,0.54161974,0.384524509,0.91404496,0.84162074,1.612609152,0.528309413,0.503721076,0.264872827,0.867729719,1.911,30.375,3.087,3.234,0.448119657,4.263,162.912,2.5397,162.912,163.9884206,6.1508,-1.154578853,1.935639898,3.6111,-0.318508109,-0.222503638,0.477069767,0.082197493,Hypoxantha_E_Ibera,NA,-0.385485267,2508.715273,-2447.55896,-2203.225947,597.962663,906.6304208,225.2893828,-999.9659711,575.4237219,844.9603266,617.8818369,340.8777801,328.8253531,-197.6071492,62.59726076,-208.5986712,406.9092006,413.0973103,161.2354912,-35.94118422,272.6203885,-38.76326182,-6.72E-12
C18_44.wav_Hypoxantha_simple_430,H:\Sporophila_vocalizations\M-F consolidated\converted_sound_files\C18_44.wav,Hypoxantha_final_kjochecked_CecilasImageCorrections.txt,Hypoxantha,E_Ibera,2019,simple,430,C18_44,C18_44.wav,D:/Sporophila_vocalizations/E_Ibera/2019/Hypoxantha,C18_44.wav_2561,NANANA,C18_44.wav,1,1,7632.859611,7632.971841,7632.799626,7633.039565,0.358878667,0.239939667,0.11223,7632.896376,7632.896376,7632.900246,3617.566667,3875.966667,3761.133333,2209,258.4,689.0666667,3818.533333,0.124327064,0.022865139,3158.2,-54.4,4421.466667,39.56666667,1.333333333,128.5666667,1.629333333,2.925666667,1.275,3.417666667,0.358878505,3.776234703,0.226245734,3.762957578,0.255156657,0.167045904,-0.090950746,1.476100683,1.46460048,0.242078516,0.13801004,0.291668665,0.025980076,0.842683858,0.429884841,-0.072236266,0.298778385,0.577481849,-0.039825918,0.633491196,1.862,19.5,3.283,2.989,-0.832222222,3.871,25.625,2.2619,25.625,27.11920561,6.7857,0.332378761,1.271734877,4.5238,0.738215872,-0.58664322,-0.236974193,0.871991283,Hypoxantha_E_Ibera,NA,0.404644009,251.7750036,-2569.690289,-75.63734761,-171.4719704,622.8586668,1055.164147,239.6982611,-305.2932705,100.6601223,555.8455496,392.7197858,280.7807683,88.12119426,246.1747487,225.7675936,-137.8177171,-124.5661854,101.5437351,-105.6959868,140.6624406,24.43271135,-7.00E-12
C18_44.wav_Hypoxantha_simple_431,H:\Sporophila_vocalizations\M-F consolidated\converted_sound_files\C18_44.wav,Hypoxantha_final_kjochecked_CecilasImageCorrections.txt,Hypoxantha,E_Ibera,2019,simple,431,C18_44,C18_44.wav,D:/Sporophila_vocalizations/E_Ibera/2019/Hypoxantha,C18_44.wav_2564,NANANA,C18_44.wav,1,1,7641.501304,7641.619339,7641.450994,7641.688999,0.354205667,0.238004667,0.118035,7641.541939,7641.541939,7641.547744,3588.866667,3818.533333,3761.1,2063.466667,229.6666667,602.9333333,3703.7,-0.21202728,-0.26639696,3330.433333,-133.5333333,4679.9,84.06666667,4.333333333,127.2,1.611333333,2.877333333,1.245333333,3.84,0.354205607,3.77924837,0.102007345,3.761933489,0.340727738,0.051691253,-0.555834299,1.704828396,1.82568096,0.250590904,0.139962229,1.151714303,1.369337178,0.832125649,0.393031122,-0.319760117,0.269561112,0.44946447,0.264872827,0.789650212,1.862,21.61111111,3.479,3.773,0.200158747,3.871,34.287,2.381,34.287,35.72520561,6.5079,0.332378761,1.189771285,4.1269,0.596572354,-0.432853846,-0.43903325,0.556037092,Hypoxantha_E_Ibera,NA,0.353307409,-219.2674642,-2759.791728,-789.3974007,-1285.053679,61.0356455,964.5282163,451.254432,-245.4675289,148.6445028,1432.606072,613.4194353,-91.88014878,-158.3276272,397.2168168,-50.67437502,-84.48735312,-230.6535565,-33.05593252,-12.21494831,-21.40391929,4.059783844,-1.73E-13
C18_44.wav_Hypoxantha_simple_432,H:\Sporophila_vocalizations\M-F consolidated\converted_sound_files\C18_44.wav,Hypoxantha_final_kjochecked_CecilasImageCorrections.txt,Hypoxantha,E_Ibera,2019,simple,432,C18_44,C18_44.wav,D:/Sporophila_vocalizations/E_Ibera/2019/Hypoxantha,C18_44.wav_2567,NANANA,C18_44.wav,1,1,7651.772264,7651.905779,7651.723889,7651.969633,0.355140333,0.245744667,0.133515,7651.778069,7651.778069,7651.814834,3560.166667,3847.266667,3732.4,2341.3,287.1,660.3666667,3818.533333,0.124327064,0.175108349,3301.733333,-44.5,4392.766667,9.866666667,1.333333333,127.6,1.498333333,2.978666667,1.254,3.403333333,0.355140187,3.743839079,0.205293196,3.76154415,0.214494171,0.08172464,-0.225242373,1.599828825,1.743696967,0.260089854,0.150950685,0.886984087,0.848254873,0.820197605,0.397893278,-0.597385132,0.235718949,0.11572491,-0.953922154,0.477332181,2.058,22.51111111,3.675,2.891,-1.39018939,3.871,44.554,2.0238,44.554,46.00861682,6.4683,0.332378761,1.206164006,4.4445,0.638082039,-0.455886817,-0.373539484,0.7139225,Hypoxantha_E_Ibera,NA,0.548433431,-491.1992558,-2876.784363,-852.2386177,-496.2947275,3.629276029,1251.296339,557.5524459,-329.8716341,-354.0049789,299.4582348,597.5288728,-168.2092785,-14.66276599,-19.44867397,-30.74329344,84.35320184,-14.75064316,30.93334819,-35.04692498,64.2494878,61.96179301,-3.34E-12
C18_44.wav_Hypoxantha_simple_434,H:\Sporophila_vocalizations\M-F consolidated\converted_sound_files\C18_44.wav,Hypoxantha_final_kjochecked_CecilasImageCorrections.txt,Hypoxantha,E_Ibera,2019,simple,434,C18_44,C18_44.wav,D:/Sporophila_vocalizations/E_Ibera/2019/Hypoxantha,C18_44.wav_2573,NANANA,C18_44.wav,1,1,7668.428711,7668.539006,7668.372596,7668.616406,0.359813,0.243809667,0.110295,7668.475151,7668.475151,7668.480956,3617.566667,3875.966667,3761.1,2579.4,258.4,602.9333333,3732.4,-0.127963103,0.6470623,3330.433333,-44.5,4478.9,69.26666667,2.666666667,130.7,1.526666667,2.88,1.241666667,3.841666667,0.359813084,3.780019119,0.147256331,3.77684887,0.39527824,0.154935423,-0.404110184,2.112986217,2.134714326,0.254125081,0.137881812,1.033381864,0.836945068,0.792132445,0.429257396,-1.251544624,0.191959505,0.557700469,-1.258620899,0.633491196,2.254,13.61538462,4.067,3.969,0.241365262,3.871,61.185,1.9841,61.185,62.68181308,6.9048,0.332378761,1.288127592,4.9207,0.744811088,-0.578825575,-0.237918816,0.555853717,Hypoxantha_E_Ibera,NA,0.53213029,-756.8802425,-3508.991551,-1096.883228,-949.3778343,366.7642034,1361.650769,685.9464616,-656.0727207,-664.0313878,-40.13990076,417.6679633,-482.0241683,-3.635552994,154.6034843,217.6047149,-251.0667249,-205.621071,167.5213063,72.25596355,53.943315,60.81385344,6.49E-12
C18_44.wav_Hypoxantha_simple_435,H:\Sporophila_vocalizations\M-F consolidated\converted_sound_files\C18_44.wav,Hypoxantha_final_kjochecked_CecilasImageCorrections.txt,Hypoxantha,E_Ibera,2019,simple,435,C18_44,C18_44.wav,D:/Sporophila_vocalizations/E_Ibera/2019/Hypoxantha,C18_44.wav_2576,NANANA,C18_44.wav,1,1,7681.826625,7681.938855,7681.77438,7682.004645,0.358878667,0.230264667,0.11223,7681.857585,7681.857585,7681.880805,3560.133333,3847.266667,3703.666667,2566.133333,287.1,660.3666667,3732.4,-0.127963103,0.449146127,3273.033333,-39.53333333,4450.166667,54.4,3,130.4333333,1.6,2.928,1.262666667,3.654333333,0.358878505,3.769776138,0.321661084,3.754555797,0.250459218,0.169780408,-0.074550385,2.050643567,2.158988648,0.252253687,0.135569397,1.831580326,2.591291995,0.802817304,0.394472507,-1.003484708,0.199443825,0.431555898,-1.563319645,0.633491196,2.352,14.57777778,2.891,2.891,0.073431372,3.773,74.555,1.8254,74.555,76.06297196,6.3492,0.332378761,1.271734877,4.5238,0.773035781,-0.684316677,-0.170715736,0.7139225,Hypoxantha_E_Ibera,NA,0.500582185,-930.0877643,-4057.306573,-1922.035484,-1245.163348,-868.2869495,983.991694,702.2618926,-74.73828452,-719.4382642,577.9732513,611.6707437,-818.4976667,-64.20307509,-257.7356725,-125.2911485,-8.378532923,-548.2348651,216.8743893,39.81066755,-85.88926042,27.3280133,5.51E-13
C18_44.wav_Hypoxantha_simple_436,H:\Sporophila_vocalizations\M-F consolidated\converted_sound_files\C18_44.wav,Hypoxantha_final_kjochecked_CecilasImageCorrections.txt,Hypoxantha,E_Ibera,2019,simple,436,C18_44,C18_44.wav,D:/Sporophila_vocalizations/E_Ibera/2019/Hypoxantha,C18_44.wav_2579,NANANA,C18_44.wav,1,1,7692.780639,7692.900609,7692.722589,7692.958658,0.342055667,0.236069667,0.11997,7692.854169,7692.854169,7692.848364,3588.866667,3875.966667,3703.666667,2380.966667,287.1,689.0666667,3588.833333,-0.54847926,0.829754152,3215.6,-14.8,4249.233333,59.33333333,1.333333333,124.8,1.574,2.966666667,1.251,3.545333333,0.342056075,3.793745713,0.325161687,3.753094382,0.292238638,0.230361621,-0.005218089,2.204332114,1.944057561,0.251302231,0.138522862,0.609867097,0.510923552,0.810571893,0.250096189,-0.827974782,0.211654957,0.374047407,-0.953922154,0.477332181,2.058,11.13383838,4.067,3.381,-1.592311654,3.773,85.522,2.2222,85.522,87.02136449,6.4683,0.332378761,0.976665969,4.2461,0.751264473,-0.67705471,0.030758561,0.871991283,Hypoxantha_E_Ibera,NA,0.401561193,-737.2740239,-3319.001884,-742.8402495,-277.1602646,564.7764608,1249.653786,364.0587545,-231.2750789,-519.1874369,133.0124371,7.495004355,-604.5414223,215.01394,298.9602158,495.931628,-301.6105488,-237.3033511,125.0940602,246.7274677,-145.9171424,80.41791558,6.43E-12
C18_44.wav_Hypoxantha_simple_437,H:\Sporophila_vocalizations\M-F consolidated\converted_sound_files\C18_44.wav,Hypoxantha_final_kjochecked_CecilasImageCorrections.txt,Hypoxantha,E_Ibera,2019,simple,437,C18_44,C18_44.wav,D:/Sporophila_vocalizations/E_Ibera/2019/Hypoxantha,C18_44.wav_2582,NANANA,C18_44.wav,1,1,7705.153005,7705.274909,7705.10463,7705.340699,0.360747667,0.236069667,0.121905,7705.15107,7705.15107,7705.20525,3588.866667,3875.966667,3761.133333,2486.766667,287.1,660.3333333,3875.966667,0.292553055,0.205556991,3273.033333,-54.36666667,4421.5,49.46666667,2.333333333,128.3,1.534333333,3.045333333,1.262333333,3.651333333,0.360747664,3.766781261,0.145287382,3.760873463,0.256516139,0.179429564,-0.062302812,2.166677862,2.265011028,0.259772214,0.141161683,0.237740906,0.083529026,0.821025675,0.435040444,-0.577412121,0.21139784,0.354561303,-1.258620899,0.321173166,2.058,11.06324786,3.871,4.263,1.059163165,3.871,97.896,2.2222,97.896,99.40440187,6.6667,0.332378761,1.304520307,4.4445,0.774123164,-0.630104982,-0.195635753,0.556037092,Hypoxantha_E_Ibera,NA,0.466690584,-322.949502,-3221.537902,-711.754173,64.42033415,1002.102597,1509.310532,618.6268236,-738.8157056,-453.0716981,91.27354669,392.7693556,-353.3609802,56.1127648,-209.6493023,-52.75540903,-42.72636089,86.90547679,250.5077106,-55.91624829,137.1304094,87.98273373,-2.33E-11
C18_44.wav_Hypoxantha_simple_439,H:\Sporophila_vocalizations\M-F consolidated\converted_sound_files\C18_44.wav,Hypoxantha_final_kjochecked_CecilasImageCorrections.txt,Hypoxantha,E_Ibera,2019,simple,439,C18_44,C18_44.wav,D:/Sporophila_vocalizations/E_Ibera/2019/Hypoxantha,C18_44.wav_2588,NANA,C18_44.wav,1,1,7722.556361,7722.660851,7722.512823,7722.715998,0.310528,0.203175,0.10449,7722.608606,7722.608606,7722.611508,3316.1,3488.35,3445.3,1388.95,172.25,387.6,3445.3,-0.968897782,0.624225818,3143.8,-14.8,3660.6,7.4,0.5,131.7,1.427,2.4435,1.233,2.8145,0.310528037,3.429421342,-1.205204911,3.446015873,-0.693726528,-0.960255402,-1.035481395,1.695461877,1.989546485,0.231169853,0.117564029,0.440695454,0.067199002,0.786192607,-0.133794527,-1.41345057,0.144208444,-0.647699994,-0.649223409,-0.771939942,1.176,15.76666667,3.381,3.234,-0.472342341,3.528,115.56,2.1825,115.56,116.377215,4.3651,-1.154578853,0.423657675,2.1826,-0.974129417,0.413812668,-0.358515499,-1.655275495,Hypoxantha_E_Ibera,NA,-1.514672405,-2628.540908,367.9709509,-2687.276854,-1099.51354,2213.138269,767.6073222,356.3525555,-1200.195118,-254.0553321,412.5392925,-331.8157275,-666.9776963,297.1774037,-53.70899766,37.36189876,61.33815162,144.9292137,197.4860809,47.35697971,217.9710293,103.3883974,-2.83E-11
C18_44.wav_Hypoxantha_simple_440,H:\Sporophila_vocalizations\M-F consolidated\converted_sound_files\C18_44.wav,Hypoxantha_final_kjochecked_CecilasImageCorrections.txt,Hypoxantha,E_Ibera,2019,simple,440,C18_44,C18_44.wav,D:/Sporophila_vocalizations/E_Ibera/2019/Hypoxantha,C18_44.wav_2590,NANA,C18_44.wav,1,1,7730.004161,7730.102846,7729.969331,7730.172506,0.3,0.203175,0.098685,7730.012869,7730.012869,7730.038991,3316.1,3488.35,3445.3,1865.1,172.25,344.55,3445.3,-0.968897782,0.80691767,3143.8,-14.8,3703.7,29.65,2,130.65,1.4595,2.3415,1.2255,3.2595,0.3,3.432772608,-0.745504107,3.456314628,-0.631065627,-0.938190919,-1.105869974,0.705640949,1.086560433,0.215715847,0.118515695,1.517451756,1.055109048,0.75928281,-0.228374366,-2.044992169,0.164733396,-0.68608441,-1.563319645,-0.537701419,1.617,18.48333333,2.94,2.94,0.110060354,3.528,123.047,2.1825,123.047,123.826215,4.5635,-1.154578853,0.238993711,2.381,-1.070244662,0.714463705,-0.52162016,-1.655275495,Hypoxantha_E_Ibera,NA,-1.576421251,-2740.614596,691.3834468,-3414.342084,-1683.263495,461.740452,270.2912284,738.4033724,-954.075662,-851.9448422,-334.6514406,15.22879149,-693.3121331,272.1476744,-93.26197271,273.2904994,12.63546491,37.62254025,63.1989901,-9.425488268,123.7508264,60.43943178,2.14E-11
C18_44.wav_Hypoxantha_simple_444,H:\Sporophila_vocalizations\M-F consolidated\converted_sound_files\C18_44.wav,Hypoxantha_final_kjochecked_CecilasImageCorrections.txt,Hypoxantha,E_Ibera,2019,simple,444,C18_44,C18_44.wav,D:/Sporophila_vocalizations/E_Ibera/2019/Hypoxantha,C18_44.wav_2603,NANA,C18_44.wav,1,1,7773.355817,7773.457404,7773.312279,7773.515454,0.2929905,0.203175,0.1015875,7773.399354,7773.399354,7773.408062,3273.05,3445.3,3402.2,1567.45,172.25,387.6,3359.15,-1.221236767,0.80691767,3143.8,-14.8,3531.4,7.4,1.5,127.45,1.422,2.3675,1.2475,2.9985,0.292990654,3.384677741,-0.908253837,3.396042403,-0.858998859,-1.092439742,-1.037361111,0.873149691,0.796415624,0.21036714,0.11843841,1.495353381,1.41568121,0.778128772,-0.224074484,-1.605740143,0.200425018,-0.826940946,-0.649223409,-0.537701419,1.323,19.675,3.969,3.381,-1.91425028,3.528,166.409,2.3413,166.409,167.1860374,4.5635,-1.154578853,0.116048341,2.2222,-1.075752496,0.883872865,-0.407635825,-1.497206712,Hypoxantha_E_Ibera,NA,-1.441190713,-2868.386956,901.7124572,-3140.671918,-1778.88269,340.4249964,167.9245954,306.9830136,-514.6922361,-331.9929229,339.8285326,-135.2385354,-575.6825628,3.016551513,118.4254683,306.850205,138.6050603,-157.3528443,171.5714649,239.7779066,74.63500853,111.3039261,-5.08E-12
C18_47.wav_Hypoxantha_simple_445,H:\Sporophila_vocalizations\M-F consolidated\converted_sound_files\C18_47.wav,Hypoxantha_final_kjochecked_CecilasImageCorrections.txt,Hypoxantha,E_Ibera,2019,simple,445,C18_47,C18_47.wav,D:/Sporophila_vocalizations/E_Ibera/2019/Hypoxantha,C18_47.wav_2605,noicenoicenoice,C18_47.wav,1,1,7972.466927,7972.544327,7972.403073,7972.613987,0.299065333,0.210915,0.0774,7972.482407,7972.482407,7972.505627,3531.433333,3789.833333,3646.3,1666.666667,258.4333333,660.3333333,3761.133333,-0.04380129,0.34257588,3158.2,-14.8,4048.233333,34.6,4.666666667,132.5,1.847666667,3.165,1.308,3.340333333,0.29906542,3.639693628,0.230955364,3.641866616,-0.216844253,-0.120075494,0.132773171,0.755219958,0.259126564,0.204395794,0.122228664,-0.703075635,-0.566084605,0.908956498,-0.20415176,1.447311455,0.501247709,-0.009368852,-0.649223409,-0.303462896,1.47,25.0984127,3.969,3.773,-0.723698007,3.871,3.488,2.4206,3.488,4.879037383,5.5952,0.332378761,0.222600999,3.1746,0.477267478,-0.64511253,0.130123758,1.029876691,Hypoxantha_E_Ibera,NA,0.524948119,-159.9267883,-1044.509123,770.1520586,1692.941654,520.3077542,399.5351825,-64.16433198,699.7702218,430.8503687,-51.21472806,644.0237535,-144.1931187,441.8436517,-180.7523129,-41.86994715,-213.3489579,-120.4778607,259.5281087,167.3591618,22.90100612,43.04822441,2.66E-12
C18_47.wav_Hypoxantha_simple_448,H:\Sporophila_vocalizations\M-F consolidated\converted_sound_files\C18_47.wav,Hypoxantha_final_kjochecked_CecilasImageCorrections.txt,Hypoxantha,E_Ibera,2019,simple,448,C18_47,C18_47.wav,D:/Sporophila_vocalizations/E_Ibera/2019/Hypoxantha,C18_47.wav_2619,NANANANA,C18_47.wav,1,1,8003.218855,8003.310284,8003.184025,8003.359626,0.2320095,0.17560125,0.09142875,8003.269649,8003.269649,8003.252234,3208.425,3509.9,3423.775,1547.6,301.475,732.125,3402.225,-1.095067275,0.304515078,2971.6,-74.2,3746.775,77.9,5,113.35,2.21975,3.25075,1.45525,3.52525,0.232009346,3.303280893,0.689818581,3.350086664,-1.471313882,-1.009639563,0.406841948,-0.82954433,-1.007489609,0.167404354,0.108249416,0.209521745,0.083780837,0.921544386,-0.363380068,1.733526444,0.62912855,-0.991785274,-1.334795586,-1.123297727,1.176,24.3,3.0135,2.5725,-2.249518707,3.6015,33.997,2.0238,33.997,35.90902804,5.0397,1.819336374,-0.95357642,3.0159,1.795034403,-1.136622893,0.910576118,0.7139225,Hypoxantha_E_Ibera,NA,1.751713399,-2113.848903,-693.0460944,1981.806484,3107.998973,-2290.377728,-1118.292486,324.7926024,861.6399371,364.0575805,-136.3861406,381.0174183,-574.0713933,-254.8145015,116.4553129,-342.403316,-576.4561231,66.69626645,127.7089344,-233.54252,255.2550416,-43.59088358,-5.93E-12
C18_47.wav_Hypoxantha_simple_451,H:\Sporophila_vocalizations\M-F consolidated\converted_sound_files\C18_47.wav,Hypoxantha_final_kjochecked_CecilasImageCorrections.txt,Hypoxantha,E_Ibera,2019,simple,451,C18_47,C18_47.wav,D:/Sporophila_vocalizations/E_Ibera/2019/Hypoxantha,C18_47.wav_2636,NANA,C18_47.wav,1,1,8050.935862,8051.025839,8050.89813,8051.095499,0.2845795,0.19737,0.0899775,8050.96779,8050.96779,8050.979399,3789.85,4306.65,4048.25,1825.4,516.8,904.4,4134.35,1.049374739,-0.357742886,3445.3,-22.25,4608.1,22.25,3.5,122.85,1.8505,3.32,1.45,3.0285,0.284579439,3.948229447,0.885324324,4.005643213,0.80126883,0.983386589,0.877322597,0.050137998,0.029295616,0.189884245,0.111892739,-0.247351188,-0.142599417,0.895828423,-0.332407505,1.135936158,0.534681483,1.151888865,0.264872827,0.16501415,1.47,28.41666667,3.969,3.969,-0.265727095,3.822,82.197,2.4206,82.197,83.08335514,5.6349,-1.154578853,-0.03148611,3.2143,-0.799249792,-0.267016456,0.80660777,0.555853717,Hypoxantha_E_Ibera,NA,0.075569351,2363.196288,-364.5370392,-221.7513882,290.9670778,663.0629441,-459.5817978,-1145.246179,1294.456083,-333.4789623,-61.20604269,236.3469569,-252.0838055,255.8609722,-341.2550897,-280.4222865,-299.010802,247.5912975,285.1770108,-268.7804396,21.32913643,-148.3642621,6.74E-12
C18_5 - Hypoxantha.wav_Hypoxantha_simple_457,H:\Sporophila_vocalizations\M-F consolidated\converted_sound_files\C18_5 - Hypoxantha.wav,Hypoxantha_final_kjochecked_CecilasImageCorrections.txt,Hypoxantha,E_Ibera,2018,simple,457,C18_5,C18_5 - Hypoxantha.wav,D:/Sporophila_vocalizations/E_Ibera/2018/Hypoxantha,C18_5 - Hypoxantha.wav_2648,NANANANA,C18_5 - Hypoxantha.wav,1,1,8165.741123,8165.849966,8165.690329,8165.91237,0.372196,0.222041,0.10884375,8165.758538,8165.758538,8165.787563,3897.5,4414.325,4155.9,3045.625,516.825,1033.6,4328.175,1.617100842,-0.72312659,3402.225,-25.975,5103.35,18.525,3,119.6,1.62575,3.663,1.25825,3.94375,0.372196262,4.129500117,0.942672872,4.111676753,1.300257958,1.46890632,1.102068105,2.162753935,2.030717556,0.25426019,0.13990636,-0.79205289,-0.813301962,0.870898515,0.544256449,0.591252069,0.251938656,1.521958793,-0.42069935,1.804683812,2.7195,28.7625,4.3365,3.969,-0.817174832,4.1895,8.244,2.1429,8.244,10.46525234,6.8651,1.819336374,1.50533109,4.7222,2.577170419,-1.297875298,0.103509414,1.187762099,Hypoxantha_E_Ibera,NA,0.856635161,2969.479927,-4876.724684,1518.181649,1147.365253,1028.362923,986.6615564,1420.391496,-909.7425348,3.669376992,413.4088247,76.79365314,-3.69693306,-298.7372495,-142.8083676,102.0641725,110.1380364,-160.586862,190.4739533,-18.71279164,272.2182115,299.9018865,9.57E-12
C18_5 - Hypoxantha.wav_Hypoxantha_simple_458,H:\Sporophila_vocalizations\M-F consolidated\converted_sound_files\C18_5 - Hypoxantha.wav,Hypoxantha_final_kjochecked_CecilasImageCorrections.txt,Hypoxantha,E_Ibera,2018,simple,458,C18_5,C18_5 - Hypoxantha.wav,D:/Sporophila_vocalizations/E_Ibera/2018/Hypoxantha,C18_5 - Hypoxantha.wav_2652,NANANA,C18_5 - Hypoxantha.wav,1,1,8172.152733,8172.264962,8172.125643,8172.350102,0.385046667,0.224459667,0.11223,8172.148863,8172.148863,8172.193367,3818.533333,4277.933333,4048.233333,2843.933333,459.3666667,976.2,4306.6,1.553906256,-0.72312659,3244.333333,-29.66666667,4966.966667,4.933333333,2,120.3666667,1.552666667,3.633666667,1.252,3.807,0.385046729,3.994594538,0.518773426,3.983596937,0.899049865,0.990601836,0.698499414,1.724543495,2.078339573,0.256687487,0.141468449,-0.989578738,-0.893787956,0.862815648,0.684841776,0.408884434,0.191040334,0.817233448,-0.649223409,1.570445289,2.646,40.45555556,4.067,2.793,-3.348798507,4.067,14.991,2.1032,14.991,16.6257757,6.6667,0.332378761,1.730730945,4.5635,1.093766625,-0.952790133,0.06175114,0.871807908,Hypoxantha_E_Ibera,NA,0.125422854,2386.639419,-3377.245995,152.396418,967.5620538,1704.98728,1175.949176,543.5690826,-970.5787864,-364.4284428,238.3098869,460.1154491,420.7062972,174.0991673,-227.5926956,-198.1914965,561.9830138,-163.0524519,-15.23871484,-157.9974539,228.2676942,171.2714098,1.10E-11
C18_5 - Hypoxantha.wav_Hypoxantha_simple_459,H:\Sporophila_vocalizations\M-F consolidated\converted_sound_files\C18_5 - Hypoxantha.wav,Hypoxantha_final_kjochecked_CecilasImageCorrections.txt,Hypoxantha,E_Ibera,2018,simple,459,C18_5,C18_5 - Hypoxantha.wav,D:/Sporophila_vocalizations/E_Ibera/2018/Hypoxantha,C18_5 - Hypoxantha.wav_2655,NANA,C18_5 - Hypoxantha.wav,1,1,8177.52525,8177.641349,8177.475907,8177.711009,0.353271,0.235102,0.1161,8177.574592,8177.574592,8177.571689,3617.55,4005.15,3832.9,2877,387.6,947.45,3832.9,0.166407971,-0.631780664,3143.8,-29.65,4737.3,7.4,0.5,119.1,1.411,3.565,1.243,3.212,0.353271028,3.825030614,0.170153438,3.820375303,0.345305098,0.405185781,0.330928986,1.192124868,1.295020875,0.239773138,0.138785625,-0.64962564,-0.77116882,0.835441272,0.363190944,-0.243535415,0.150523736,0.542171049,-1.563319645,1.101968242,2.646,21.9,4.263,3.234,-2.305949074,3.822,20.658,2.0238,20.658,21.63873832,6.627,-1.154578853,1.173378579,4.6032,-0.560521843,-0.041812284,0.392683572,1.029693316,Hypoxantha_E_Ibera,NA,0.224964319,1044.667276,-1435.574885,-968.0052253,788.6297088,1380.884685,1483.797093,-588.4179536,-380.8301159,-1700.664024,-183.85259,834.1473173,280.9411082,224.2377108,-173.860489,65.03737361,-226.5021593,-372.3982407,-191.8874904,181.2239393,190.1066775,-75.92397466,4.34E-12
C18_5 - Hypoxantha.wav_Hypoxantha_simple_460,H:\Sporophila_vocalizations\M-F consolidated\converted_sound_files\C18_5 - Hypoxantha.wav,Hypoxantha_final_kjochecked_CecilasImageCorrections.txt,Hypoxantha,E_Ibera,2018,simple,460,C18_5,C18_5 - Hypoxantha.wav,D:/Sporophila_vocalizations/E_Ibera/2018/Hypoxantha,C18_5 - Hypoxantha.wav_2657,NANA,C18_5 - Hypoxantha.wav,1,1,8183.266383,8183.370873,8183.199626,8183.455046,0.3504675,0.2554195,0.10449,8183.286701,8183.286701,8183.304116,3488.35,3875.95,3703.7,2023.85,387.6,1033.6,3789.85,0.040311705,-0.038032145,3100.75,-29.65,4651.2,59.35,2.5,117.45,1.4995,3.492,1.2515,2.656,0.35046729,3.746647712,0.142817743,3.726365645,0.036295481,0.103380928,0.188870047,1.421180675,1.381343797,0.251338134,0.148782286,-0.885012915,-0.804137433,0.877939197,0.323133744,0.747012602,0.289537383,0.324514641,0.264872827,0.633491196,1.764,38.25,4.41,3.381,-2.443146849,3.675,26.412,2.4206,26.412,27.33693458,6.2302,-1.154578853,1.124200426,3.8096,-0.701668944,0.286618798,-0.090512861,1.187762099,Hypoxantha_E_Ibera,NA,0.173589084,822.1279146,-940.5615702,-509.6334,599.7432929,1888.578762,1761.085615,-1062.758302,437.5341378,-36.10929683,562.847344,569.9586419,436.8644894,173.5938029,311.7594487,226.6949428,89.53436335,-305.5424979,36.93042187,-9.049050137,29.76897054,-57.87552337,6.77E-12
C18_5 - Hypoxantha.wav_Hypoxantha_simple_461,H:\Sporophila_vocalizations\M-F consolidated\converted_sound_files\C18_5 - Hypoxantha.wav,Hypoxantha_final_kjochecked_CecilasImageCorrections.txt,Hypoxantha,E_Ibera,2018,simple,461,C18_5,C18_5 - Hypoxantha.wav,D:/Sporophila_vocalizations/E_Ibera/2018/Hypoxantha,C18_5 - Hypoxantha.wav_2659,NANANA,C18_5 - Hypoxantha.wav,1,1,8188.075816,8188.174501,8188.044856,8188.244161,0.382243,0.199305,0.098685,8188.093231,8188.093231,8188.108711,3847.266667,4220.466667,4076.966667,2632.266667,373.2333333,890.0333333,4163.1,1.133585369,-0.555659059,3244.333333,-29.66666667,4938.266667,19.76666667,2,120.5,1.566,3.521333333,1.245666667,3.342666667,0.38224299,3.992762377,0.346162753,3.993549029,0.919670749,0.938725569,0.5254419,1.21272787,1.820598334,0.238309653,0.12777332,-1.094769099,-0.941551987,0.870081287,0.650481135,0.576916217,0.226439073,0.447128256,-0.649223409,1.101968242,2.352,58.94242424,3.773,3.577,-0.73504865,4.067,30.915,2.381,30.915,32.5417757,6.5873,0.332378761,1.681552783,4.2063,1.073531834,-0.937150621,0.063730352,0.871807908,Hypoxantha_E_Ibera,NA,0.029856154,1900.324344,-2879.503375,312.951734,1131.74892,1578.058526,967.2711356,418.8369137,-889.767769,-113.2235673,101.9192143,478.9130778,464.5778931,318.8153603,-405.6733835,-121.2065764,476.211255,-136.5559013,-436.6541764,-207.3065818,-1.162720657,98.04015551,-1.15E-11
C18_5 - Hypoxantha.wav_Hypoxantha_simple_465,H:\Sporophila_vocalizations\M-F consolidated\converted_sound_files\C18_5 - Hypoxantha.wav,Hypoxantha_final_kjochecked_CecilasImageCorrections.txt,Hypoxantha,E_Ibera,2018,simple,465,C18_5,C18_5 - Hypoxantha.wav,D:/Sporophila_vocalizations/E_Ibera/2018/Hypoxantha,C18_5 - Hypoxantha.wav_2683,NANA,C18_5 - Hypoxantha.wav,1,1,8223.027653,8223.155363,8222.992823,8223.248243,0.3714955,0.2554195,0.12771,8223.059581,8223.059581,8223.074093,3660.65,4048.25,3876,2500,387.6,904.4,3919.05,0.418746956,-0.449088812,3230,-66.75,4823.45,37.1,1,121.15,1.418,3.5285,1.2485,3.257,0.371495326,3.810930792,0.110124195,3.800604748,0.313706156,0.388024122,0.35112849,1.121057499,1.031204471,0.254222644,0.158028213,-1.026029694,-0.895031249,0.859842402,0.538033745,0.333356308,0.172372293,0.509998946,-0.649223409,0.867729719,2.205,10.67045455,3.381,3.234,-0.668672465,3.969,66.06,2.3016,66.06,67.28556075,6.5079,-1.154578853,1.493036536,4.2063,0.058719398,-0.96149629,2.398520078,0.871807908,Hypoxantha_E_Ibera,NA,0.028714052,1050.06333,-2118.099466,-254.5041838,1314.352248,2035.807742,-393.57568,-1689.641859,-540.1999429,-1373.396922,97.16851173,625.015655,565.2162634,-15.70593749,-195.1641512,154.4735219,119.3366906,-353.2515749,-70.6785462,204.4515804,102.7733391,-287.5731143,-9.03E-12
C18_5 - Hypoxantha.wav_Hypoxantha_simple_466,H:\Sporophila_vocalizations\M-F consolidated\converted_sound_files\C18_5 - Hypoxantha.wav,Hypoxantha_final_kjochecked_CecilasImageCorrections.txt,Hypoxantha,E_Ibera,2018,simple,466,C18_5,C18_5 - Hypoxantha.wav,D:/Sporophila_vocalizations/E_Ibera/2018/Hypoxantha,C18_5 - Hypoxantha.wav_2685,NAnoice,C18_5 - Hypoxantha.wav,1,1,8230.312914,8230.463844,8230.278084,8230.533504,0.36028,0.2554195,0.15093,8230.312914,8230.312914,8230.365159,3574.5,4134.35,3876,2202.35,559.85,1033.6,4091.3,0.923278473,-0.586107701,3186.9,-44.5,4737.3,7.4,1,126.1,1.407,3.6805,1.2515,2.755,0.360280374,3.851084241,0.846172354,3.803324293,0.17354595,0.565543543,1.083622189,1.002750954,0.699205296,0.250908033,0.160745444,-1.654679648,-1.085410133,0.895853432,0.439182486,1.170771924,0.334837401,0.334083062,0.264872827,0.867729719,1.911,33.35,4.557,3.675,-1.745283285,3.822,73.491,2.619,73.491,74.42995327,6.5476,-1.154578853,1.296323941,3.9286,-0.666210789,0.286618798,-0.144491232,1.029693316,Hypoxantha_E_Ibera,NA,0.37619315,2319.536992,-698.0101086,-290.9068042,1476.10525,1608.896186,1621.891478,-1055.409227,536.836669,-6.930383077,197.2524193,286.5389191,965.8144108,-111.1901157,88.88594822,-263.6954732,342.3484809,-117.9490812,192.7923316,-49.59511031,-197.6945618,-38.61719831,-1.37E-11
C18_50_A.wav_Iberaensis_simple_14,H:\Sporophila_vocalizations\M-F consolidated\converted_sound_files\C18_50_A.wav,Iberaensis_final_kjochecked_CecilasImageCorrections.txt,Iberaensis,E_Ibera,2019,simple,14,C18_50,C18_50_A.wav,D:/Sporophila_vocalizations/E_Ibera/2019/Iberaensis,C18_50_A.wav_852,NANANA,C18_50_A.wav,1,1,826.6671393,826.7135793,826.6323093,826.8180687,0.290773,0.18576,0.04644,826.6942293,826.6942293,826.6884243,3675,3904.7,3761.1,1481.5,229.7,689.0666667,3875.966667,0.292553055,1.195137856,3244.3,-39.6,4163.1,14.8,1,114.2,1.476333333,3.111,1.236,2.614333333,0.290772882,3.829427754,-0.52323393,3.845997062,0.532343736,0.368034319,-0.140278488,-0.240972579,0.570098381,0.19136085,0.103543908,-0.846665331,-0.553074896,0.883163763,-0.35267538,0.839216589,0.291415785,-0.308660114,0.264872827,-0.303462896,1.176,22.16666667,3.185,3.381,0.669092624,3.871,69.859,2.8819,69.859,71.6124861,4.5139,0.332378761,0.077148167,1.632,1.394026601,-1.37450696,1.994353276,-2.129115094,Iberaensis_E_Ibera,NA,-2.197303266,-205.5873002,-497.7159935,-66.85038035,767.3698694,2154.157636,-3273.241208,481.3089591,-1105.717499,1127.568642,-446.0498481,-890.4481753,-800.2737739,376.7855197,-349.3037458,230.566096,790.012722,-296.7830086,-555.5536137,-182.498147,-145.1994572,133.3847979,-5.32E-12
C18_50_A.wav_Iberaensis_simple_20,H:\Sporophila_vocalizations\M-F consolidated\converted_sound_files\C18_50_A.wav,Iberaensis_final_kjochecked_CecilasImageCorrections.txt,Iberaensis,E_Ibera,2019,simple,20,C18_50,C18_50_A.wav,D:/Sporophila_vocalizations/E_Ibera/2019/Iberaensis,C18_50_A.wav_815,NANANA,C18_50_A.wav,1,1,801.119384,801.163889,801.080684,801.281924,0.300024667,0.20124,0.044505,801.148409,801.148409,801.140669,3617.566667,3847.266667,3732.4,1678.233333,229.7,689.0666667,3875.966667,0.292553055,1.088567609,3158.2,-39.56666667,4105.666667,19.76666667,2.333333333,110.5333333,1.569,3.097,1.262,3.149333333,0.300024747,3.76250854,-0.11943889,3.798951113,0.398068873,0.241379408,-0.190629044,-0.156971157,0.604744348,0.204557536,0.116111137,-0.716066658,-0.712051434,0.877228619,-0.238806235,0.705805817,0.358123806,-0.630007341,-0.649223409,-0.303462896,1.47,24.46666667,3.283,3.381,0.297779988,3.871,44.658,2.5347,44.658,45.91510204,4.5486,0.332378761,0.239427782,2.0139,0.138498308,-0.260503685,-0.52836863,-1.971229685,Iberaensis_E_Ibera,NA,-1.750615324,-106.4635955,526.9580458,-1008.475951,648.851934,1488.225943,-790.5316498,1414.510723,-797.8759192,1373.188145,-1031.051573,-403.8066322,-622.0086056,649.673836,-212.1136723,-199.1850623,571.7832336,34.51817639,-568.2702263,-130.5967913,-142.236414,-10.3648257,-4.71E-13
C18_51_C.wav_Iberaensis_simple_7,H:\Sporophila_vocalizations\M-F consolidated\converted_sound_files\C18_51_C.wav,Iberaensis_final_kjochecked_CecilasImageCorrections.txt,Iberaensis,E_Ibera,2019,simple,7,C18_51,C18_51_C.wav,D:/Sporophila_vocalizations/E_Ibera/2019/Iberaensis,C18_51_C.wav_911,NANANA,C18_51_C.wav,1,1,993.566368,993.680533,993.514123,993.721168,0.252444,0.207044667,0.114165,993.645703,993.645703,993.632158,3158.2,3359.166667,3215.6,1469.933333,200.9666667,717.7666667,3330.433333,-1.305349762,1.149464893,2899.8,-118.7,3761.1,93.96666667,4.666666667,91.96666667,1.871,2.878,1.319666667,3.562666667,0.25244373,3.361458188,0.359394034,3.375828724,-1.297570796,-0.817245912,0.544256424,0.138614718,-0.451403158,0.195039368,0.125781315,-0.471503485,-0.384044872,0.899538465,-0.178134863,1.22843391,0.58758947,-1.721626382,-0.649223409,-0.771939942,1.176,26.83333333,3.185,3.087,-0.561721339,3.381,37.41,2.5,37.41,38.59927661,4.4792,0.332378761,-0.595153099,1.9792,-0.033055826,-0.095316129,-0.1677847,-1.339321304,Iberaensis_E_Ibera,NA,0.334916759,-1964.158216,966.2507756,-471.3335373,2269.154247,-204.2907141,-190.4853835,216.2768746,404.4013591,1143.576661,-512.7427458,-767.8193299,-607.0136279,-223.350323,798.3215862,-676.6467535,-25.10709633,61.35539712,-124.1292565,411.6880524,1.674382408,109.2529007,1.20E-11
C18_51_C.wav_Iberaensis_simple_8,H:\Sporophila_vocalizations\M-F consolidated\converted_sound_files\C18_51_C.wav,Iberaensis_final_kjochecked_CecilasImageCorrections.txt,Iberaensis,E_Ibera,2019,simple,8,C18_51,C18_51_C.wav,D:/Sporophila_vocalizations/E_Ibera/2019/Iberaensis,C18_51_C.wav_908,NANANA,C18_51_C.wav,1,1,963.295287,963.399777,963.258522,963.452022,0.245835333,0.1935,0.10449,963.291417,963.291417,963.330117,3215.6,3387.866667,3330.433333,1863.4,172.2666667,631.6333333,3330.466667,-1.305252127,1.210362177,2871.066667,-98.93333333,3789.833333,84.06666667,3.333333333,93.36666667,2.055666667,2.978666667,1.417,3.839,0.245835255,3.422856412,1.195549568,3.407772452,-1.217109749,-0.676842038,0.737936329,-0.565959742,-0.810802136,0.181084005,0.118355601,0.409589552,0.398227709,0.914765922,-0.424725163,1.572914005,0.628252347,-1.411094415,-0.649223409,-0.459621911,1.372,25.25555556,2.891,3.087,0.826139941,3.381,7.092,2.5,7.092,8.412695593,4.8958,0.332378761,-0.711067118,2.3958,0.299348578,-0.635126393,0.560165514,-1.497390087,Iberaensis_E_Ibera,NA,-0.560763625,-1483.003033,655.416698,-1078.142883,2233.639486,-1049.187217,-1846.341669,336.007887,741.2628461,1107.59938,-312.2214923,-727.370118,-803.2321903,147.6240529,1032.453598,-259.6145755,-22.69191945,-65.43232244,-158.9716713,14.78784364,-85.52891244,-12.35370553,-3.33E-12
C18_52_A.wav_Iberaensis_simple_5,H:\Sporophila_vocalizations\M-F consolidated\converted_sound_files\C18_52_A.wav,Iberaensis_final_kjochecked_CecilasImageCorrections.txt,Iberaensis,E_Ibera,2019,simple,5,C18_52,C18_52_A.wav,D:/Sporophila_vocalizations/E_Ibera/2019/Iberaensis,C18_52_A.wav_927,NANANA,C18_52_A.wav,1,1,1039.855348,1039.959837,1039.803103,1039.998537,0.259052333,0.195435,0.10449,1039.857283,1039.857283,1039.886308,3158.166667,3502.733333,3359.133333,1608.8,344.5333333,689.1,3445.3,-0.968897782,0.768856868,2756.233333,-143.4666667,3789.866667,113.7666667,5.333333333,117.0333333,1.642,2.982666667,1.263,3.656,0.259052204,3.442799969,0.204962904,3.48692048,-0.939633441,-0.609036259,0.350452058,-0.084473854,-0.009209523,0.194396427,0.117104492,0.52329618,0.761947824,0.869793802,-0.188076188,0.534404068,0.473921508,-1.569858844,-0.953922154,-0.771939942,1.274,27.23333333,2.793,2.695,-0.561721339,3.479,3.448,2.4306,3.448,4.605241696,4.5139,0.332378761,-0.479239086,2.0833,-0.11408329,0.040904889,-0.417392244,-1.497390087,Iberaensis_E_Ibera,NA,-0.103796448,-1938.246392,647.0666139,-1337.344867,1025.847833,-872.992373,-326.5590293,682.8354767,202.0971714,763.1987029,-220.6138826,-559.3835248,-866.8553671,-161.1996506,238.0837348,-741.3073951,184.260709,151.1373359,-298.9172104,126.8419533,15.6500438,32.82369636,-4.32E-12
C18_6 - Hypoxantha.wav_Hypoxantha_simple_471,H:\Sporophila_vocalizations\M-F consolidated\converted_sound_files\C18_6 - Hypoxantha.wav,Hypoxantha_final_kjochecked_CecilasImageCorrections.txt,Hypoxantha,E_Ibera,2018,simple,471,C18_6,C18_6 - Hypoxantha.wav,D:/Sporophila_vocalizations/E_Ibera/2018/Hypoxantha,C18_6 - Hypoxantha.wav_2715,NANANA,C18_6 - Hypoxantha.wav,1,1,8281.439384,8281.547744,8281.402619,8281.623209,0.273832,0.220589667,0.10836,8281.567094,8281.567094,8281.483889,3761.133333,4105.666667,3990.8,1719.566667,344.5333333,803.9,4076.933333,0.881197567,0.601389337,3273.066667,-98.9,4191.766667,103.8666667,5.666666667,111.5666667,1.685333333,3.007666667,1.296,3.064,0.273831776,3.750730301,0.601119733,3.79000257,0.206879788,0.353883496,0.479938822,-0.136142497,-0.322780418,0.194744675,0.123149773,-0.469130147,-0.497355406,0.876535811,-0.05102026,0.698490189,0.435277208,0.215990568,-0.649223409,-0.459621911,1.372,48.04761905,4.165,3.675,-1.801718212,4.165,20.451,2.1825,20.451,21.60328972,5.3571,0.332378761,-0.220002342,3.1746,-0.126608563,0.291173652,-0.654631887,1.029693316,Hypoxantha_E_Ibera,NA,1.64712658,654.5819803,-321.0019383,1071.100672,805.8136053,-547.4970656,1233.700148,-152.6987321,1131.049372,247.553707,-1337.119945,415.5377317,-203.7428729,-180.2171784,-317.1305778,-397.6527243,-123.0227805,378.7910704,356.3595739,-154.2465806,19.8350803,-51.75583588,1.07E-12
C18_6 - Hypoxantha.wav_Hypoxantha_simple_474,H:\Sporophila_vocalizations\M-F consolidated\converted_sound_files\C18_6 - Hypoxantha.wav,Hypoxantha_final_kjochecked_CecilasImageCorrections.txt,Hypoxantha,E_Ibera,2018,simple,474,C18_6,C18_6 - Hypoxantha.wav,D:/Sporophila_vocalizations/E_Ibera/2018/Hypoxantha,C18_6 - Hypoxantha.wav_2734,NANANA,C18_6 - Hypoxantha.wav,1,1,8329.235726,8329.35763,8329.202831,8329.41568,0.271962667,0.21285,0.121905,8329.251206,8329.251206,8329.26862,3818.533333,4392.766667,4249.2,2103.166667,574.2,1033.633333,4335.366667,1.638165704,0.083762423,3445.3,-84.06666667,4651.166667,93.96666667,2.666666667,109,1.885,3.677666667,1.393,3.346666667,0.271962617,3.987030009,1.468215337,4.045314085,0.874336263,1.263957672,1.441183934,0.114057806,-0.73590833,0.19936376,0.135274667,-1.088509039,-0.723526226,0.932252289,-0.399973861,1.981782756,0.594906896,0.107608244,-0.344524664,0.321173166,1.764,85.06507937,3.773,3.283,-1.928111934,4.459,68.142,2.1825,68.142,69.42039252,5.5952,0.332378761,-0.252787784,3.4127,0.192349371,-0.432853846,-0.020700826,1.187762099,Hypoxantha_E_Ibera,NA,1.052028059,2682.680484,-870.0469497,1270.722261,1979.175925,-215.1164477,210.6316362,-112.6618165,1714.945747,378.986833,-977.285647,216.2530145,-165.0795903,187.2215374,-267.989213,-543.190027,359.02884,536.5016287,197.9052491,345.8909609,-257.4294859,198.3454071,-1.01E-11
C18_6 - Hypoxantha.wav_Hypoxantha_simple_477,H:\Sporophila_vocalizations\M-F consolidated\converted_sound_files\C18_6 - Hypoxantha.wav,Hypoxantha_final_kjochecked_CecilasImageCorrections.txt,Hypoxantha,E_Ibera,2018,simple,477,C18_6,C18_6 - Hypoxantha.wav,D:/Sporophila_vocalizations/E_Ibera/2018/Hypoxantha,C18_6 - Hypoxantha.wav_2752,NANAnoice,C18_6 - Hypoxantha.wav,1,1,8379.412113,8379.518537,8379.371478,8379.578522,0.278504333,0.207044667,0.106425,8379.425658,8379.425658,8379.456618,3560.133333,3962.1,3818.533333,1613.8,401.9666667,861.3333333,3875.966667,0.292553055,-0.205499676,3215.6,-44.5,4191.766667,29.66666667,0.666666667,113.7,1.458333333,3.295666667,0.951333333,2.714,0.278504673,3.693104342,0.214153998,3.739227247,-0.044872229,0.113101962,0.377131154,0.133372194,0.019431819,0.195157714,0.117345416,-1.169943188,-0.889511289,0.878637012,-0.038081298,0.748467949,0.428257271,0.200105168,-0.344524664,-0.459621911,1.274,28.05555556,3.479,3.283,-0.007904415,4.165,118.406,2.1825,118.406,119.5750935,5.3175,0.332378761,-0.138038768,3.135,-0.084106054,0.228443212,-0.64122725,0.7139225,Hypoxantha_E_Ibera,NA,1.036714436,527.106721,141.4059944,1114.080807,1190.99392,269.4909435,1282.590827,12.65836646,435.9096747,202.9976572,-379.8931824,200.027746,-9.705005968,-67.71227143,-366.3071932,-403.7039455,-320.8713378,159.0654577,268.5367041,-99.65247275,-104.7227314,-104.7885693,-5.78E-12
C18_7 - Hypoxantha.wav_Hypoxantha_simple_479,H:\Sporophila_vocalizations\M-F consolidated\converted_sound_files\C18_7 - Hypoxantha.wav,Hypoxantha_final_kjochecked_CecilasImageCorrections.txt,Hypoxantha,E_Ibera,2018,simple,479,C18_7,C18_7 - Hypoxantha.wav,D:/Sporophila_vocalizations/E_Ibera/2018/Hypoxantha,C18_7 - Hypoxantha.wav_2761,NANANA,C18_7 - Hypoxantha.wav,1,1,8409.013685,8409.13559,8408.96918,8409.201379,0.296261667,0.232199667,0.121905,8409.04271,8409.04271,8409.07754,3445.3,3904.7,3703.7,1547.666667,459.4,832.6333333,3847.266667,0.208488877,1.042894646,3215.6,-153.3333333,4220.5,148.3666667,11.66666667,113.5333333,2.425666667,3.417,1.612,3.244666667,0.296261682,3.663064513,0.529684222,3.65717885,-0.284539546,0.124576373,0.889347151,0.488761464,-0.151412981,0.205509832,0.130801485,-1.174004881,-0.851382124,0.921406676,-0.090949247,1.743289735,0.551044198,-0.20484,0.264872827,-0.303462896,1.176,34.05555556,3.087,3.283,0.832222221,3.969,9.537,2.2619,9.537,10.93913084,5.5556,0.332378761,0.173422855,3.2937,0.505326699,-0.489748036,0.224001148,-0.07587129,Hypoxantha_E_Ibera,NA,0.248216285,362.8459403,-497.5981997,654.014733,1951.281412,817.968877,-206.5365849,-207.8089758,748.9078028,1410.981923,-505.7661953,-513.4807067,-63.33270999,16.49222524,196.7293217,-173.6368887,154.865641,-123.8269109,303.2508073,120.3889456,-48.7749098,83.58194112,-2.15E-12
C18_7 - Hypoxantha.wav_Hypoxantha_simple_480,H:\Sporophila_vocalizations\M-F consolidated\converted_sound_files\C18_7 - Hypoxantha.wav,Hypoxantha_final_kjochecked_CecilasImageCorrections.txt,Hypoxantha,E_Ibera,2018,simple,480,C18_7,C18_7 - Hypoxantha.wav,D:/Sporophila_vocalizations/E_Ibera/2018/Hypoxantha,C18_7 - Hypoxantha.wav_2764,NANANA,C18_7 - Hypoxantha.wav,1,1,8418.787351,8418.903451,8418.737041,8418.96924,0.326168,0.232199667,0.1161,8418.783481,8418.783481,8418.843466,3474,3847.233333,3675,1798.933333,373.2666667,775.2,3875.966667,0.292553055,1.225586498,3244.333333,-19.76666667,4364.066667,173.1,2,124.4333333,1.679,3.228,1.326,3.380333333,0.326168224,3.68991666,0.125637191,3.674386413,-0.105537028,-0.074773357,0.023220825,1.136679004,0.830236182,0.226766866,0.134223676,-0.908292312,-0.828268637,0.872214549,0.175304761,0.608233045,0.342742183,0.242616088,0.569571572,0.16501415,1.372,16.58333333,3.283,3.871,2.247341539,3.871,19.304,2.5,19.304,20.69140187,6.2302,0.332378761,0.697989788,3.7302,0.468071996,-0.286387775,-0.278717471,0.397968309,Hypoxantha_E_Ibera,NA,1.003593813,-43.49916142,-1402.874655,869.8844963,547.8377592,1290.260244,1058.532371,-165.0192783,314.0915412,1047.48762,-480.8313724,-116.5331024,178.247408,-264.9070107,644.2265849,-102.3300201,116.4002489,-238.9388106,427.1325522,-52.74555154,37.26172201,40.58018112,4.00E-12
C18_7 - Hypoxantha.wav_Hypoxantha_simple_482,H:\Sporophila_vocalizations\M-F consolidated\converted_sound_files\C18_7 - Hypoxantha.wav,Hypoxantha_final_kjochecked_CecilasImageCorrections.txt,Hypoxantha,E_Ibera,2018,simple,482,C18_7,C18_7 - Hypoxantha.wav,D:/Sporophila_vocalizations/E_Ibera/2018/Hypoxantha,C18_7 - Hypoxantha.wav_2768,NANANA,C18_7 - Hypoxantha.wav,1,1,8431.568001,8431.678296,8431.521561,8431.74602,0.329906667,0.224459667,0.110295,8431.589286,8431.589286,8431.616376,3531.466667,3875.933333,3703.7,1772.5,344.5666667,717.8,3818.533333,0.124327064,-0.11415375,3186.9,-24.7,4364.033333,14.83333333,2.333333333,123.9666667,1.679666667,3.172666667,1.272,3.085666667,0.329906542,3.711673271,-0.034947948,3.702391781,-0.019660266,0.031531134,0.119552943,0.825669808,0.594250168,0.219674986,0.131419248,-0.947102978,-0.821795254,0.875112246,0.238793022,0.678534235,0.371345149,0.285462992,-0.039825918,0.16501415,1.568,17.83333333,3.479,3.283,-0.626732342,3.871,32.065,2.7381,32.065,33.52063551,6.3492,0.332378761,0.763560653,3.6111,0.640658663,-0.418267082,-0.004282403,0.398151684,Hypoxantha_E_Ibera,NA,0.824964009,305.0122932,-1187.356274,860.2051192,1026.949619,954.5668938,733.524476,-7.629103384,-215.10592,355.1719417,83.51621464,232.4826565,381.0471755,-265.3062896,19.78459934,-292.3359562,-256.5220876,-173.7455649,96.38407783,36.51560662,96.43828777,28.33270546,1.15E-11
C18_8 - Hypoxantha.wav_Hypoxantha_simple_483,H:\Sporophila_vocalizations\M-F consolidated\converted_sound_files\C18_8 - Hypoxantha.wav,Hypoxantha_final_kjochecked_CecilasImageCorrections.txt,Hypoxantha,E_Ibera,2018,simple,483,C18_8,C18_8 - Hypoxantha.wav,D:/Sporophila_vocalizations/E_Ibera/2018/Hypoxantha,C18_8 - Hypoxantha.wav_2771,NANANANA,C18_8 - Hypoxantha.wav,1,1,8466.346655,8466.448243,8466.306021,8466.528061,0.3049065,0.222041,0.1015875,8466.368424,8466.368424,8466.393095,3682.175,3962.1,3811.375,1884.925,279.925,689.05,3897.475,0.35555237,1.035282485,3359.175,-25.95,4198.975,103.875,3.25,120.475,1.838,2.99225,1.35725,3.35375,0.304906542,3.787227227,0.30432029,3.792015424,0.349304463,0.246654289,-0.078957484,0.210234037,-0.08248092,0.20120453,0.125243808,0.022959898,-0.190166104,0.875804949,-0.067113878,0.680714361,0.427833191,0.571369067,0.264872827,0.282133412,1.5435,30.36363636,4.41,3.6015,-2.041074584,3.969,24.411,2.2619,24.411,26.10533645,6.4286,1.819336374,0.325055482,4.1667,1.244416513,-0.690337541,-0.723559271,0.556037092,Hypoxantha_E_Ibera,NA,1.262102366,231.1595703,-1714.85441,1775.931354,153.3901046,-550.423242,317.2109624,1030.926746,432.0018682,1292.382678,-687.8036415,103.5101767,33.75055735,-92.2386644,453.2003945,-48.71985724,-248.8426734,-219.1092523,148.2057372,48.88978072,174.0300485,-132.0720896,1.01E-11
C18_8 - Hypoxantha.wav_Hypoxantha_simple_484,H:\Sporophila_vocalizations\M-F consolidated\converted_sound_files\C18_8 - Hypoxantha.wav,Hypoxantha_final_kjochecked_CecilasImageCorrections.txt,Hypoxantha,E_Ibera,2018,simple,484,C18_8,C18_8 - Hypoxantha.wav,D:/Sporophila_vocalizations/E_Ibera/2018/Hypoxantha,C18_8 - Hypoxantha.wav_2775,NANANA,C18_8 - Hypoxantha.wav,1,1,8472.93048,8473.021425,8472.858885,8473.08915,0.284112333,0.230264667,0.090945,8472.96918,8472.96918,8472.97305,3474.033333,3818.533333,3646.266667,1798.933333,344.5333333,890.0333333,3703.7,-0.21202728,1.10379193,3244.3,-148.4,4277.933333,153.3,8.666666667,113.7,2.428333333,3.330333333,1.687,3.369666667,0.28411215,3.682908125,0.664121121,3.67677625,-0.323840473,0.183119758,1.116959656,0.317583232,0.09659154,0.195430085,0.116215931,-0.664779206,-0.636114407,0.910071257,-0.024352308,1.481783693,0.508139146,0.116189851,-0.039825918,-0.147303881,1.372,50.16666667,3.773,3.675,-0.448119658,3.871,31.267,2.4603,31.267,32.50056075,5.9921,0.332378761,-0.039682462,3.5318,0.078954189,0.167873229,-0.411909115,-0.07587129,Hypoxantha_E_Ibera,NA,0.512417519,401.5437403,-231.9518621,172.4036618,1570.71008,253.6181378,590.1364667,-24.60031899,927.2479511,1248.760236,-605.6881635,-609.4427647,-460.5740078,-134.7503164,366.2312924,-50.32219184,-241.3036394,-286.1354964,145.5530618,-87.76962053,194.4138872,-91.53121083,-1.64E-12
C18_8 - Hypoxantha.wav_Hypoxantha_simple_485,H:\Sporophila_vocalizations\M-F consolidated\converted_sound_files\C18_8 - Hypoxantha.wav,Hypoxantha_final_kjochecked_CecilasImageCorrections.txt,Hypoxantha,E_Ibera,2018,simple,485,C18_8,C18_8 - Hypoxantha.wav,D:/Sporophila_vocalizations/E_Ibera/2018/Hypoxantha,C18_8 - Hypoxantha.wav_2778,NANANA,C18_8 - Hypoxantha.wav,1,1,8480.6337,8480.740125,8480.581455,8480.80785,0.290654,0.226394667,0.106425,8480.654985,8480.654985,8480.68401,3474.033333,3818.533333,3674.966667,1838.6,344.5666667,803.9333333,3761.1,-0.043898926,0.449146127,3244.333333,-108.8,4105.666667,108.8,5.666666667,112.9333333,2.334666667,3.2,1.582333333,3.420333333,0.290654206,3.705010291,0.703108361,3.705817774,-0.138082549,0.093938126,0.516454805,0.446236993,0.064126645,0.206727699,0.128103374,-0.771920029,-0.711843462,0.89634321,-0.106058261,1.158220117,0.45090378,0.069079301,-0.344524664,-0.147303881,1.47,40.47222222,3.577,3.283,-1.165111109,3.871,38.939,2.381,38.939,40.2093271,6.1111,0.332378761,0.075066554,3.7301,0.171949113,-0.077066837,-0.329412162,0.082197493,Hypoxantha_E_Ibera,NA,0.632151711,368.5523911,-360.5245204,389.9038814,1484.090096,351.2663824,568.190498,179.5821817,552.8617929,697.7132501,-457.3481351,-32.80881187,-225.421639,-85.52937599,256.5510748,-242.5768924,-352.5653955,33.04869285,211.5613219,23.3443841,-68.62032094,-55.78304892,-2.14E-11
